1708328171.302201 -0.006267 0.002877 -0.001201 0.000489 0.000629 0.000367 1.000000 
1708328171.403056 -0.007515 0.003884 -0.000444 0.000345 0.000671 0.000007 1.000000 
1708328171.503958 -0.006812 -0.002095 0.000469 -0.000047 0.000358 0.000284 1.000000 
1708328171.604805 -0.003262 -0.000720 -0.001917 -0.000200 -0.000196 0.000539 1.000000 
1708328171.705668 -0.005949 0.001565 -0.002337 0.000079 0.000284 0.000334 1.000000 
1708328171.806998 -0.003417 0.000195 -0.002790 0.000369 0.000522 0.000478 1.000000 
1708328171.907336 0.000887 -0.001690 -0.002094 -0.000048 0.000412 0.000263 1.000000 
1708328172.010769 -0.000527 -0.000117 -0.002216 -0.000218 0.000313 0.000183 1.000000 
1708328172.109055 0.000641 0.000402 -0.004026 -0.000134 0.000316 0.000410 1.000000 
1708328172.210195 0.003396 -0.004489 -0.004415 -0.000534 0.000078 0.000295 1.000000 
1708328172.313632 -0.002229 -0.004026 -0.004695 -0.000356 0.000096 0.000279 1.000000 
1708328172.412363 -0.002576 -0.005850 -0.001976 -0.000362 0.000277 0.000546 1.000000 
1708328172.516433 -0.002671 -0.003424 -0.003162 -0.000350 0.000420 0.000353 1.000000 
1708328172.613501 -0.001778 -0.001727 -0.004109 -0.000263 0.000335 0.000462 1.000000 
1708328172.714205 0.001413 -0.003434 -0.004794 -0.000384 0.000157 0.000568 1.000000 
1708328172.815319 0.000771 -0.002873 -0.005527 -0.000287 0.000324 0.000426 1.000000 
1708328172.916115 -0.000258 -0.005786 -0.005470 -0.000823 -0.000490 0.000436 0.999999 
1708328173.017034 0.002918 -0.006019 -0.003920 -0.000968 0.000125 0.000567 0.999999 
1708328173.117912 0.004121 -0.005232 -0.004000 -0.000420 -0.000025 0.000619 1.000000 
1708328173.218522 0.002359 -0.004194 -0.004046 -0.000289 0.000197 0.000465 1.000000 
1708328173.319468 0.002014 -0.003641 -0.004377 -0.000346 0.000405 0.000549 1.000000 
1708328173.420229 0.003393 -0.004438 -0.004861 -0.000659 0.000411 0.000515 1.000000 
1708328173.524636 0.002500 -0.006182 -0.003677 -0.001021 0.000243 0.000655 0.999999 
1708328173.622060 0.004378 -0.006731 -0.005326 -0.000447 0.000410 0.000667 1.000000 
1708328173.722965 0.003654 -0.005521 -0.006571 -0.000383 -0.000064 0.000670 1.000000 
1708328173.823860 0.003981 -0.005562 -0.006064 -0.000536 0.000238 0.000389 1.000000 
1708328173.928132 0.007037 -0.007939 -0.004549 -0.001152 0.000072 0.000297 0.999999 
1708328174.025425 0.007514 -0.008123 -0.005246 -0.000406 0.000097 0.000362 1.000000 
1708328174.128386 0.007773 -0.006355 -0.005877 -0.000673 0.000318 0.000509 1.000000 
1708328174.236403 0.006611 -0.007033 -0.006332 -0.000817 0.000487 0.000471 0.999999 
1708328174.328729 0.006484 -0.005886 -0.005257 -0.000753 0.000305 0.000576 1.000000 
1708328174.430429 0.007324 -0.006703 -0.004912 -0.000868 0.000443 0.000524 0.999999 
1708328174.529743 0.006672 -0.006268 -0.005471 -0.000527 0.000382 0.000465 1.000000 
1708328174.632291 0.005724 -0.008520 -0.005848 -0.000621 0.000510 0.000527 1.000000 
1708328174.731402 0.007331 -0.009422 -0.006436 -0.000360 0.000542 0.000575 1.000000 
1708328174.833966 0.007834 -0.008792 -0.007275 -0.000685 0.000003 0.000634 1.000000 
1708328174.933135 0.009833 -0.008880 -0.005989 -0.000539 0.000250 0.000725 1.000000 
1708328175.034192 0.008470 -0.008010 -0.005743 -0.000394 0.000365 0.000520 1.000000 
1708328175.140277 0.009613 -0.008732 -0.006245 -0.000598 0.000487 0.000553 1.000000 
1708328175.235677 0.010203 -0.009367 -0.004840 -0.001015 0.000398 0.000430 0.999999 
1708328175.336712 0.009868 -0.008577 -0.006145 -0.000627 0.000515 0.000719 0.999999 
1708328175.437398 0.009069 -0.008192 -0.006215 -0.000532 0.000454 0.000398 1.000000 
1708328175.539038 0.007417 -0.008319 -0.005474 -0.000700 0.000341 0.000724 0.999999 
1708328175.639153 0.005385 -0.008090 -0.005401 -0.000523 0.000392 0.000474 1.000000 
1708328175.740247 0.007755 -0.008525 -0.005828 -0.000524 0.000355 0.000716 1.000000 
1708328175.840847 0.008451 -0.008324 -0.006866 -0.000569 0.000134 0.000479 1.000000 
1708328175.941796 0.008867 -0.009677 -0.006814 -0.000284 0.000323 0.000581 1.000000 
1708328176.042588 0.008645 -0.009587 -0.005200 -0.000141 0.000666 0.000493 1.000000 
1708328176.145182 0.009801 -0.010564 -0.006588 -0.000393 0.000533 0.000494 1.000000 
1708328176.244503 0.006613 -0.011230 -0.006628 -0.000330 0.000451 0.000725 1.000000 
1708328176.345291 0.008982 -0.010941 -0.004937 -0.000854 0.000483 0.000474 0.999999 
1708328176.446273 0.009358 -0.010880 -0.000398 -0.001729 0.000625 0.000568 0.999998 
1708328176.547245 0.009915 -0.006018 -0.001318 -0.002179 0.001870 0.001666 0.999994 
1708328176.647716 0.020944 -0.005480 0.018234 -0.004399 0.001673 -0.000241 0.999989 
1708328176.748808 0.067867 -0.009598 0.026383 0.005377 0.000019 -0.002288 0.999983 
1708328176.849684 0.129835 -0.027534 0.005587 0.003784 -0.001464 0.001325 0.999991 
1708328176.950337 0.182998 -0.028443 -0.001541 0.002981 -0.001462 0.001612 0.999993 
1708328177.056375 0.250184 -0.024171 -0.005669 -0.000780 -0.001753 0.001743 0.999997 
1708328177.152117 0.342511 -0.009668 -0.009240 -0.001455 0.000126 0.001853 0.999997 
1708328177.252872 0.436986 0.001308 -0.019464 -0.004090 0.001964 0.001482 0.999989 
1708328177.354331 0.516007 0.005295 -0.015754 -0.001367 0.000385 0.001421 0.999998 
1708328177.454591 0.617256 0.007719 -0.011896 -0.002410 -0.001012 0.001265 0.999996 
1708328177.555900 0.736201 0.008179 -0.009930 -0.000875 0.001909 0.000769 0.999997 
1708328177.656632 0.828654 0.002169 0.000164 0.000087 0.001173 0.000498 0.999999 
1708328177.757187 0.908216 -0.001038 -0.000007 0.000009 0.000415 0.001493 0.999999 
1708328177.860683 1.014984 0.000459 -0.000741 0.002480 0.001126 0.000159 0.999996 
1708328177.960269 1.134813 0.003567 -0.007091 0.000105 0.003898 0.001134 0.999992 
1708328178.059737 1.217878 0.005152 -0.001726 -0.000488 0.002430 0.000367 0.999997 
1708328178.161303 1.303364 0.006539 0.001518 -0.000397 0.000117 0.001149 0.999999 
1708328178.261557 1.412257 0.008149 -0.015859 -0.001361 0.003107 0.001553 0.999993 
1708328178.363815 1.516700 0.000976 -0.009342 -0.000306 0.001853 0.000139 0.999998 
1708328178.463335 1.607851 -0.001422 0.002359 -0.000333 0.000132 0.001083 0.999999 
1708328178.564096 1.703920 -0.005135 -0.006672 0.000808 -0.000940 0.001070 0.999999 
1708328178.664915 1.818435 -0.000533 -0.014723 -0.001542 0.003429 -0.000011 0.999993 
1708328178.765810 1.898989 0.005780 -0.013027 -0.000158 0.001968 -0.002546 0.999995 
1708328178.867005 1.973139 0.006177 -0.009810 0.002843 -0.000033 -0.009680 0.999949 
1708328178.967561 2.070339 0.006323 -0.006645 0.002709 0.001293 -0.015817 0.999870 
1708328179.068393 2.179848 -0.007653 -0.014360 0.006126 0.002972 -0.023827 0.999693 
1708328179.172503 2.279774 -0.022531 -0.001497 0.005424 0.000466 -0.024656 0.999681 
1708328179.270057 2.369396 -0.027497 -0.002009 0.004332 -0.001457 -0.023835 0.999705 
1708328179.371102 2.478224 -0.036547 0.003822 0.002983 0.001629 -0.025133 0.999678 
1708328179.473663 2.579200 -0.034443 -0.000070 -0.000266 0.002563 -0.024491 0.999697 
1708328179.572758 2.657409 -0.037447 0.001215 -0.000045 0.000190 -0.025472 0.999676 
1708328179.673769 2.754139 -0.042546 0.006756 -0.001346 -0.001178 -0.024075 0.999709 
1708328179.775113 2.856182 -0.052988 0.005252 -0.001173 0.000411 -0.023998 0.999711 
1708328179.875275 2.942278 -0.067095 0.012344 0.000172 -0.000742 -0.024431 0.999701 
1708328179.976910 3.018058 -0.074436 0.013237 -0.000420 -0.002733 -0.023801 0.999713 
1708328180.084318 3.117822 -0.077328 0.008628 0.000095 -0.000861 -0.024950 0.999688 
1708328180.177926 3.225668 -0.080085 0.004638 -0.001356 0.001552 -0.024404 0.999700 
1708328180.288286 3.310899 -0.076552 0.014848 0.000155 -0.000247 -0.025172 0.999683 
1708328180.379636 3.391202 -0.076167 0.016233 0.000026 -0.000946 -0.024634 0.999696 
1708328180.480500 3.494948 -0.079698 -0.002014 -0.002123 0.000281 -0.023994 0.999710 
1708328180.582396 3.588964 -0.085082 0.001416 -0.000440 0.001320 -0.025170 0.999682 
1708328180.682090 3.665627 -0.088290 0.016474 -0.000085 -0.000455 -0.023870 0.999715 
1708328180.782934 3.759473 -0.092912 0.009556 0.000005 -0.001991 -0.024468 0.999699 
1708328180.884009 3.871214 -0.099750 0.000882 -0.000374 0.003071 -0.025024 0.999682 
1708328180.987589 3.946426 -0.099595 0.003892 -0.001380 0.001607 -0.024574 0.999696 
1708328181.085547 4.020731 -0.101491 0.007175 -0.000131 -0.000674 -0.025042 0.999686 
1708328181.186404 4.125219 -0.104685 0.020910 -0.001793 0.000848 -0.024194 0.999705 
1708328181.287430 4.235685 -0.105764 0.017983 -0.000426 0.001375 -0.025306 0.999679 
1708328181.388103 4.324205 -0.112794 0.016568 -0.000255 -0.000595 -0.025297 0.999680 
1708328181.489220 4.404068 -0.113563 0.010418 -0.000476 -0.001838 -0.025749 0.999667 
1708328181.589829 4.508501 -0.120973 0.015268 -0.000146 0.001174 -0.025905 0.999664 
1708328181.690773 4.607008 -0.114026 0.016302 -0.000817 0.000935 -0.025180 0.999682 
1708328181.791555 4.678153 -0.112756 0.018165 -0.000759 -0.001779 -0.025697 0.999668 
1708328181.892460 4.766236 -0.112280 0.016803 -0.001287 -0.002669 -0.025530 0.999670 
1708328181.993296 4.876673 -0.114710 0.013647 -0.000430 0.001050 -0.025139 0.999683 
1708328182.094148 4.959462 -0.127256 0.023098 -0.000095 -0.001775 -0.025775 0.999666 
1708328182.195431 5.040545 -0.132877 0.025189 -0.000894 -0.003229 -0.025287 0.999675 
1708328182.296187 5.141929 -0.142550 0.013728 0.000229 -0.002581 -0.026127 0.999655 
1708328182.396825 5.249516 -0.142289 0.012105 -0.001213 0.000966 -0.025769 0.999667 
1708328182.499106 5.332261 -0.137431 0.023393 -0.001258 -0.001462 -0.026014 0.999660 
1708328182.598398 5.405846 -0.137590 0.024417 -0.001109 -0.004689 -0.024888 0.999679 
1708328182.699264 5.504684 -0.135380 0.024844 -0.001343 -0.002071 -0.023969 0.999710 
1708328182.800225 5.612329 -0.149553 0.018764 -0.000067 -0.002185 -0.025178 0.999681 
1708328182.901154 5.698743 -0.160792 0.023477 -0.001011 -0.002991 -0.025122 0.999679 
1708328183.001891 5.784606 -0.168779 0.024290 0.000933 -0.004485 -0.025383 0.999667 
1708328183.102695 5.891115 -0.170487 0.022287 -0.000590 -0.001116 -0.025120 0.999684 
1708328183.203560 5.964506 -0.172715 0.026855 -0.000786 -0.002819 -0.025345 0.999674 
1708328183.304437 6.035672 -0.179776 0.036553 0.000397 -0.005219 -0.026665 0.999631 
1708328183.405274 6.128505 -0.195127 0.038528 0.002071 -0.003556 -0.025227 0.999673 
1708328183.506334 6.229411 -0.212676 0.041862 0.003777 -0.000610 -0.024793 0.999685 
1708328183.607392 6.306152 -0.236532 0.042604 0.001687 -0.003234 -0.024917 0.999683 
1708328183.709821 6.388807 -0.248685 0.034725 0.002178 -0.003948 -0.024106 0.999699 
1708328183.808726 6.480005 -0.265580 0.031409 0.004005 -0.002100 -0.026882 0.999628 
1708328183.909638 6.580840 -0.271200 0.039035 0.003632 0.000175 -0.030760 0.999520 
1708328184.010479 6.649309 -0.283208 0.046585 0.006607 -0.003506 -0.045140 0.998953 
1708328184.111349 6.737094 -0.317151 0.037138 0.006356 -0.004653 -0.059872 0.998175 
1708328184.212193 6.841306 -0.348648 0.027857 0.011888 0.000819 -0.075803 0.997052 
1708328184.313158 6.901640 -0.372782 0.034389 0.010760 0.000288 -0.086705 0.996176 
1708328184.414056 6.960904 -0.393332 0.055383 0.006347 0.000503 -0.085666 0.996304 
1708328184.516429 7.059419 -0.415154 0.049303 0.008961 0.002414 -0.091449 0.995766 
1708328184.615607 7.153846 -0.433756 0.048099 0.008770 0.001494 -0.102492 0.994694 
1708328184.718232 7.234022 -0.449565 0.051081 0.012562 -0.002417 -0.121976 0.992451 
1708328184.817506 7.327195 -0.474089 0.044390 0.016739 -0.004100 -0.144112 0.989411 
1708328184.920426 7.447004 -0.519597 0.036434 0.019317 -0.003261 -0.157559 0.987315 
1708328185.020268 7.527395 -0.574947 0.022317 0.018937 -0.001325 -0.176663 0.984088 
1708328185.119923 7.606867 -0.616260 0.028718 0.014721 -0.004094 -0.188486 0.981957 
1708328185.220741 7.692572 -0.657815 0.021611 0.015566 -0.006489 -0.202921 0.979050 
1708328185.321598 7.786262 -0.695630 0.020030 0.013562 -0.001937 -0.216296 0.976232 
1708328185.422573 7.865869 -0.734482 0.028607 0.012167 -0.003070 -0.234192 0.972109 
1708328185.523344 7.938023 -0.779533 0.020850 0.010912 -0.004886 -0.252441 0.967539 
1708328185.624206 8.029183 -0.855830 0.024513 0.010285 -0.005188 -0.269830 0.962839 
1708328185.725470 8.099545 -0.907013 0.020495 0.016682 -0.006113 -0.289730 0.956944 
1708328185.825903 8.160011 -0.965926 0.020243 0.017737 -0.007292 -0.316845 0.948284 
1708328185.927169 8.225238 -1.019090 0.004691 0.019990 -0.010295 -0.340529 0.939965 
1708328186.027613 8.304172 -1.097573 -0.004218 0.022917 -0.007941 -0.364253 0.930984 
1708328186.130506 8.353056 -1.188476 -0.003565 0.022289 -0.007258 -0.385167 0.922549 
1708328186.229377 8.394372 -1.255195 0.013952 0.017532 -0.009018 -0.403266 0.914870 
1708328186.330382 8.441716 -1.335000 0.023103 0.016348 -0.008237 -0.422722 0.906074 
1708328186.431092 8.499120 -1.448347 0.029945 0.019389 -0.008724 -0.442590 0.896472 
1708328186.531973 8.538053 -1.524086 0.036858 0.017736 -0.008979 -0.460699 0.887334 
1708328186.632799 8.574934 -1.593755 0.026727 0.018285 -0.010304 -0.479211 0.877449 
1708328186.733838 8.618767 -1.687235 0.016479 0.022157 -0.008287 -0.498595 0.866512 
1708328186.834846 8.651397 -1.771169 0.032026 0.018930 -0.007617 -0.514087 0.857495 
1708328186.935451 8.674198 -1.839836 0.033529 0.015259 -0.007612 -0.526744 0.849853 
1708328187.036211 8.709946 -1.927336 0.024318 0.012142 -0.007688 -0.541403 0.840641 
1708328187.137070 8.743755 -2.032355 0.017322 0.015026 -0.006589 -0.553708 0.832549 
1708328187.237913 8.757197 -2.129893 0.025070 0.015374 -0.007609 -0.564680 0.825131 
1708328187.338779 8.780646 -2.175624 0.038725 0.013693 -0.008532 -0.574207 0.818551 
1708328187.439646 8.813693 -2.280318 -0.000288 0.004882 -0.006386 -0.577462 0.816378 
1708328187.540499 8.852852 -2.375069 -0.007220 0.002980 -0.001615 -0.576984 0.816749 
1708328187.641463 8.886303 -2.447806 0.007122 0.001650 -0.000141 -0.577570 0.816339 
1708328187.742300 8.912763 -2.520490 0.019666 0.001937 0.000407 -0.577686 0.816257 
1708328187.843355 8.932466 -2.614614 0.029245 0.002173 0.001556 -0.576928 0.816790 
1708328187.944000 8.958362 -2.675047 0.040984 0.001698 -0.000960 -0.574316 0.818632 
1708328188.045103 8.979814 -2.726365 0.038303 -0.000912 0.000957 -0.565772 0.824561 
1708328188.145898 9.013928 -2.813889 0.009988 -0.009309 0.001982 -0.552148 0.833692 
1708328188.246938 9.058428 -2.909468 0.004662 -0.010521 0.010880 -0.530625 0.847471 
1708328188.347469 9.113507 -2.957493 0.006747 -0.023460 0.012643 -0.503532 0.863565 
1708328188.448225 9.156231 -3.000424 0.018475 -0.028746 0.013471 -0.470123 0.882030 
1708328188.550642 9.214092 -3.057224 0.033685 -0.029040 0.011529 -0.442224 0.896360 
1708328188.650032 9.262236 -3.141722 0.032335 -0.023388 0.012180 -0.420705 0.906814 
1708328188.752081 9.313177 -3.211140 0.044841 -0.021215 0.010358 -0.394193 0.918724 
1708328188.851899 9.354466 -3.302102 0.035853 -0.025728 0.009179 -0.368664 0.929161 
1708328188.953165 9.440303 -3.394808 0.011800 -0.018302 0.011326 -0.347552 0.937414 
1708328189.053532 9.509351 -3.473529 0.016675 -0.019471 0.010328 -0.318355 0.947715 
1708328189.154898 9.583554 -3.542245 0.030112 -0.019967 0.010708 -0.288024 0.957355 
1708328189.255107 9.652077 -3.606411 0.029300 -0.018193 0.011168 -0.270671 0.962435 
1708328189.356086 9.725619 -3.674485 0.027380 -0.016780 0.011112 -0.258876 0.965701 
1708328189.457036 9.785677 -3.730869 0.032641 -0.016894 0.011216 -0.237625 0.971145 
1708328189.557711 9.839704 -3.781712 0.044525 -0.016214 0.011603 -0.218678 0.975593 
1708328189.658619 9.909988 -3.855865 0.066097 -0.014230 0.011661 -0.199188 0.979789 
1708328189.759404 10.034011 -3.877163 0.035439 -0.017497 0.012187 -0.179318 0.983560 
1708328189.860458 10.123342 -3.883760 0.033808 -0.018210 0.012025 -0.161775 0.986586 
1708328189.961410 10.200097 -3.893155 0.029529 -0.016160 0.011962 -0.146757 0.988968 
1708328190.062158 10.287334 -3.951485 0.025445 -0.011766 0.012573 -0.138592 0.990200 
1708328190.163078 10.354284 -3.997873 0.066327 -0.007244 0.013296 -0.136530 0.990520 
1708328190.264533 10.401599 -4.038366 0.084380 -0.001986 0.012390 -0.135173 0.990743 
1708328190.364571 10.485734 -4.075852 0.068744 0.001995 0.010901 -0.135161 0.990762 
1708328190.465479 10.596776 -4.108829 0.056498 -0.001715 0.012592 -0.136358 0.990578 
1708328190.566319 10.682130 -4.132525 0.059309 -0.001555 0.011366 -0.137270 0.990467 
1708328190.667140 10.758583 -4.153007 0.067610 -0.002550 0.011231 -0.138165 0.990342 
1708328190.769797 10.879505 -4.158000 0.042989 -0.004751 0.010965 -0.137899 0.990374 
1708328190.868851 10.974654 -4.195101 0.037202 -0.003134 0.011774 -0.138562 0.990279 
1708328190.970332 11.038644 -4.226458 0.056356 -0.003489 0.010871 -0.137917 0.990378 
1708328191.070573 11.123708 -4.254065 0.056070 -0.004264 0.010025 -0.136864 0.990530 
1708328191.171424 11.240109 -4.289451 0.049468 -0.004919 0.012254 -0.138810 0.990231 
1708328191.272298 11.337797 -4.301919 0.034535 -0.005903 0.010893 -0.139210 0.990185 
1708328191.373370 11.410057 -4.318175 0.029755 -0.005217 0.009606 -0.138796 0.990261 
1708328191.474638 11.488503 -4.323811 0.042696 -0.004977 0.008475 -0.137792 0.990412 
1708328191.575033 11.579961 -4.368480 0.043254 -0.003609 0.009524 -0.137339 0.990472 
1708328191.676257 11.657067 -4.414604 0.052645 -0.004361 0.009270 -0.137839 0.990402 
1708328191.776648 11.725594 -4.439285 0.056839 -0.004749 0.008260 -0.137112 0.990510 
1708328191.877502 11.801597 -4.467152 0.034082 -0.004182 0.005102 -0.138571 0.990331 
1708328191.979563 11.917315 -4.505838 0.033263 -0.004299 0.008860 -0.138314 0.990339 
1708328192.079167 11.994690 -4.515159 0.046440 -0.004630 0.008037 -0.138046 0.990382 
1708328192.180320 12.057504 -4.538843 0.044839 -0.005107 0.006156 -0.141514 0.989904 
1708328192.284790 12.151868 -4.582261 0.020894 -0.002754 0.005761 -0.148690 0.988863 
1708328192.381957 12.216115 -4.602916 0.035670 0.003864 0.005615 -0.164474 0.986358 
1708328192.482575 12.287507 -4.633685 0.043074 0.008703 0.002297 -0.181344 0.983379 
1708328192.583665 12.374008 -4.658247 0.036374 0.012257 0.001756 -0.202918 0.979117 
1708328192.684327 12.483852 -4.695045 0.038763 0.013376 0.009556 -0.218978 0.975591 
1708328192.785507 12.586081 -4.717057 0.043396 0.010497 0.011718 -0.228219 0.973483 
1708328192.886029 12.677208 -4.763463 0.043380 0.003944 0.016839 -0.229668 0.973115 
1708328192.987334 12.772445 -4.800532 0.028763 -0.000700 0.023729 -0.227252 0.973547 
1708328193.089653 12.861540 -4.843003 0.011772 0.004039 0.030087 -0.232134 0.972210 
1708328193.189227 12.908608 -4.878445 0.000590 0.008617 0.031118 -0.244058 0.969223 
1708328193.289450 12.953947 -4.924959 -0.003129 0.014857 0.033451 -0.260433 0.964798 
1708328193.390379 13.032362 -4.963742 -0.014070 0.028299 0.036493 -0.279607 0.959003 
1708328193.491200 13.107723 -5.011287 -0.003421 0.028013 0.043356 -0.302766 0.951666 
1708328193.592057 13.168385 -5.053898 -0.000642 0.027272 0.042482 -0.322639 0.945175 
1708328193.692924 13.241031 -5.115173 -0.007719 0.029422 0.036948 -0.342702 0.938256 
1708328193.793828 13.322186 -5.184216 -0.018204 0.028984 0.037439 -0.360858 0.931418 
1708328193.895677 13.385475 -5.258834 -0.006403 0.031691 0.036038 -0.382626 0.922656 
1708328193.995879 13.440202 -5.328231 -0.021939 0.028445 0.035091 -0.401112 0.914915 
1708328194.096746 13.494071 -5.408946 -0.050582 0.029527 0.029072 -0.420988 0.906119 
1708328194.197182 13.559691 -5.501445 -0.069405 0.027306 0.029625 -0.439180 0.897495 
1708328194.298480 13.606447 -5.571701 -0.078605 0.024400 0.018900 -0.459810 0.887481 
1708328194.399062 13.658310 -5.617791 -0.060267 0.024481 0.015548 -0.477785 0.877998 
1708328194.499790 13.713922 -5.693616 -0.056084 0.018415 0.012562 -0.492659 0.869937 
1708328194.600642 13.775769 -5.779720 -0.046778 0.021392 0.003961 -0.512462 0.858435 
1708328194.701500 13.820758 -5.851696 -0.071130 0.014591 0.000262 -0.529497 0.848186 
1708328194.802431 13.862806 -5.919386 -0.075139 0.013782 -0.005011 -0.544317 0.838751 
1708328194.903303 13.898728 -6.012300 -0.083491 0.014604 -0.006258 -0.559306 0.828809 
1708328195.005988 13.938252 -6.094202 -0.078651 0.012721 -0.003160 -0.574319 0.818527 
1708328195.105038 13.962028 -6.161919 -0.068878 0.010753 -0.003907 -0.589339 0.807805 
1708328195.205793 13.997851 -6.257003 -0.069676 0.009828 -0.006026 -0.601806 0.798559 
1708328195.306646 14.032827 -6.364987 -0.075191 0.008094 -0.002084 -0.610997 0.791589 
1708328195.407616 14.067006 -6.460926 -0.060158 0.007692 -0.002711 -0.616843 0.787044 
1708328195.508374 14.092927 -6.550959 -0.050904 0.000130 -0.000911 -0.616505 0.787351 
1708328195.609334 14.122587 -6.654713 -0.067454 -0.004535 -0.002192 -0.617419 0.786619 
1708328195.710082 14.142526 -6.778580 -0.080747 -0.004462 0.002682 -0.617351 0.786671 
1708328195.811009 14.144710 -6.849317 -0.077600 -0.003952 0.001736 -0.622699 0.782450 
1708328195.911959 14.166263 -6.928504 -0.074198 -0.004180 -0.002892 -0.634593 0.772830 
1708328196.012900 14.180919 -7.032077 -0.060308 0.000198 0.000711 -0.642179 0.766554 
1708328196.113712 14.200643 -7.133358 -0.052768 0.004655 -0.001019 -0.654100 0.756393 
1708328196.214379 14.211640 -7.203983 -0.039171 0.005283 -0.004305 -0.663453 0.748187 
1708328196.315281 14.229389 -7.277613 -0.051065 0.001946 -0.007241 -0.669025 0.743202 
1708328196.416428 14.250668 -7.390184 -0.080031 -0.002261 -0.001504 -0.667856 0.744286 
1708328196.516946 14.270349 -7.489599 -0.091016 -0.004555 0.002688 -0.667865 0.744264 
1708328196.617826 14.298339 -7.558994 -0.083232 -0.005544 -0.000700 -0.671498 0.740985 
1708328196.718685 14.310878 -7.654517 -0.061971 -0.002732 -0.001889 -0.676310 0.736610 
1708328196.819533 14.312487 -7.764445 -0.056587 0.000154 0.000562 -0.675966 0.736932 
1708328196.920447 14.310371 -7.839574 -0.053636 -0.003662 0.000879 -0.674890 0.737909 
1708328197.021327 14.317713 -7.917702 -0.061782 -0.002810 -0.001697 -0.675383 0.737459 
1708328197.122109 14.319232 -8.012661 -0.065933 -0.002784 -0.000994 -0.677383 0.735625 
1708328197.223065 14.360367 -8.126228 -0.056835 0.002192 0.001429 -0.680460 0.732780 
1708328197.323868 14.373245 -8.212849 -0.044400 0.004174 -0.005176 -0.691298 0.722539 
1708328197.424926 14.367517 -8.280638 -0.064224 -0.001901 -0.001191 -0.692055 0.721841 
1708328197.525568 14.369998 -8.385545 -0.076700 -0.001705 -0.000154 -0.692021 0.721876 
1708328197.626476 14.359251 -8.476848 -0.079884 -0.003356 -0.000386 -0.693273 0.720668 
1708328197.727302 14.372885 -8.563617 -0.068020 -0.004143 -0.002378 -0.696660 0.717386 
1708328197.828319 14.388908 -8.666232 -0.056181 -0.000958 -0.006922 -0.705913 0.708264 
1708328197.929094 14.415367 -8.760928 -0.054257 0.005201 -0.006753 -0.720553 0.693347 
1708328198.030056 14.410442 -8.850139 -0.047988 0.005333 -0.008445 -0.734807 0.678202 
1708328198.130800 14.402471 -8.911841 -0.045352 -0.000150 -0.005755 -0.739022 0.673656 
1708328198.232421 14.378765 -9.002109 -0.039323 -0.003683 -0.003504 -0.739176 0.673493 
1708328198.332565 14.359684 -9.082398 -0.050248 -0.005153 -0.000936 -0.738697 0.674017 
1708328198.433331 14.335440 -9.166820 -0.049438 -0.007206 -0.000446 -0.738363 0.674365 
1708328198.534205 14.324503 -9.256561 -0.043133 -0.006914 -0.002818 -0.739232 0.673410 
1708328198.634986 14.321271 -9.370932 -0.046419 -0.005562 -0.001662 -0.738557 0.674166 
1708328198.735943 14.330703 -9.469875 -0.046246 -0.005618 -0.000480 -0.738079 0.674691 
1708328198.836707 14.334380 -9.550995 -0.043048 -0.007744 -0.002867 -0.739631 0.672962 
1708328198.937616 14.336902 -9.638601 -0.045653 -0.008461 -0.000556 -0.739041 0.673607 
1708328199.038439 14.324758 -9.746001 -0.044014 -0.005913 -0.001814 -0.738556 0.674164 
1708328199.139292 14.313506 -9.834049 -0.030074 -0.005953 -0.002974 -0.739256 0.673391 
1708328199.240145 14.301208 -9.929901 -0.019580 -0.007036 -0.002198 -0.738772 0.673915 
1708328199.340994 14.280992 -10.033916 -0.036074 -0.006045 -0.001516 -0.738631 0.674081 
1708328199.442200 14.270129 -10.143643 -0.041642 -0.006135 -0.000718 -0.739757 0.672846 
1708328199.543160 14.267849 -10.227276 -0.034960 -0.006380 -0.001155 -0.739345 0.673296 
1708328199.643924 14.265416 -10.325120 -0.046034 -0.006910 -0.001014 -0.738964 0.673709 
1708328199.744461 14.255136 -10.436365 -0.054479 -0.003209 -0.002130 -0.739625 0.673008 
1708328199.845566 14.254209 -10.539370 -0.050925 -0.003540 -0.001914 -0.738654 0.674073 
1708328199.946362 14.247057 -10.618068 -0.047008 -0.003850 -0.002998 -0.738410 0.674335 
1708328200.047218 14.223762 -10.709732 -0.055504 0.000287 -0.002210 -0.739951 0.672657 
1708328200.147963 14.195097 -10.808591 -0.059278 -0.000856 0.005845 -0.738399 0.674338 
1708328200.248780 14.180622 -10.887174 -0.037808 -0.000761 0.001000 -0.738035 0.674761 
1708328200.349708 14.175310 -10.975417 -0.034573 -0.002673 -0.001281 -0.739114 0.673573 
1708328200.450548 14.167932 -11.062113 -0.040409 -0.001116 0.003165 -0.733886 0.679264 
1708328200.551340 14.167524 -11.144545 -0.033681 -0.003218 0.005419 -0.724146 0.689618 
1708328200.653434 14.176830 -11.226819 -0.027166 -0.010694 0.009383 -0.711332 0.702713 
1708328200.753230 14.189699 -11.320353 -0.026699 -0.012652 0.006828 -0.700837 0.713177 
1708328200.856727 14.203263 -11.435727 -0.041453 -0.014595 0.011609 -0.688434 0.725059 
1708328200.954757 14.212088 -11.528469 -0.037308 -0.014732 0.010255 -0.681297 0.731787 
1708328201.057734 14.221757 -11.610710 -0.033001 -0.012231 0.005245 -0.679966 0.733123 
1708328201.158017 14.223372 -11.704800 -0.032429 -0.008383 0.001261 -0.678416 0.734629 
1708328201.257420 14.232653 -11.816520 -0.038270 -0.003482 0.000154 -0.679886 0.733310 
1708328201.359152 14.223855 -11.917255 -0.031172 -0.003652 -0.000011 -0.679437 0.733724 
1708328201.459085 14.220700 -11.991829 -0.027994 -0.005250 -0.001767 -0.679464 0.733688 
1708328201.559964 14.215521 -12.083081 -0.045588 -0.001454 0.000072 -0.679035 0.734105 
1708328201.661031 14.215673 -12.164073 -0.052358 -0.006446 0.003973 -0.678546 0.734519 
1708328201.761797 14.221925 -12.227761 -0.043023 -0.004614 0.000774 -0.679445 0.733712 
1708328201.862699 14.229413 -12.320648 -0.038890 -0.007864 0.003000 -0.678781 0.734292 
1708328201.963622 14.238443 -12.422461 -0.038290 -0.005694 0.004087 -0.678641 0.734436 
1708328202.064278 14.248173 -12.518403 -0.018024 -0.003228 0.003711 -0.678556 0.734533 
1708328202.165060 14.257458 -12.600306 -0.003575 -0.004092 0.002386 -0.678490 0.734595 
1708328202.266111 14.276703 -12.696969 -0.000676 -0.001754 0.001610 -0.678306 0.734776 
1708328202.367017 14.289466 -12.803454 -0.008961 -0.000211 0.003587 -0.677969 0.735082 
1708328202.467657 14.308473 -12.890095 -0.003234 -0.002999 0.002834 -0.678689 0.734414 
1708328202.568589 14.321552 -12.963267 0.006243 -0.006338 0.003213 -0.679223 0.733898 
1708328202.669355 14.339026 -13.053705 -0.005847 -0.002654 0.001597 -0.678006 0.735050 
1708328202.770289 14.337050 -13.158510 -0.012401 -0.003475 0.002447 -0.678931 0.734190 
1708328202.871147 14.337865 -13.243552 -0.007098 -0.003256 -0.001044 -0.678217 0.734854 
1708328202.972152 14.336979 -13.333867 -0.003773 -0.004630 0.000902 -0.678761 0.734344 
1708328203.072933 14.347652 -13.449320 -0.013989 -0.004858 0.002491 -0.678794 0.734308 
1708328203.173968 14.368680 -13.535714 -0.018692 -0.002322 0.001349 -0.678466 0.734627 
1708328203.274500 14.398115 -13.612322 -0.011081 -0.002910 -0.001243 -0.679476 0.733691 
1708328203.375388 14.408381 -13.701073 -0.005659 -0.004874 -0.000232 -0.678043 0.735006 
1708328203.476550 14.415421 -13.809098 -0.011807 -0.001458 -0.000602 -0.679381 0.733784 
1708328203.577215 14.405919 -13.898154 -0.013535 -0.002279 0.000254 -0.678865 0.734260 
1708328203.678018 14.401767 -13.982065 -0.009523 -0.004669 -0.000670 -0.678766 0.734340 
1708328203.779151 14.409390 -14.075906 -0.002736 0.000624 0.000430 -0.679356 0.733809 
1708328203.879750 14.418878 -14.167645 0.007034 -0.001919 0.005379 -0.679035 0.734083 
1708328203.980534 14.428804 -14.230930 0.013751 -0.002717 0.001667 -0.679918 0.733281 
1708328204.081762 14.435361 -14.310258 0.016325 -0.004447 0.001424 -0.678713 0.734389 
1708328204.182277 14.445205 -14.412533 0.009940 -0.002249 0.000933 -0.678220 0.734854 
1708328204.283223 14.453348 -14.502731 0.012084 -0.000543 -0.001386 -0.679258 0.733898 
1708328204.384174 14.457580 -14.585966 0.019405 -0.005551 0.000686 -0.678440 0.734635 
1708328204.484849 14.480893 -14.663883 0.017784 -0.005180 -0.001355 -0.679268 0.733871 
1708328204.585784 14.500875 -14.771908 0.015672 -0.003153 0.000754 -0.679167 0.733977 
1708328204.687244 14.518568 -14.861781 0.030823 -0.004741 0.000791 -0.679316 0.733830 
1708328204.787476 14.528072 -14.946796 0.038967 -0.005328 -0.000506 -0.679495 0.733660 
1708328204.890298 14.544586 -15.057815 0.039186 -0.002434 -0.001747 -0.678519 0.734577 
1708328204.989111 14.547587 -15.162758 0.031097 -0.000671 -0.000839 -0.679093 0.734051 
1708328205.090044 14.543242 -15.253044 0.039197 -0.004072 -0.001109 -0.674446 0.738312 
1708328205.190926 14.559853 -15.332096 0.029619 -0.008756 -0.000096 -0.662945 0.748617 
1708328205.291679 14.587575 -15.444385 0.022209 -0.010163 0.005290 -0.646068 0.763194 
1708328205.392648 14.622284 -15.527332 0.029574 -0.018051 0.014768 -0.630823 0.775576 
1708328205.500327 14.647450 -15.608958 0.030719 -0.017164 0.012596 -0.624571 0.780678 
1708328205.596332 14.653178 -15.693405 0.024085 -0.016614 0.008029 -0.620055 0.784341 
1708328205.695232 14.684221 -15.788666 0.030328 -0.007326 0.005788 -0.618334 0.785860 
1708328205.796178 14.705569 -15.870810 0.035043 -0.004815 0.001292 -0.618556 0.785725 
1708328205.896966 14.706883 -15.950313 0.039334 -0.003912 0.000634 -0.618142 0.786056 
1708328205.997727 14.728498 -16.048262 0.031273 -0.001720 -0.002624 -0.619926 0.784654 
1708328206.098892 14.754342 -16.157656 0.037750 -0.003782 0.003845 -0.613342 0.789799 
1708328206.199498 14.769921 -16.254936 0.051514 -0.010093 0.006226 -0.602075 0.798351 
1708328206.300352 14.801523 -16.345325 0.066944 -0.015475 0.010089 -0.586116 0.810016 
1708328206.401131 14.839803 -16.437092 0.062937 -0.019670 0.015053 -0.564823 0.824840 
1708328206.501995 14.872835 -16.521820 0.076912 -0.021613 0.013109 -0.542471 0.839694 
1708328206.602871 14.895378 -16.597302 0.078230 -0.025736 0.011761 -0.520731 0.853252 
1708328206.703759 14.940333 -16.662976 0.055207 -0.024313 0.011425 -0.501228 0.864898 
1708328206.804579 15.020561 -16.754767 0.051637 -0.024070 0.013336 -0.483274 0.875037 
1708328206.905624 15.085525 -16.815983 0.053770 -0.024055 0.011306 -0.464619 0.885111 
1708328207.006291 15.127226 -16.864764 0.053468 -0.024207 0.008673 -0.447254 0.894037 
1708328207.107263 15.199434 -16.943205 0.052942 -0.028046 0.010857 -0.422184 0.906011 
1708328207.208016 15.258652 -17.027566 0.062568 -0.027419 0.012808 -0.392611 0.919207 
1708328207.308896 15.319046 -17.091423 0.083386 -0.031493 0.012017 -0.363921 0.930819 
1708328207.410256 15.368830 -17.147951 0.079483 -0.031714 0.009620 -0.340331 0.939722 
1708328207.510617 15.446581 -17.225245 0.073665 -0.026704 0.008133 -0.322053 0.946310 
1708328207.611651 15.531337 -17.265590 0.072629 -0.028643 0.009897 -0.295813 0.954765 
1708328207.712553 15.608570 -17.295462 0.066681 -0.028570 0.005638 -0.268646 0.962799 
1708328207.813343 15.698547 -17.335846 0.101044 -0.030521 0.006443 -0.239210 0.970467 
1708328207.914226 15.797973 -17.367958 0.098448 -0.032242 0.009464 -0.208685 0.977405 
1708328208.014900 15.891932 -17.386170 0.097173 -0.030916 0.008711 -0.181033 0.982952 
1708328208.116073 15.960670 -17.414683 0.094723 -0.023516 0.007495 -0.162691 0.986368 
1708328208.216768 16.044260 -17.457071 0.063921 -0.021257 0.002346 -0.145512 0.989125 
1708328208.317619 16.143445 -17.510680 0.048771 -0.025282 0.006534 -0.119040 0.992546 
1708328208.418325 16.220385 -17.538466 0.061316 -0.027781 0.006857 -0.090480 0.995487 
1708328208.519196 16.286390 -17.547971 0.067304 -0.032416 0.006955 -0.059040 0.997705 
1708328208.620042 16.375307 -17.567118 0.073943 -0.032191 0.006906 -0.030412 0.998995 
1708328208.720978 16.463096 -17.566286 0.078832 -0.028299 0.008414 -0.006723 0.999541 
1708328208.821792 16.532038 -17.547855 0.084018 -0.023645 0.006795 0.008676 0.999660 
1708328208.922810 16.615739 -17.526973 0.100618 -0.011552 0.004818 0.014270 0.999820 
1708328209.023517 16.732909 -17.480090 0.080847 -0.010376 0.010821 0.016040 0.999759 
1708328209.126026 16.836298 -17.455140 0.068296 -0.009345 0.011471 0.014711 0.999782 
1708328209.228477 16.926700 -17.445234 0.045805 -0.008564 0.010458 0.013679 0.999815 
1708328209.326049 17.023371 -17.433085 0.036415 -0.010285 0.012434 0.014595 0.999763 
1708328209.427045 17.134571 -17.420602 0.026665 -0.009793 0.013888 0.012872 0.999773 
1708328209.528422 17.214333 -17.416772 0.025355 -0.008053 0.015841 0.005798 0.999825 
1708328209.628740 17.290842 -17.394790 0.047368 0.002782 0.018617 -0.009665 0.999776 
1708328209.729777 17.390139 -17.401499 0.032364 0.004795 0.021468 -0.025091 0.999443 
1708328209.830512 17.494880 -17.409355 0.016247 0.001485 0.029899 -0.030376 0.999090 
1708328209.931214 17.573113 -17.418253 0.018933 -0.000226 0.031575 -0.030816 0.999026 
1708328210.032097 17.662487 -17.433923 0.011860 -0.003543 0.032954 -0.030106 0.998997 
1708328210.134950 17.780008 -17.459095 -0.019822 -0.007346 0.034282 -0.030554 0.998918 
1708328210.234616 17.870535 -17.473553 -0.027199 -0.002803 0.037098 -0.030243 0.998850 
1708328210.334666 17.936845 -17.499593 -0.020410 -0.003439 0.037551 -0.029486 0.998854 
1708328210.435497 18.015329 -17.526066 -0.031431 -0.005525 0.040874 -0.028060 0.998755 
1708328210.536364 18.122027 -17.563975 -0.047328 -0.006601 0.042422 -0.031367 0.998585 
1708328210.637244 18.218352 -17.564176 -0.063668 -0.003043 0.048944 -0.028848 0.998380 
1708328210.740297 18.299634 -17.568384 -0.066443 -0.003655 0.049764 -0.032065 0.998239 
1708328210.844425 18.392872 -17.572299 -0.083062 -0.008006 0.049252 -0.030513 0.998288 
1708328210.943786 18.508902 -17.569764 -0.092861 -0.005369 0.051813 -0.030079 0.998189 
1708328211.046103 18.600011 -17.581835 -0.114790 -0.005021 0.053105 -0.030906 0.998098 
1708328211.141604 18.667079 -17.589033 -0.133078 -0.005896 0.053108 -0.028465 0.998166 
1708328211.242495 18.772811 -17.603355 -0.153896 -0.005100 0.053699 -0.029960 0.998095 
1708328211.343244 18.888726 -17.611349 -0.176403 -0.007068 0.058549 -0.029137 0.997834 
1708328211.444170 18.975967 -17.594322 -0.164924 -0.006461 0.055040 -0.029894 0.998016 
1708328211.545142 19.051389 -17.593466 -0.167249 -0.005602 0.057073 -0.030360 0.997893 
1708328211.645826 19.149160 -17.594468 -0.174137 -0.010322 0.056356 -0.028471 0.997951 
1708328211.746865 19.259957 -17.603281 -0.197374 -0.004677 0.058517 -0.030148 0.997820 
1708328211.847790 19.351780 -17.609855 -0.192175 -0.006093 0.058071 -0.029126 0.997869 
1708328211.948387 19.457789 -17.597920 -0.207441 -0.006666 0.057528 -0.030753 0.997848 
1708328212.050745 19.572916 -17.594574 -0.239025 -0.006278 0.060975 -0.032429 0.997593 
1708328212.150322 19.661648 -17.594701 -0.247934 -0.007024 0.061293 -0.030406 0.997632 
1708328212.252616 19.741478 -17.601379 -0.254344 -0.006933 0.059494 -0.031616 0.997704 
1708328212.352060 19.840383 -17.604466 -0.270983 -0.011516 0.058937 -0.031752 0.997690 
1708328212.452728 19.942762 -17.613210 -0.273480 -0.002414 0.059045 -0.031143 0.997766 
1708328212.553548 20.016235 -17.625138 -0.274585 -0.009543 0.057574 -0.031900 0.997786 
1708328212.654434 20.094793 -17.629075 -0.280013 -0.006950 0.057750 -0.030737 0.997834 
1708328212.755397 20.211987 -17.630135 -0.305902 -0.008225 0.059686 -0.032532 0.997653 
1708328212.856307 20.316589 -17.636281 -0.304595 -0.003284 0.058843 -0.030021 0.997810 
1708328212.957765 20.396424 -17.647946 -0.310401 -0.005647 0.058239 -0.031696 0.997783 
1708328213.057864 20.481703 -17.662396 -0.323527 -0.007860 0.058701 -0.030829 0.997768 
1708328213.158908 20.603509 -17.675483 -0.333883 -0.006888 0.059015 -0.029791 0.997789 
1708328213.259550 20.692914 -17.683614 -0.331734 -0.005583 0.057784 -0.030680 0.997842 
1708328213.360525 20.768108 -17.683755 -0.328164 -0.005530 0.055268 -0.030043 0.998004 
1708328213.461321 20.889397 -17.667465 -0.349170 -0.007223 0.058002 -0.031145 0.997804 
1708328213.562267 20.995080 -17.660464 -0.363545 -0.009591 0.055962 -0.031506 0.997890 
1708328213.663416 21.061373 -17.653049 -0.359013 -0.007393 0.055209 -0.031453 0.997952 
1708328213.764191 21.143836 -17.656676 -0.366615 -0.007506 0.053240 -0.032317 0.998030 
1708328213.864700 21.251358 -17.667232 -0.383488 -0.008919 0.054941 -0.030196 0.997993 
1708328213.965568 21.345816 -17.677652 -0.385315 -0.004941 0.052833 -0.030772 0.998117 
1708328214.066525 21.427553 -17.687462 -0.381882 -0.006584 0.053801 -0.029948 0.998081 
1708328214.167445 21.528079 -17.693902 -0.406941 -0.003875 0.053606 -0.030616 0.998085 
1708328214.269087 21.645211 -17.703217 -0.429095 -0.007223 0.056548 -0.031504 0.997877 
1708328214.369072 21.737595 -17.710861 -0.438841 -0.005618 0.054557 -0.030327 0.998034 
1708328214.470776 21.811749 -17.718617 -0.445754 -0.007592 0.053174 -0.030728 0.998083 
1708328214.570820 21.914979 -17.729699 -0.468568 -0.008562 0.055848 -0.030751 0.997929 
1708328214.671598 22.013842 -17.735215 -0.480499 -0.007121 0.054401 -0.031415 0.997999 
1708328214.772477 22.092521 -17.752549 -0.483535 -0.007059 0.053645 -0.029999 0.998084 
1708328214.873362 22.174963 -17.795301 -0.489259 -0.005054 0.053399 -0.036775 0.997883 
1708328214.974174 22.263750 -17.815354 -0.515038 -0.005235 0.055945 -0.046994 0.997314 
1708328215.075037 22.339506 -17.836828 -0.528108 -0.001748 0.052903 -0.059291 0.996836 
1708328215.175936 22.413675 -17.843504 -0.522366 0.002970 0.053342 -0.068356 0.996230 
1708328215.278298 22.515354 -17.855873 -0.525788 0.003718 0.052610 -0.074770 0.995805 
1708328215.377814 22.633917 -17.850717 -0.549526 0.005242 0.055580 -0.085193 0.994799 
1708328215.478584 22.724589 -17.830703 -0.544083 0.002801 0.055440 -0.083813 0.994934 
1708328215.579408 22.814605 -17.822856 -0.535563 -0.000881 0.053355 -0.084568 0.994988 
1708328215.680208 22.924607 -17.835350 -0.559621 -0.005247 0.056382 -0.092050 0.994143 
1708328215.781322 23.016633 -17.867212 -0.582484 0.000809 0.055151 -0.105092 0.992932 
1708328215.881882 23.081548 -17.899005 -0.584759 0.009024 0.051788 -0.123077 0.991004 
1708328215.982745 23.163294 -17.914024 -0.581401 0.011919 0.047380 -0.138220 0.989196 
1708328216.083616 23.253333 -17.936831 -0.597796 0.010246 0.050141 -0.152331 0.987004 
1708328216.184813 23.348806 -17.979073 -0.602439 0.012971 0.048229 -0.168492 0.984437 
1708328216.285356 23.424780 -18.025027 -0.607730 0.013855 0.048308 -0.182390 0.981941 
1708328216.386227 23.492844 -18.067096 -0.619181 0.019585 0.050323 -0.203143 0.977659 
1708328216.487042 23.586665 -18.104824 -0.634660 0.018949 0.053343 -0.223052 0.973161 
1708328216.587896 23.658601 -18.157014 -0.632469 0.024128 0.056703 -0.246581 0.967161 
1708328216.688873 23.710092 -18.195872 -0.646857 0.032025 0.055537 -0.277405 0.958612 
1708328216.789620 23.788665 -18.247736 -0.668232 0.035972 0.052544 -0.306347 0.949788 
1708328216.890535 23.864550 -18.286903 -0.700410 0.036894 0.054098 -0.334227 0.940215 
1708328216.991350 23.922934 -18.338667 -0.695142 0.039525 0.051901 -0.362949 0.929523 
1708328217.092211 23.968924 -18.366082 -0.691457 0.037978 0.053127 -0.393945 0.916811 
1708328217.193164 24.007353 -18.417643 -0.700647 0.041156 0.050274 -0.422940 0.903826 
1708328217.293979 24.053524 -18.483038 -0.712144 0.044780 0.047359 -0.450625 0.890331 
1708328217.394994 24.083374 -18.546751 -0.713702 0.044487 0.042646 -0.484230 0.872768 
1708328217.495857 24.103160 -18.599941 -0.719478 0.046824 0.036423 -0.515058 0.855100 
1708328217.596788 24.137358 -18.662763 -0.724971 0.048104 0.030862 -0.541624 0.838676 
1708328217.697412 24.156589 -18.730877 -0.734909 0.047836 0.031726 -0.572322 0.818018 
1708328217.798302 24.160374 -18.802075 -0.732364 0.051917 0.028229 -0.598089 0.799248 
1708328217.899080 24.169408 -18.863174 -0.749856 0.050579 0.028107 -0.628368 0.775761 
1708328217.999963 24.184442 -18.973421 -0.769596 0.055968 0.022085 -0.651892 0.755921 
1708328218.101029 24.202316 -19.057222 -0.780889 0.057498 0.026476 -0.678706 0.731677 
1708328218.201787 24.218028 -19.121950 -0.785862 0.058523 0.020984 -0.703460 0.708010 
1708328218.302716 24.235159 -19.210926 -0.786421 0.057318 0.016841 -0.725855 0.685249 
1708328218.403476 24.228550 -19.320023 -0.801795 0.056797 0.014581 -0.739892 0.670166 
1708328218.504212 24.226363 -19.436004 -0.809172 0.055412 0.020561 -0.751990 0.656520 
1708328218.605081 24.217617 -19.527482 -0.804646 0.046794 0.030809 -0.756327 0.651790 
1708328218.706067 24.220124 -19.608476 -0.813324 0.040937 0.034323 -0.758191 0.649840 
1708328218.807031 24.206414 -19.729552 -0.838868 0.038579 0.036707 -0.759606 0.648200 
1708328218.913047 24.184610 -19.833968 -0.860832 0.038406 0.040967 -0.757062 0.650925 
1708328219.008960 24.164396 -19.909732 -0.868609 0.041604 0.037863 -0.758588 0.649138 
1708328219.109412 24.160225 -19.987107 -0.881436 0.039543 0.036766 -0.757946 0.650079 
1708328219.210324 24.134241 -20.087323 -0.897652 0.042659 0.034559 -0.757333 0.650717 
1708328219.311138 24.122343 -20.164650 -0.890079 0.042310 0.034390 -0.758086 0.649872 
1708328219.412224 24.113495 -20.245165 -0.899653 0.041189 0.036281 -0.757276 0.650784 
1708328219.513150 24.107953 -20.335743 -0.921545 0.039277 0.034362 -0.758509 0.649570 
1708328219.613907 24.096147 -20.443785 -0.946001 0.034816 0.039131 -0.758256 0.649849 
1708328219.714874 24.094731 -20.510130 -0.943003 0.033167 0.039078 -0.759755 0.648186 
1708328219.819246 24.085226 -20.585591 -0.936041 0.035935 0.035469 -0.758992 0.649139 
1708328219.916269 24.055143 -20.691697 -0.941217 0.033977 0.034348 -0.756203 0.652551 
1708328220.017598 24.028951 -20.793916 -0.950973 0.035875 0.034613 -0.758283 0.650016 
1708328220.117971 24.020834 -20.878036 -0.947533 0.034905 0.034108 -0.757611 0.650879 
1708328220.219347 24.023258 -20.977326 -0.934272 0.031883 0.031889 -0.754296 0.654985 
1708328220.319696 24.024412 -21.116126 -0.935102 0.028497 0.038871 -0.745105 0.665203 
1708328220.420609 24.031301 -21.218906 -0.945793 0.019664 0.044294 -0.731246 0.680390 
1708328220.521411 24.039053 -21.297258 -0.947422 0.014954 0.045040 -0.719509 0.692860 
1708328220.622256 24.034391 -21.360788 -0.975170 0.014835 0.043026 -0.713242 0.699439 
1708328220.723215 24.030850 -21.465640 -0.999950 0.021610 0.037929 -0.710873 0.701964 
1708328220.826030 24.003603 -21.542983 -0.990742 0.024724 0.031977 -0.711830 0.701188 
1708328220.924864 23.990290 -21.622550 -0.987898 0.027303 0.030857 -0.711140 0.701842 
1708328221.025935 23.988316 -21.720177 -0.995329 0.028167 0.027443 -0.711918 0.701161 
1708328221.126594 23.991510 -21.827565 -1.001863 0.030721 0.031559 -0.714135 0.698621 
1708328221.227537 23.988403 -21.910204 -0.994949 0.031339 0.029508 -0.718902 0.693777 
1708328221.328351 23.985188 -22.003174 -1.015345 0.030591 0.030417 -0.719087 0.693580 
1708328221.431466 23.996845 -22.117733 -1.038786 0.032351 0.032215 -0.716683 0.695903 
1708328221.530307 23.999252 -22.206305 -1.053208 0.032640 0.033148 -0.718368 0.694106 
1708328221.630957 23.986304 -22.295917 -1.059511 0.030850 0.033516 -0.716923 0.695662 
1708328221.731728 23.973040 -22.392320 -1.068126 0.030885 0.032380 -0.717792 0.694818 
1708328221.832575 23.963704 -22.501120 -1.090014 0.032240 0.036811 -0.718292 0.694018 
1708328221.933431 23.952347 -22.579338 -1.077187 0.031998 0.036306 -0.717882 0.694480 
1708328222.037697 23.957098 -22.656151 -1.082654 0.031530 0.036294 -0.718687 0.693670 
1708328222.135209 23.955310 -22.750656 -1.094154 0.034325 0.035904 -0.717921 0.694350 
1708328222.236091 23.957266 -22.847308 -1.118459 0.035168 0.038016 -0.717558 0.694570 
1708328222.336891 23.950356 -22.922135 -1.114415 0.036021 0.035316 -0.717849 0.694369 
1708328222.437760 23.944635 -23.003486 -1.129314 0.035953 0.036054 -0.717532 0.694662 
1708328222.538578 23.945282 -23.118626 -1.160781 0.036738 0.036864 -0.719020 0.693038 
1708328222.639469 23.950373 -23.209950 -1.156339 0.040911 0.041191 -0.717127 0.694520 
1708328222.744096 23.953648 -23.286873 -1.152913 0.039364 0.042430 -0.718320 0.693301 
1708328222.841202 23.950614 -23.381501 -1.164260 0.040752 0.044912 -0.717333 0.694086 
1708328222.942093 23.958183 -23.489767 -1.171574 0.045436 0.044561 -0.717231 0.693923 
1708328223.042967 23.938525 -23.574735 -1.191046 0.042608 0.045292 -0.717773 0.693495 
1708328223.143791 23.954858 -23.670039 -1.194841 0.043035 0.044187 -0.716890 0.694453 
1708328223.244781 23.952862 -23.767667 -1.213278 0.044045 0.044551 -0.717864 0.693359 
1708328223.345776 23.937253 -23.863567 -1.232605 0.041328 0.045848 -0.717560 0.693756 
1708328223.446443 23.943932 -23.954132 -1.227665 0.039349 0.041939 -0.718498 0.693148 
1708328223.547318 23.935877 -24.010895 -1.243903 0.037409 0.038898 -0.718270 0.693669 
1708328223.648062 23.943807 -24.121026 -1.249726 0.036016 0.036286 -0.718101 0.694058 
1708328223.748898 23.931529 -24.201114 -1.280027 0.031065 0.037092 -0.718045 0.694313 
1708328223.849830 23.938930 -24.279499 -1.282971 0.030227 0.031873 -0.717790 0.694872 
1708328223.950764 23.945083 -24.383553 -1.293037 0.027691 0.027306 -0.719139 0.693777 
1708328224.051571 23.941138 -24.512605 -1.300684 0.025224 0.029270 -0.718434 0.694521 
1708328224.152602 23.947939 -24.616334 -1.295270 0.027341 0.030772 -0.718824 0.693972 
1708328224.253341 23.943184 -24.694273 -1.288795 0.027133 0.029824 -0.717881 0.694998 
1708328224.354065 23.948502 -24.792320 -1.295348 0.024123 0.032894 -0.717916 0.694933 
1708328224.455058 23.935880 -24.914966 -1.303086 0.026939 0.030499 -0.719061 0.693755 
1708328224.555801 23.917600 -24.997873 -1.295547 0.025275 0.029444 -0.717375 0.695605 
1708328224.657091 23.916523 -25.079743 -1.303116 0.025336 0.027518 -0.718936 0.694069 
1708328224.757509 23.913804 -25.188826 -1.321913 0.024577 0.028461 -0.717744 0.695290 
1708328224.858536 23.898007 -25.292883 -1.314624 0.024122 0.030249 -0.718039 0.694927 
1708328224.959200 23.899329 -25.358102 -1.326856 0.026311 0.029878 -0.719049 0.693818 
1708328225.060146 23.880528 -25.448440 -1.339742 0.028577 0.029696 -0.718052 0.694768 
1708328225.162306 23.864928 -25.550303 -1.364212 0.033753 0.030961 -0.718119 0.694412 
1708328225.262043 23.853950 -25.632255 -1.379159 0.033473 0.032361 -0.718539 0.693926 
1708328225.362821 23.838981 -25.707227 -1.377758 0.033261 0.031357 -0.718254 0.694278 
1708328225.463828 23.837764 -25.815077 -1.387224 0.037736 0.034494 -0.718242 0.693913 
1708328225.564838 23.815364 -25.926711 -1.385901 0.035838 0.037389 -0.716688 0.695468 
1708328225.665250 23.801321 -25.997078 -1.379313 0.035435 0.033749 -0.718230 0.694082 
1708328225.766122 23.799125 -26.085615 -1.391823 0.031672 0.034388 -0.717435 0.695055 
1708328225.866930 23.800797 -26.194641 -1.406743 0.032331 0.033684 -0.718314 0.694151 
1708328225.967846 23.805170 -26.297212 -1.409318 0.033360 0.030877 -0.718215 0.694335 
1708328226.068702 23.801532 -26.377103 -1.407666 0.030841 0.032280 -0.717557 0.695067 
1708328226.169650 23.794034 -26.463759 -1.421902 0.030926 0.031331 -0.718489 0.694143 
1708328226.270449 23.794696 -26.575598 -1.444798 0.032307 0.032993 -0.718094 0.694413 
1708328226.371310 23.784763 -26.656865 -1.464152 0.030775 0.033227 -0.718728 0.693815 
1708328226.472089 23.788235 -26.739839 -1.462401 0.031404 0.033038 -0.718385 0.694151 
1708328226.573032 23.794309 -26.841238 -1.497364 0.031274 0.035540 -0.717454 0.694995 
1708328226.674047 23.785909 -26.938045 -1.508150 0.032892 0.035652 -0.718803 0.693519 
1708328226.774690 23.773652 -27.012969 -1.494910 0.033023 0.033593 -0.717187 0.695287 
1708328226.875811 23.767831 -27.099719 -1.497134 0.030778 0.032366 -0.718950 0.693625 
1708328226.976383 23.776180 -27.203526 -1.503603 0.033251 0.035014 -0.718333 0.694021 
1708328227.077254 23.786500 -27.298846 -1.513300 0.030612 0.034416 -0.717891 0.694630 
1708328227.178214 23.785273 -27.380194 -1.514117 0.030964 0.033700 -0.719531 0.692951 
1708328227.279115 23.778422 -27.474574 -1.526570 0.031359 0.031410 -0.717672 0.694966 
1708328227.380108 23.770161 -27.580101 -1.541765 0.035337 0.031061 -0.718001 0.694450 
1708328227.481048 23.753273 -27.655218 -1.544370 0.032428 0.028623 -0.717615 0.695095 
1708328227.581748 23.732886 -27.728476 -1.546023 0.029904 0.029798 -0.717817 0.694951 
1708328227.682413 23.719502 -27.835486 -1.559319 0.032047 0.027073 -0.718999 0.693744 
1708328227.783298 23.707740 -27.941401 -1.555444 0.030594 0.030401 -0.717797 0.694915 
1708328227.884109 23.687122 -28.016759 -1.544632 0.029048 0.026805 -0.718783 0.694110 
1708328227.985108 23.678932 -28.102257 -1.543481 0.024395 0.027799 -0.719082 0.693940 
1708328228.085995 23.668021 -28.204601 -1.564628 0.024385 0.028674 -0.718663 0.694339 
1708328228.186752 23.660605 -28.304402 -1.563978 0.029529 0.026366 -0.718859 0.694027 
1708328228.287629 23.659154 -28.379667 -1.572033 0.027722 0.026916 -0.718142 0.694823 
1708328228.388416 23.647912 -28.467972 -1.593599 0.028396 0.027901 -0.718505 0.694382 
1708328228.489358 23.658770 -28.581088 -1.622791 0.028803 0.034592 -0.720123 0.692385 
1708328228.590245 23.659568 -28.679701 -1.635294 0.028989 0.037601 -0.717695 0.694737 
1708328228.691133 23.660134 -28.756656 -1.644335 0.032686 0.033363 -0.719216 0.693215 
1708328228.791892 23.664323 -28.838054 -1.655830 0.032381 0.035110 -0.717962 0.694442 
1708328228.892785 23.664852 -28.945207 -1.671145 0.034799 0.035506 -0.717369 0.694918 
1708328228.993736 23.662078 -29.034578 -1.666300 0.035207 0.035460 -0.719010 0.693201 
1708328229.094605 23.651693 -29.114250 -1.676873 0.036170 0.037247 -0.717161 0.694971 
1708328229.195580 23.629982 -29.193570 -1.693695 0.035163 0.036127 -0.719004 0.693175 
1708328229.296627 23.624800 -29.296505 -1.715364 0.039334 0.040738 -0.718254 0.693473 
1708328229.397244 23.629535 -29.376091 -1.724152 0.039616 0.040597 -0.718410 0.693304 
1708328229.498187 23.636710 -29.467524 -1.721448 0.039170 0.040111 -0.718169 0.693606 
1708328229.598822 23.640508 -29.570504 -1.751883 0.037653 0.041555 -0.717148 0.694661 
1708328229.702590 23.636643 -29.668270 -1.759275 0.039776 0.041999 -0.718234 0.693393 
1708328229.800447 23.633799 -29.744374 -1.757524 0.038657 0.039664 -0.716912 0.694960 
1708328229.901305 23.624728 -29.829673 -1.749742 0.035848 0.038232 -0.718473 0.693578 
1708328230.002464 23.629827 -29.938750 -1.760131 0.037803 0.042118 -0.717676 0.694074 
1708328230.103145 23.627128 -30.021770 -1.751842 0.034305 0.041571 -0.717901 0.694055 
1708328230.206220 23.631302 -30.101407 -1.757596 0.034821 0.037535 -0.718949 0.693175 
1708328230.304820 23.638236 -30.200026 -1.761225 0.031652 0.037685 -0.718281 0.694011 
1708328230.405599 23.632829 -30.312390 -1.789161 0.034533 0.036834 -0.717989 0.694221 
1708328230.506444 23.630893 -30.390156 -1.793349 0.034590 0.035365 -0.717712 0.694580 
1708328230.607327 23.624174 -30.474460 -1.793264 0.032257 0.035402 -0.717809 0.694591 
1708328230.708483 23.610089 -30.571717 -1.807363 0.034604 0.033030 -0.718511 0.693869 
1708328230.809129 23.621935 -30.684431 -1.832029 0.035028 0.037333 -0.717615 0.694556 
1708328230.909894 23.630960 -30.764595 -1.845661 0.033663 0.036384 -0.718786 0.693463 
1708328231.010773 23.631213 -30.846685 -1.844531 0.032863 0.035890 -0.718197 0.694136 
1708328231.111909 23.627070 -30.948138 -1.860732 0.033120 0.038759 -0.717490 0.694700 
1708328231.216450 23.643384 -31.033610 -1.859451 0.035679 0.037157 -0.719086 0.693009 
1708328231.314827 23.654496 -31.100833 -1.847066 0.035653 0.036382 -0.717579 0.694612 
1708328231.414202 23.656678 -31.192629 -1.858203 0.033115 0.035610 -0.719092 0.693212 
1708328231.515102 23.658195 -31.305042 -1.874094 0.034824 0.036727 -0.718304 0.693886 
1708328231.615918 23.659281 -31.392208 -1.885696 0.030351 0.036054 -0.718822 0.693595 
1708328231.716875 23.654259 -31.469508 -1.898438 0.031587 0.034913 -0.719216 0.693190 
1708328231.817608 23.646382 -31.568657 -1.912514 0.031757 0.035335 -0.717323 0.695119 
1708328231.918482 23.620929 -31.675258 -1.927485 0.033913 0.035938 -0.718287 0.693990 
1708328232.019482 23.590759 -31.759595 -1.926598 0.033009 0.035041 -0.717338 0.695061 
1708328232.122107 23.566651 -31.843881 -1.932785 0.031268 0.035029 -0.717839 0.694624 
1708328232.221159 23.551512 -31.957732 -1.942713 0.034159 0.035783 -0.718939 0.693311 
1708328232.321984 23.557231 -32.057543 -1.946837 0.033294 0.038745 -0.717660 0.694518 
1708328232.423650 23.560153 -32.137491 -1.957038 0.032218 0.036119 -0.719130 0.693188 
1708328232.523637 23.557823 -32.230744 -1.968131 0.030643 0.035546 -0.718264 0.694186 
1708328232.625396 23.561409 -32.335821 -1.983686 0.034058 0.033787 -0.718025 0.694362 
1708328232.725421 23.558919 -32.421066 -1.981640 0.032076 0.032327 -0.718256 0.694287 
1708328232.826789 23.566254 -32.495989 -1.993065 0.030706 0.035420 -0.718203 0.694253 
1708328232.927788 23.569838 -32.587816 -2.003091 0.032177 0.034438 -0.719187 0.693217 
1708328233.028379 23.568293 -32.682295 -2.010950 0.032019 0.037226 -0.718640 0.693647 
1708328233.129086 23.569835 -32.749885 -2.003747 0.031071 0.034811 -0.719456 0.692969 
1708328233.229774 23.560827 -32.827464 -2.004305 0.030055 0.033392 -0.718753 0.693812 
1708328233.330770 23.550266 -32.941053 -2.017945 0.031443 0.034404 -0.717432 0.695068 
1708328233.431412 23.543254 -33.034093 -2.027248 0.030992 0.033531 -0.718416 0.694113 
1708328233.532388 23.542750 -33.117364 -2.025175 0.029785 0.032809 -0.717844 0.694792 
1708328233.633173 23.544492 -33.209631 -2.028019 0.028743 0.029994 -0.718953 0.693816 
1708328233.734036 23.541209 -33.323758 -2.047761 0.029710 0.033642 -0.718976 0.693584 
1708328233.834795 23.544739 -33.431316 -2.044710 0.030535 0.033574 -0.718641 0.693898 
1708328233.935772 23.540000 -33.498395 -2.044863 0.028605 0.033789 -0.719763 0.692807 
1708328234.036889 23.549328 -33.608271 -2.059099 0.029605 0.034419 -0.718341 0.694208 
1708328234.137495 23.549644 -33.721915 -2.069353 0.034665 0.033181 -0.718419 0.693953 
1708328234.238327 23.535148 -33.800437 -2.074259 0.031919 0.032758 -0.718180 0.694353 
1708328234.339220 23.521880 -33.872600 -2.074680 0.033158 0.033510 -0.717703 0.694752 
1708328234.439947 23.517731 -33.961169 -2.105377 0.032150 0.034862 -0.718853 0.693543 
1708328234.540816 23.530230 -34.063436 -2.122180 0.037385 0.038003 -0.718372 0.693613 
1708328234.641940 23.543530 -34.135465 -2.130265 0.034642 0.036121 -0.719849 0.692324 
1708328234.742553 23.543605 -34.228244 -2.150720 0.033786 0.038502 -0.719059 0.693058 
1708328234.843538 23.569063 -34.346012 -2.168849 0.036654 0.040603 -0.718306 0.693573 
1708328234.944371 23.553263 -34.432283 -2.200503 0.040313 0.040929 -0.718474 0.693177 
1708328235.045559 23.553884 -34.507652 -2.189177 0.038865 0.041448 -0.718225 0.693487 
1708328235.146149 23.547381 -34.613971 -2.200333 0.037274 0.040226 -0.719146 0.692691 
1708328235.246924 23.546495 -34.719138 -2.211056 0.037939 0.041709 -0.718520 0.693217 
1708328235.348420 23.547896 -34.797506 -2.210508 0.038195 0.039303 -0.719596 0.692226 
1708328235.449359 23.533725 -34.876570 -2.225003 0.039065 0.042446 -0.718605 0.693022 
1708328235.549500 23.522869 -34.999307 -2.231765 0.039218 0.040578 -0.718335 0.693405 
1708328235.650267 23.504806 -35.089445 -2.249287 0.041188 0.041173 -0.717848 0.693760 
1708328235.751108 23.500643 -35.176416 -2.245486 0.039738 0.043221 -0.717973 0.693591 
1708328235.852063 23.508787 -35.273259 -2.246323 0.040248 0.039846 -0.718636 0.693077 
1708328235.952984 23.512359 -35.368056 -2.274378 0.040806 0.042272 -0.717917 0.693645 
1708328236.053723 23.506372 -35.460874 -2.288690 0.041501 0.044364 -0.718188 0.693192 
1708328236.154634 23.511986 -35.535975 -2.296580 0.038936 0.041753 -0.718049 0.693647 
1708328236.255420 23.507286 -35.641629 -2.299235 0.039061 0.042087 -0.718431 0.693224 
1708328236.356438 23.503306 -35.740678 -2.313286 0.041444 0.038789 -0.718361 0.693351 
1708328236.457133 23.486200 -35.833938 -2.314056 0.038314 0.039260 -0.717417 0.694481 
1708328236.557997 23.480767 -35.920037 -2.318441 0.036709 0.037711 -0.718246 0.693797 
1708328236.658934 23.477289 -36.038448 -2.336019 0.035464 0.038269 -0.718231 0.693846 
1708328236.759771 23.476876 -36.129464 -2.351695 0.032620 0.037005 -0.719377 0.692866 
1708328236.864735 23.486629 -36.221482 -2.357297 0.035692 0.036511 -0.718884 0.693252 
1708328236.961449 23.481123 -36.315982 -2.372767 0.033442 0.038483 -0.717937 0.694239 
1708328237.062589 23.468843 -36.434985 -2.385278 0.036899 0.038685 -0.718640 0.693325 
1708328237.163671 23.455773 -36.518699 -2.390410 0.037312 0.039460 -0.717161 0.694788 
1708328237.264037 23.459525 -36.595241 -2.385978 0.036436 0.038176 -0.718268 0.693762 
1708328237.364967 23.458649 -36.701724 -2.421118 0.040354 0.039680 -0.718817 0.692892 
1708328237.465806 23.472304 -36.795417 -2.424561 0.038342 0.041336 -0.717980 0.693777 
1708328237.566722 23.476463 -36.873560 -2.422092 0.037490 0.039658 -0.719102 0.692758 
1708328237.667445 23.478343 -36.932726 -2.420490 0.035433 0.038422 -0.718209 0.693862 
1708328237.768484 23.468625 -37.038313 -2.425103 0.035451 0.035060 -0.718411 0.693830 
1708328237.869207 23.459331 -37.137033 -2.420234 0.033842 0.030725 -0.718375 0.694153 
1708328237.970189 23.448603 -37.210108 -2.412504 0.031632 0.031118 -0.717615 0.695025 
1708328238.070943 23.447998 -37.305634 -2.437233 0.029449 0.030809 -0.719419 0.693267 
1708328238.171770 23.437506 -37.415444 -2.457361 0.030122 0.033750 -0.718941 0.693598 
1708328238.272606 23.426589 -37.506518 -2.463650 0.027956 0.031134 -0.719068 0.693679 
1708328238.373716 23.438596 -37.589781 -2.453635 0.029197 0.030242 -0.719011 0.693726 
1708328238.474314 23.445824 -37.688717 -2.474767 0.025906 0.032262 -0.717414 0.695417 
1708328238.575219 23.433815 -37.791699 -2.492449 0.026765 0.033145 -0.718990 0.693713 
1708328238.676059 23.445374 -37.871382 -2.495408 0.026681 0.030267 -0.717976 0.694897 
1708328238.777114 23.447080 -37.950269 -2.492917 0.025634 0.027335 -0.718590 0.694424 
1708328238.877877 23.445046 -38.063899 -2.505157 0.025867 0.027638 -0.720235 0.692697 
1708328238.978805 23.440905 -38.175659 -2.518210 0.026836 0.031271 -0.718762 0.694034 
1708328239.079655 23.431028 -38.259643 -2.528490 0.028057 0.028418 -0.719577 0.693263 
1708328239.180416 23.430103 -38.337714 -2.519327 0.027867 0.030025 -0.719405 0.693382 
1708328239.281576 23.443117 -38.436599 -2.535514 0.030187 0.028856 -0.717238 0.695576 
1708328239.382143 23.452680 -38.540707 -2.548100 0.033855 0.031025 -0.718651 0.693853 
1708328239.483076 23.455498 -38.618064 -2.548490 0.035533 0.034372 -0.717558 0.694742 
1708328239.583758 23.445541 -38.689043 -2.565493 0.032371 0.034814 -0.718322 0.694085 
1708328239.684747 23.450495 -38.787046 -2.580149 0.039844 0.034961 -0.719246 0.692731 
1708328239.785494 23.443882 -38.871522 -2.582214 0.038372 0.038525 -0.718066 0.693847 
1708328239.886345 23.430860 -38.948532 -2.587419 0.037138 0.036736 -0.719617 0.692403 
1708328239.987463 23.415092 -39.031746 -2.606804 0.037931 0.037945 -0.718479 0.693476 
1708328240.088391 23.406736 -39.139658 -2.621274 0.040196 0.038807 -0.718370 0.693414 
1708328240.188918 23.402381 -39.239360 -2.627571 0.038454 0.035185 -0.718625 0.693442 
1708328240.289867 23.391053 -39.313437 -2.632250 0.037423 0.037420 -0.717845 0.694189 
1708328240.390714 23.364552 -39.415788 -2.642802 0.035482 0.033869 -0.719210 0.693059 
1708328240.491627 23.354681 -39.532942 -2.675103 0.038004 0.037565 -0.718212 0.693769 
1708328240.595814 23.351154 -39.623105 -2.681499 0.037369 0.035287 -0.718930 0.693179 
1708328240.693239 23.364481 -39.698613 -2.679050 0.034036 0.036009 -0.718542 0.693717 
1708328240.794255 23.363117 -39.800594 -2.698127 0.032950 0.036664 -0.717732 0.694572 
1708328240.895124 23.374859 -39.896619 -2.711702 0.034684 0.035939 -0.718913 0.693303 
1708328240.995837 23.372506 -39.970020 -2.704022 0.034289 0.034580 -0.717452 0.694903 
1708328241.096785 23.373941 -40.051830 -2.711597 0.032064 0.033583 -0.719205 0.693245 
1708328241.197519 23.397667 -40.160807 -2.727749 0.033396 0.035074 -0.718738 0.693592 
1708328241.298556 23.400185 -40.236873 -2.724854 0.029346 0.033389 -0.718874 0.693717 
1708328241.399431 23.392736 -40.313297 -2.715645 0.031541 0.033287 -0.719610 0.692863 
1708328241.500341 23.403597 -40.403692 -2.719109 0.029551 0.033839 -0.718498 0.694077 
1708328241.602267 23.383656 -40.511797 -2.740206 0.031623 0.032864 -0.718731 0.693791 
1708328241.704286 23.379422 -40.587596 -2.729699 0.033185 0.030879 -0.718035 0.694530 
1708328241.804325 23.357498 -40.667726 -2.737752 0.030100 0.031986 -0.718492 0.694147 
1708328241.903623 23.357096 -40.777923 -2.760287 0.031291 0.032485 -0.720005 0.692501 
1708328242.004391 23.371722 -40.891573 -2.788428 0.032338 0.034322 -0.718679 0.693741 
1708328242.105387 23.375575 -40.973101 -2.791498 0.032251 0.032665 -0.719305 0.693176 
1708328242.206104 23.378140 -41.055611 -2.796247 0.030014 0.031703 -0.718983 0.693655 
1708328242.307194 23.368284 -41.166583 -2.818798 0.030598 0.033969 -0.717864 0.694680 
1708328242.407882 23.361839 -41.276693 -2.826981 0.033117 0.031969 -0.719350 0.693121 
1708328242.508677 23.359790 -41.352996 -2.831500 0.032336 0.032253 -0.718005 0.694538 
1708328242.612632 23.351233 -41.434094 -2.854823 0.032264 0.031237 -0.719001 0.693557 
1708328242.710494 23.372755 -41.547755 -2.874853 0.033038 0.033856 -0.719683 0.692690 
1708328242.811441 23.374621 -41.628336 -2.878828 0.032762 0.034724 -0.718795 0.693581 
1708328242.912216 23.369386 -41.703495 -2.886927 0.035817 0.034827 -0.719903 0.692275 
1708328243.013203 23.384140 -41.787865 -2.892394 0.033821 0.035081 -0.718239 0.694088 
1708328243.113903 23.372016 -41.890923 -2.914472 0.034308 0.035030 -0.718839 0.693445 
1708328243.215204 23.364885 -41.958684 -2.910057 0.031508 0.033620 -0.718430 0.694072 
1708328243.315564 23.351367 -42.049000 -2.904043 0.030660 0.032539 -0.718491 0.694098 
1708328243.416721 23.347094 -42.145888 -2.918209 0.029315 0.033720 -0.719347 0.693212 
1708328243.517364 23.351624 -42.242853 -2.926828 0.030877 0.035813 -0.718397 0.694025 
1708328243.618136 23.355998 -42.328067 -2.926077 0.029042 0.033596 -0.719232 0.693350 
1708328243.718978 23.364324 -42.418007 -2.937857 0.028843 0.031624 -0.718955 0.693737 
1708328243.819851 23.385958 -42.515764 -2.950369 0.028804 0.033571 -0.717240 0.695420 
1708328243.920837 23.400310 -42.610502 -2.954189 0.031147 0.032769 -0.719389 0.693135 
1708328244.021622 23.409002 -42.682070 -2.944647 0.030021 0.031917 -0.717758 0.694913 
1708328244.125406 23.392030 -42.778328 -2.958018 0.029068 0.028045 -0.719692 0.693118 
1708328244.223287 23.378124 -42.895621 -2.968310 0.028883 0.031769 -0.719402 0.693266 
1708328244.324143 23.362530 -42.973794 -2.947874 0.028064 0.031024 -0.719190 0.693553 
1708328244.425273 23.364724 -43.050436 -2.957579 0.026427 0.030120 -0.720471 0.692327 
1708328244.525845 23.361788 -43.144266 -2.961912 0.028353 0.030342 -0.718809 0.693967 
1708328244.626904 23.355445 -43.256338 -2.974263 0.030289 0.031347 -0.718569 0.694088 
1708328244.727642 23.338923 -43.343889 -2.978218 0.028671 0.030867 -0.718580 0.694167 
1708328244.828498 23.334120 -43.424150 -2.979685 0.030074 0.031030 -0.718119 0.694577 
1708328244.929505 23.304109 -43.525964 -2.999086 0.030268 0.030770 -0.719670 0.692973 
1708328245.030206 23.347672 -43.622267 -3.021773 0.031876 0.035733 -0.719067 0.693290 
1708328245.131030 23.353154 -43.704989 -3.024804 0.033130 0.035721 -0.719366 0.692920 
1708328245.235728 23.319257 -43.811009 -3.049171 0.034890 0.032429 -0.718103 0.694304 
1708328245.332940 23.388325 -43.897295 -3.044824 0.038775 0.032211 -0.718282 0.693924 
1708328245.433817 23.333330 -43.987292 -3.053823 0.034965 0.032021 -0.718587 0.693819 
1708328245.540135 23.335894 -44.080585 -3.058922 0.035264 0.034956 -0.718881 0.693358 
1708328245.637116 23.316954 -44.177680 -3.068673 0.033312 0.033563 -0.719854 0.692512 
1708328245.736178 23.270495 -44.290198 -3.097929 0.034938 0.032564 -0.718954 0.693415 
1708328245.837036 23.278502 -44.393218 -3.096927 0.033947 0.031375 -0.719440 0.693015 
1708328245.939845 23.254207 -44.480460 -3.104984 0.032033 0.031102 -0.719595 0.692958 
1708328246.038751 23.243386 -44.606743 -3.112917 0.031356 0.030075 -0.719678 0.692948 
1708328246.139773 23.209372 -44.691365 -3.101570 0.033994 0.027604 -0.719063 0.693564 
1708328246.240457 23.189691 -44.760192 -3.101959 0.030707 0.029728 -0.718701 0.694004 
1708328246.341510 23.191544 -44.859420 -3.123216 0.030840 0.028334 -0.720218 0.692482 
1708328246.442197 23.171860 -44.951323 -3.134346 0.031862 0.030313 -0.718706 0.693922 
1708328246.543232 23.164653 -45.044676 -3.139025 0.032523 0.028095 -0.719464 0.693199 
1708328246.643939 23.153706 -45.126978 -3.140684 0.028397 0.029736 -0.719081 0.693708 
1708328246.744831 23.149477 -45.237044 -3.148765 0.028251 0.030206 -0.718837 0.693947 
1708328246.845798 23.144219 -45.349839 -3.149005 0.028926 0.028723 -0.718713 0.694110 
1708328246.946739 23.138404 -45.430989 -3.148072 0.027451 0.028982 -0.718412 0.694471 
1708328247.047415 23.146427 -45.531158 -3.161267 0.025575 0.027847 -0.719531 0.693430 
1708328247.148387 23.159357 -45.640270 -3.186228 0.026056 0.030721 -0.719326 0.693503 
1708328247.249443 23.140692 -45.736514 -3.197258 0.024424 0.028361 -0.719156 0.693840 
1708328247.349944 23.141388 -45.814499 -3.197562 0.027286 0.029246 -0.719408 0.693435 
1708328247.450945 23.153377 -45.909097 -3.208518 0.025538 0.029378 -0.718269 0.694676 
1708328247.551667 23.152697 -46.020065 -3.221020 0.030545 0.031751 -0.718505 0.694125 
1708328247.652490 23.141745 -46.109580 -3.224416 0.031469 0.032353 -0.717627 0.694964 
1708328247.753487 23.126498 -46.184888 -3.231182 0.030016 0.031764 -0.718337 0.694321 
1708328247.854223 23.125349 -46.279553 -3.241623 0.035571 0.032400 -0.719576 0.692744 
1708328247.955098 23.127766 -46.379440 -3.258042 0.034927 0.036000 -0.718102 0.694128 
1708328248.055943 23.129207 -46.445842 -3.256826 0.034094 0.034419 -0.719417 0.692887 
1708328248.156830 23.132892 -46.523040 -3.262942 0.032222 0.033935 -0.719013 0.693420 
1708328248.257644 23.128823 -46.623145 -3.279232 0.033895 0.034834 -0.718354 0.693978 
1708328248.358515 23.126656 -46.710941 -3.276482 0.035269 0.031844 -0.718605 0.693793 
1708328248.459396 23.121194 -46.783833 -3.282421 0.032748 0.033837 -0.718530 0.693900 
1708328248.560991 23.127022 -46.877194 -3.297025 0.032744 0.032325 -0.719301 0.693173 
1708328248.661119 23.136758 -46.989559 -3.321478 0.033644 0.034679 -0.718869 0.693464 
1708328248.762450 23.118181 -47.069936 -3.327680 0.033325 0.032897 -0.719343 0.693075 
1708328248.863212 23.123913 -47.148237 -3.335464 0.033286 0.034477 -0.719481 0.692857 
1708328248.963805 23.138598 -47.249259 -3.358221 0.032480 0.035659 -0.718262 0.694098 
1708328249.064520 23.119473 -47.359739 -3.365042 0.035502 0.036488 -0.719097 0.693042 
1708328249.165599 23.105510 -47.443169 -3.362395 0.035497 0.036165 -0.717659 0.694548 
1708328249.268308 23.093851 -47.526727 -3.360310 0.034610 0.035858 -0.718644 0.693590 
1708328249.367102 23.110442 -47.644022 -3.379688 0.038414 0.039437 -0.718950 0.692879 
1708328249.472494 23.102302 -47.751786 -3.384588 0.036354 0.039689 -0.717960 0.694001 
1708328249.570502 23.094402 -47.828848 -3.392092 0.036082 0.036992 -0.718948 0.693140 
1708328249.669683 23.097897 -47.913446 -3.406215 0.036273 0.038400 -0.718102 0.693930 
1708328249.773684 23.099330 -48.016419 -3.418647 0.037534 0.038091 -0.718490 0.693478 
1708328249.871442 23.092756 -48.093050 -3.424355 0.039879 0.035601 -0.717800 0.694194 
1708328249.972303 23.080443 -48.175435 -3.427228 0.038279 0.037372 -0.717778 0.694213 
1708328250.073785 23.067562 -48.262685 -3.447517 0.039193 0.037524 -0.719174 0.692708 
1708328250.173990 23.076800 -48.369338 -3.473584 0.039522 0.039852 -0.718904 0.692840 
1708328250.274843 23.077194 -48.448819 -3.476449 0.039768 0.039403 -0.718908 0.692847 
1708328250.375775 23.078078 -48.534105 -3.475567 0.037099 0.037685 -0.718860 0.693141 
1708328250.476532 23.070963 -48.635565 -3.486582 0.036420 0.040046 -0.717919 0.694018 
1708328250.577564 23.055266 -48.736299 -3.482992 0.038043 0.037168 -0.719076 0.692894 
1708328250.678485 23.048873 -48.813757 -3.482804 0.036621 0.037277 -0.717787 0.694299 
1708328250.779932 23.041693 -48.910246 -3.493135 0.035262 0.036888 -0.718822 0.693319 
1708328250.880090 23.050250 -49.028730 -3.516179 0.035516 0.039398 -0.718724 0.693269 
1708328250.983373 23.052993 -49.097945 -3.516126 0.034571 0.038006 -0.718540 0.693586 
1708328251.081925 23.057392 -49.178017 -3.518638 0.036486 0.037675 -0.718986 0.693043 
1708328251.182568 23.080911 -49.267007 -3.534262 0.033178 0.039788 -0.718387 0.693712 
1708328251.283438 23.070391 -49.369204 -3.554076 0.037702 0.039366 -0.718252 0.693644 
1708328251.384355 23.060427 -49.463314 -3.562211 0.038137 0.038531 -0.718111 0.693814 
1708328251.485214 23.049065 -49.539479 -3.570164 0.038172 0.040431 -0.717637 0.694194 
1708328251.586418 23.012328 -49.638666 -3.594513 0.041951 0.040379 -0.718423 0.693165 
1708328251.687223 23.028125 -49.737204 -3.608810 0.045224 0.046830 -0.717733 0.693269 
1708328251.790408 23.040718 -49.815740 -3.613628 0.045196 0.044193 -0.718489 0.692661 
1708328251.892472 23.048180 -49.901169 -3.621116 0.043251 0.046143 -0.718289 0.692865 
1708328251.989435 23.053236 -49.996171 -3.641680 0.041328 0.048638 -0.717449 0.693681 
1708328252.090594 23.068654 -50.085344 -3.645716 0.044908 0.045095 -0.718732 0.692368 
1708328252.192367 23.080726 -50.161367 -3.650463 0.046468 0.044107 -0.717526 0.693579 
1708328252.292007 23.071269 -50.258411 -3.668833 0.044681 0.044531 -0.718495 0.692665 
1708328252.393053 23.064208 -50.359872 -3.686794 0.046584 0.048098 -0.718057 0.692756 
1708328252.493784 23.042560 -50.438634 -3.693470 0.043138 0.045275 -0.718489 0.692721 
1708328252.596856 23.042694 -50.512213 -3.696867 0.044229 0.045196 -0.718945 0.692184 
1708328252.695576 23.052354 -50.614412 -3.704637 0.040352 0.039308 -0.717834 0.693931 
1708328252.798389 23.039329 -50.714430 -3.696349 0.042803 0.037998 -0.717862 0.693828 
1708328252.897252 23.021521 -50.797936 -3.704342 0.040708 0.039476 -0.716503 0.695276 
1708328253.000290 23.020756 -50.882857 -3.717943 0.035405 0.039146 -0.717998 0.694041 
1708328253.098885 23.011030 -50.989892 -3.730105 0.038996 0.036719 -0.719445 0.692481 
1708328253.199772 23.039030 -51.092562 -3.746321 0.037793 0.040223 -0.718495 0.693339 
1708328253.300609 23.043753 -51.168496 -3.748220 0.035325 0.037548 -0.719440 0.692639 
1708328253.401543 23.054444 -51.252333 -3.758253 0.030887 0.034094 -0.719293 0.693182 
1708328253.502409 23.047489 -51.358130 -3.775146 0.031812 0.035161 -0.718220 0.694199 
1708328253.603212 23.048828 -51.442843 -3.762004 0.032563 0.032044 -0.719280 0.693217 
1708328253.704478 23.036614 -51.521492 -3.761768 0.030661 0.032149 -0.717954 0.694671 
1708328253.804895 23.027316 -51.627907 -3.764210 0.030523 0.031316 -0.718866 0.693772 
1708328253.905883 23.019332 -51.730523 -3.779831 0.031415 0.033626 -0.718494 0.694009 
1708328254.007146 23.008243 -51.808046 -3.779223 0.029537 0.031948 -0.718603 0.694058 
1708328254.108524 23.010199 -51.886881 -3.793118 0.029259 0.031046 -0.719133 0.693562 
1708328254.208653 23.002306 -51.995350 -3.807603 0.029830 0.032593 -0.718082 0.694554 
1708328254.316644 22.980592 -52.109174 -3.823389 0.033147 0.031547 -0.718039 0.694497 
1708328254.412585 22.979190 -52.184331 -3.822285 0.034501 0.030825 -0.717511 0.695009 
1708328254.511055 22.972238 -52.273958 -3.832422 0.032715 0.031841 -0.718569 0.693956 
1708328254.611856 22.961700 -52.385550 -3.857192 0.033719 0.034397 -0.720175 0.692119 
1708328254.713470 22.988779 -52.473953 -3.859447 0.036439 0.038410 -0.718723 0.693278 
1708328254.813706 22.965991 -52.549403 -3.864149 0.035678 0.036383 -0.719492 0.692629 
1708328254.914645 22.976023 -52.645871 -3.873122 0.034179 0.035403 -0.718471 0.693814 
1708328255.015329 22.991817 -52.747475 -3.882082 0.035613 0.035235 -0.718846 0.693362 
1708328255.116051 22.969086 -52.826983 -3.882026 0.032550 0.033951 -0.719068 0.693346 
1708328255.217516 22.996473 -52.917770 -3.891582 0.033443 0.034074 -0.719904 0.692429 
1708328255.317858 23.003344 -53.041967 -3.907019 0.031422 0.034247 -0.719281 0.693163 
1708328255.418768 23.013787 -53.148477 -3.927606 0.031741 0.036290 -0.719080 0.693253 
1708328255.519928 23.016000 -53.225266 -3.933444 0.033226 0.033884 -0.719808 0.692549 
1708328255.620352 23.004508 -53.297866 -3.964972 0.031212 0.036061 -0.719280 0.693081 
1708328255.721223 23.039603 -53.412068 -3.974935 0.034665 0.038337 -0.719287 0.692788 
1708328255.822256 23.009662 -53.476494 -3.979758 0.037609 0.040019 -0.718303 0.693560 
1708328255.923011 23.021973 -53.555021 -3.977205 0.038042 0.038651 -0.718269 0.693649 
1708328256.023832 23.062542 -53.650423 -3.983387 0.037679 0.038871 -0.719995 0.691865 
1708328256.124779 23.041980 -53.752656 -3.997106 0.038956 0.043621 -0.718903 0.692645 
1708328256.225622 23.047257 -53.836125 -3.988394 0.037977 0.042436 -0.718733 0.692950 
1708328256.326370 23.042423 -53.913050 -3.996783 0.035394 0.037724 -0.718848 0.693240 
1708328256.427247 23.039203 -54.030381 -4.004211 0.035468 0.035046 -0.718724 0.693506 
1708328256.528233 23.032846 -54.144823 -4.008840 0.035548 0.033518 -0.719010 0.693280 
1708328256.628955 23.015734 -54.225829 -4.002632 0.032841 0.034198 -0.717886 0.694545 
1708328256.729954 22.996584 -54.317915 -4.011817 0.031984 0.031259 -0.719116 0.693449 
1708328256.830776 22.989658 -54.446122 -4.018742 0.031909 0.033551 -0.718610 0.693870 
1708328256.931543 22.981479 -54.528763 -4.035476 0.030184 0.031506 -0.719046 0.693592 
1708328257.034283 22.987112 -54.615557 -4.038445 0.029193 0.029965 -0.719296 0.693443 
1708328257.133243 22.998771 -54.714075 -4.051641 0.027298 0.028604 -0.718156 0.694758 
1708328257.235055 22.985720 -54.826158 -4.058767 0.029686 0.030996 -0.719083 0.693598 
1708328257.334979 22.979975 -54.917818 -4.057080 0.030262 0.032243 -0.718008 0.694628 
1708328257.435979 22.966460 -55.004245 -4.062487 0.029622 0.031583 -0.718278 0.694408 
1708328257.536740 22.958302 -55.105701 -4.079673 0.032632 0.033581 -0.719295 0.693125 
1708328257.637580 22.963956 -55.206194 -4.090757 0.032988 0.038002 -0.718091 0.694127 
1708328257.739022 22.968972 -55.298694 -4.093764 0.033058 0.036194 -0.719198 0.693074 
1708328257.839331 22.970887 -55.375590 -4.110257 0.032800 0.037389 -0.718548 0.693697 
1708328257.940122 22.966072 -55.473382 -4.139022 0.033641 0.039009 -0.717961 0.694174 
1708328258.046283 22.996887 -55.579233 -4.148367 0.037355 0.033781 -0.719209 0.692966 
1708328258.141866 22.997056 -55.652111 -4.167899 0.033663 0.033270 -0.717808 0.694631 
1708328258.242694 22.993384 -55.749082 -4.166387 0.029330 0.030078 -0.719490 0.693231 
1708328258.343580 22.975774 -55.849215 -4.168029 0.030897 0.029513 -0.718852 0.693849 
1708328258.444485 22.948069 -55.920306 -4.165412 0.027861 0.026318 -0.719276 0.693667 
1708328258.545744 22.949195 -55.990481 -4.172031 0.024903 0.025040 -0.719791 0.693292 
1708328258.646196 22.948879 -56.096043 -4.185629 0.020778 0.021203 -0.718766 0.694618 
1708328258.747280 22.943636 -56.205820 -4.198363 0.021238 0.019655 -0.719834 0.693543 
1708328258.848123 22.942541 -56.285109 -4.204258 0.017256 0.019490 -0.719158 0.694359 
1708328258.948722 22.924967 -56.356190 -4.202371 0.016473 0.019079 -0.718964 0.694590 
1708328259.049613 22.909984 -56.466239 -4.217924 0.018841 0.019835 -0.720718 0.692689 
1708328259.150412 22.922125 -56.573818 -4.223901 0.018349 0.023261 -0.719239 0.694131 
1708328259.252547 22.925984 -56.654871 -4.228732 0.017084 0.019958 -0.720128 0.693344 
1708328259.352654 22.934669 -56.740271 -4.233071 0.016543 0.019547 -0.720427 0.693058 
1708328259.454312 22.939666 -56.853719 -4.239926 0.018627 0.020470 -0.718545 0.694930 
1708328259.553956 22.933250 -56.963165 -4.239150 0.020977 0.021190 -0.719831 0.693508 
1708328259.654721 22.935172 -57.048183 -4.247397 0.019530 0.021193 -0.718440 0.694992 
1708328259.755608 22.907111 -57.127429 -4.273314 0.021578 0.020491 -0.718907 0.694469 
1708328259.858491 22.890990 -57.234171 -4.288550 0.026130 0.021878 -0.721293 0.691791 
1708328259.957330 22.881531 -57.339788 -4.287470 0.028558 0.028169 -0.718089 0.694794 
1708328260.061498 22.862459 -57.413970 -4.277768 0.029083 0.028197 -0.719760 0.693041 
1708328260.159012 22.859045 -57.483223 -4.274542 0.026933 0.029242 -0.719067 0.693803 
1708328260.259872 22.832197 -57.574675 -4.275971 0.028699 0.030226 -0.718049 0.694744 
1708328260.360916 22.836723 -57.645824 -4.275022 0.029976 0.029095 -0.719664 0.693065 
1708328260.461680 22.852678 -57.717120 -4.263972 0.029626 0.031046 -0.715673 0.697116 
1708328260.562672 22.877579 -57.810891 -4.284217 0.024467 0.034916 -0.706343 0.706584 
1708328260.663464 22.906630 -57.927717 -4.306690 0.019565 0.041835 -0.693150 0.719312 
1708328260.764376 22.900605 -58.012258 -4.319555 0.013420 0.041941 -0.685200 0.727022 
1708328260.865289 22.893786 -58.085454 -4.319271 0.015491 0.038272 -0.682965 0.729283 
1708328260.966055 22.898699 -58.189688 -4.334070 0.022202 0.034694 -0.681346 0.730801 
1708328261.066756 22.896667 -58.295701 -4.354398 0.026144 0.033807 -0.683383 0.728808 
1708328261.167717 22.902554 -58.377758 -4.351565 0.026169 0.034578 -0.681984 0.730081 
1708328261.268465 22.900674 -58.463663 -4.355771 0.027933 0.033008 -0.682573 0.729537 
1708328261.369484 22.906057 -58.594567 -4.369637 0.030409 0.038626 -0.684119 0.727712 
1708328261.470208 22.927862 -58.697723 -4.387281 0.034057 0.047019 -0.681739 0.729289 
1708328261.571140 22.946856 -58.768761 -4.402366 0.035149 0.050501 -0.680498 0.730162 
1708328261.671910 23.008926 -58.864602 -4.416338 0.036681 0.060771 -0.667786 0.740961 
1708328261.772774 22.990635 -58.960490 -4.441542 0.039830 0.061747 -0.664518 0.743651 
1708328261.873996 23.000572 -59.041599 -4.448104 0.044104 0.061862 -0.663055 0.744705 
1708328261.974488 22.989064 -59.101833 -4.467241 0.047123 0.065106 -0.662398 0.744828 
1708328262.075453 23.008073 -59.209106 -4.469218 0.053431 0.064374 -0.662202 0.744641 
1708328262.176277 23.017988 -59.310776 -4.476981 0.054396 0.067805 -0.662391 0.744098 
1708328262.277073 23.031690 -59.375205 -4.477679 0.052125 0.068085 -0.663665 0.743099 
1708328262.377933 23.041606 -59.453178 -4.491136 0.053196 0.066659 -0.663637 0.743177 
1708328262.479067 23.070996 -59.569762 -4.520431 0.052399 0.068494 -0.663624 0.743079 
1708328262.580898 23.068332 -59.666473 -4.543822 0.055800 0.067398 -0.663941 0.742648 
1708328262.680532 23.082257 -59.753859 -4.556202 0.058711 0.066921 -0.663143 0.743180 
1708328262.781758 23.084801 -59.828107 -4.576995 0.057786 0.070666 -0.662957 0.743071 
1708328262.882213 23.098133 -59.942299 -4.599878 0.061143 0.071202 -0.664237 0.741607 
1708328262.983179 23.121204 -60.023807 -4.614350 0.059250 0.074773 -0.662442 0.743014 
1708328263.083923 23.150665 -60.121053 -4.627142 0.057509 0.072536 -0.661467 0.744240 
1708328263.184825 23.139642 -60.185504 -4.666293 0.050455 0.078357 -0.651860 0.752591 
1708328263.285640 23.158822 -60.290982 -4.687511 0.052767 0.076989 -0.654772 0.750042 
1708328263.386582 23.185117 -60.373951 -4.681152 0.054468 0.074056 -0.653065 0.751702 
1708328263.487380 23.197417 -60.441352 -4.683042 0.055493 0.072700 -0.652409 0.752328 
1708328263.588279 23.220398 -60.545772 -4.711553 0.055824 0.068078 -0.653829 0.751503 
1708328263.689066 23.250834 -60.678443 -4.722146 0.054163 0.074536 -0.650618 0.753795 
1708328263.789928 23.291530 -60.791461 -4.736317 0.047585 0.074724 -0.641799 0.761738 
1708328263.891043 23.287620 -60.844211 -4.744900 0.046337 0.079498 -0.634723 0.767241 
1708328263.991672 23.298722 -60.921667 -4.781885 0.044846 0.080118 -0.633137 0.768575 
1708328264.092635 23.292636 -61.011634 -4.796296 0.052468 0.074204 -0.635194 0.766987 
1708328264.193376 23.297659 -61.081796 -4.805196 0.052662 0.073221 -0.633943 0.768102 
1708328264.294256 23.310046 -61.169241 -4.810617 0.049132 0.068233 -0.635143 0.767804 
1708328264.395102 23.336396 -61.293372 -4.818891 0.047076 0.068306 -0.635111 0.767953 
1708328264.496002 23.363053 -61.367406 -4.821437 0.038676 0.060570 -0.635121 0.769062 
1708328264.596963 23.390493 -61.445590 -4.828100 0.034218 0.050592 -0.636841 0.768572 
1708328264.697872 23.424468 -61.544694 -4.848532 0.025777 0.042169 -0.636247 0.769900 
1708328264.798865 23.446487 -61.640575 -4.852614 0.023679 0.033575 -0.636885 0.769863 
1708328264.899378 23.450197 -61.707645 -4.833164 0.019147 0.027212 -0.643059 0.765093 
1708328265.000247 23.439144 -61.743852 -4.854980 0.018936 0.017315 -0.653688 0.756329 
1708328265.102392 23.434405 -61.787822 -4.869238 0.028578 0.003893 -0.674784 0.737451 
1708328265.202058 23.433360 -61.876188 -4.877982 0.033189 -0.001332 -0.696259 0.717022 
1708328265.302866 23.419978 -61.948136 -4.852517 0.034184 -0.003016 -0.720056 0.693067 
1708328265.403762 23.407169 -62.066126 -4.850004 0.035367 -0.006207 -0.739828 0.671837 
1708328265.504555 23.397563 -62.195331 -4.871778 0.030578 -0.002869 -0.755151 0.654831 
1708328265.605661 23.367768 -62.279790 -4.879563 0.033030 -0.002988 -0.771607 0.635234 
1708328265.706257 23.352071 -62.367932 -4.862422 0.030965 -0.003729 -0.787624 0.615366 
1708328265.807158 23.338821 -62.472549 -4.877864 0.030513 -0.006607 -0.803335 0.594709 
1708328265.908426 23.304951 -62.601007 -4.890608 0.032204 -0.004290 -0.814759 0.578889 
1708328266.008995 23.270579 -62.697022 -4.895249 0.032068 0.001153 -0.824908 0.564355 
1708328266.109744 23.239405 -62.756870 -4.895340 0.031846 0.001773 -0.835672 0.548302 
1708328266.210605 23.187148 -62.827936 -4.898646 0.033046 0.000635 -0.847942 0.529058 
1708328266.311573 23.133902 -62.906636 -4.895612 0.039480 -0.001517 -0.860212 0.508404 
1708328266.412508 23.073540 -62.970849 -4.901441 0.041446 -0.003733 -0.872715 0.486454 
1708328266.516471 23.008652 -63.026148 -4.900069 0.043959 -0.004139 -0.883701 0.465965 
1708328266.614233 22.932276 -63.114692 -4.913375 0.045228 -0.006474 -0.893598 0.446538 
1708328266.714944 22.874816 -63.211655 -4.943137 0.045765 -0.004451 -0.902360 0.428523 
1708328266.816437 22.828264 -63.274496 -4.940279 0.045006 -0.002615 -0.911155 0.409590 
1708328266.916570 22.770009 -63.368741 -4.958720 0.043004 -0.000893 -0.920583 0.388171 
1708328267.017825 22.666918 -63.486567 -4.990439 0.043380 0.001713 -0.925532 0.376172 
1708328267.118298 22.627343 -63.560359 -5.000949 0.042705 0.004855 -0.927501 0.371342 
1708328267.219321 22.550113 -63.622136 -4.999441 0.039870 0.009939 -0.926994 0.372818 
1708328267.320053 22.443826 -63.719829 -4.997625 0.037600 0.011816 -0.929104 0.367712 
1708328267.421109 22.336193 -63.803288 -5.012861 0.041233 0.010517 -0.932695 0.358148 
1708328267.521741 22.221644 -63.880931 -4.998321 0.043274 0.005218 -0.937939 0.344051 
1708328267.622787 22.126714 -63.936563 -5.008657 0.044256 0.000253 -0.944603 0.325217 
1708328267.723494 22.023690 -63.998668 -5.035083 0.046381 -0.000718 -0.948759 0.312577 
1708328267.824323 21.935541 -64.089574 -5.051455 0.050473 0.000595 -0.953862 0.295973 
1708328267.925171 21.892428 -64.129234 -5.060868 0.047272 -0.000640 -0.959335 0.278284 
1708328268.026220 21.828773 -64.167792 -5.054359 0.052169 -0.001496 -0.963273 0.263403 
1708328268.126923 21.754785 -64.216350 -5.073610 0.050894 -0.006565 -0.966839 0.250178 
1708328268.227842 21.682417 -64.283274 -5.082208 0.050892 -0.004276 -0.970904 0.233961 
1708328268.330632 21.621968 -64.327157 -5.075588 0.045818 -0.004801 -0.975071 0.217060 
1708328268.429568 21.549207 -64.348331 -5.101399 0.042392 -0.006180 -0.978071 0.203818 
1708328268.530480 21.438977 -64.394279 -5.107797 0.041198 -0.007999 -0.981183 0.188462 
1708328268.631277 21.352698 -64.424208 -5.114453 0.039713 -0.011218 -0.985108 0.166908 
1708328268.732846 21.291065 -64.434558 -5.102192 0.036164 -0.015301 -0.988402 0.146697 
1708328268.833221 21.222800 -64.435185 -5.104791 0.032580 -0.021006 -0.991287 0.125890 
1708328268.933749 21.128249 -64.466339 -5.123757 0.029444 -0.020141 -0.993654 0.106673 
1708328269.034611 21.052135 -64.467723 -5.147389 0.032656 -0.012362 -0.995217 0.091237 
1708328269.135491 21.007603 -64.459196 -5.126044 0.033875 -0.012294 -0.996834 0.070880 
1708328269.236339 20.954569 -64.451478 -5.116834 0.031900 -0.018091 -0.997985 0.051775 
1708328269.337238 20.862547 -64.443813 -5.118643 0.031218 -0.017739 -0.998849 0.031801 
1708328269.438164 20.812470 -64.444311 -5.134804 0.031129 -0.016947 -0.999250 0.015563 
1708328269.538908 20.754035 -64.450434 -5.150120 0.035621 -0.019112 -0.999176 0.003744 
1708328269.639772 20.678884 -64.461195 -5.196086 0.037731 -0.012406 -0.999208 -0.002406 
1708328269.740757 20.582567 -64.477026 -5.196979 0.044375 -0.012418 -0.998937 -0.001277 
1708328269.841841 20.515593 -64.486691 -5.209792 0.051772 -0.006203 -0.998636 -0.002617 
1708328269.942360 20.429980 -64.491217 -5.229894 0.058365 0.001269 -0.998294 -0.000330 
1708328270.043399 20.333633 -64.511082 -5.250603 0.066896 0.003890 -0.997746 -0.003681 
1708328270.144149 20.233955 -64.521484 -5.251438 0.069780 0.000758 -0.997560 -0.002167 
1708328270.245411 20.153049 -64.526216 -5.236285 0.071781 -0.001628 -0.997419 -0.000603 
1708328270.346164 20.037818 -64.543142 -5.256868 0.075666 -0.009379 -0.997086 0.002521 
1708328270.446647 19.913441 -64.551231 -5.277941 0.081643 -0.002075 -0.996653 0.003516 
1708328270.548140 19.818408 -64.554320 -5.264699 0.080849 0.006455 -0.996705 0.001280 
1708328270.648680 19.730695 -64.570581 -5.287845 0.084046 -0.002606 -0.996458 0.000892 
1708328270.749570 19.620729 -64.594309 -5.330701 0.083859 0.001031 -0.996476 -0.001209 
1708328270.850166 19.498530 -64.627372 -5.357199 0.087847 0.004133 -0.996123 -0.002118 
1708328270.950930 19.416730 -64.650532 -5.367839 0.087195 0.001362 -0.996189 -0.001313 
1708328271.051853 19.334878 -64.650141 -5.380328 0.086217 -0.000445 -0.996276 -0.000271 
1708328271.153792 19.236922 -64.657531 -5.420541 0.091897 -0.004573 -0.995755 0.002274 
1708328271.253505 19.121622 -64.661491 -5.442748 0.094545 -0.000061 -0.995519 0.001870 
1708328271.354506 19.034797 -64.668889 -5.454776 0.092372 -0.003116 -0.995720 0.000391 
1708328271.455246 18.945865 -64.676000 -5.474330 0.096151 -0.000301 -0.995366 0.001040 
1708328271.556090 18.828354 -64.680778 -5.500796 0.099177 -0.001793 -0.995067 -0.001694 
1708328271.657152 18.717913 -64.685146 -5.506903 0.099571 -0.000126 -0.995030 -0.000858 
1708328271.760510 18.648994 -64.681615 -5.506665 0.099809 -0.001936 -0.995004 0.001448 
1708328271.859046 18.537810 -64.686150 -5.516119 0.096409 0.000910 -0.995341 0.001117 
1708328271.959605 18.437367 -64.697075 -5.532775 0.098386 0.003488 -0.995140 0.002313 
1708328272.062294 18.354589 -64.715030 -5.536983 0.096795 0.002004 -0.995302 0.001194 
1708328272.161362 18.284423 -64.730466 -5.565498 0.097578 0.000439 -0.995227 0.000803 
1708328272.262458 18.191219 -64.748836 -5.602457 0.097677 0.004369 -0.995208 -0.000599 
1708328272.363368 18.104777 -64.760986 -5.613386 0.101507 0.005513 -0.994818 -0.001513 
1708328272.464020 18.009274 -64.776317 -5.632659 0.097355 0.000393 -0.995249 -0.000853 
1708328272.565012 17.927574 -64.785650 -5.646005 0.094014 -0.003150 -0.995566 -0.000126 
1708328272.665996 17.822233 -64.806415 -5.674501 0.096069 -0.000919 -0.995368 0.003580 
1708328272.766837 17.700813 -64.812393 -5.707507 0.090548 0.001692 -0.995890 0.001029 
1708328272.867258 17.621920 -64.831180 -5.725756 0.092754 0.000939 -0.995688 -0.000475 
1708328272.968153 17.531098 -64.847531 -5.739970 0.092642 -0.002083 -0.995694 0.002454 
1708328273.068966 17.423516 -64.869954 -5.760410 0.097365 -0.001563 -0.995244 -0.002581 
1708328273.170007 17.313309 -64.897251 -5.757398 0.094824 0.004111 -0.995483 -0.002455 
1708328273.276370 17.228263 -64.900362 -5.766622 0.092309 -0.000143 -0.995730 -0.000067 
1708328273.372707 17.136708 -64.906412 -5.791236 0.087832 -0.004325 -0.996125 0.001580 
1708328273.472409 17.016409 -64.898475 -5.819680 0.091200 -0.003477 -0.995823 0.002628 
1708328273.573264 16.937541 -64.890243 -5.833549 0.088986 -0.004013 -0.996024 0.001231 
1708328273.674262 16.867091 -64.887826 -5.844470 0.089727 -0.001899 -0.995962 0.002384 
1708328273.774981 16.772044 -64.906654 -5.872434 0.089984 0.004891 -0.995931 0.000356 
1708328273.884332 16.659011 -64.907985 -5.887156 0.094330 0.005236 -0.995527 -0.001085 
1708328273.976854 16.598141 -64.903542 -5.889782 0.090451 0.000940 -0.995899 0.001600 
1708328274.077748 16.518895 -64.907566 -5.904760 0.088962 -0.002074 -0.996033 0.000877 
1708328274.178679 16.416413 -64.918505 -5.933034 0.094079 -0.007847 -0.995519 0.005460 
1708328274.279493 16.331814 -64.922178 -5.921906 0.098416 0.002592 -0.995135 0.003613 
1708328274.380318 16.243905 -64.930499 -5.920289 0.097348 0.003296 -0.995245 -0.000137 
1708328274.481256 16.158297 -64.936915 -5.956732 0.096424 0.000451 -0.995340 -0.000772 
1708328274.581945 16.060714 -64.936024 -5.956190 0.098681 0.001697 -0.995116 -0.001621 
1708328274.682856 15.971393 -64.950308 -5.956504 0.094724 -0.005650 -0.995487 -0.000577 
1708328274.783616 15.908573 -64.956638 -5.975113 0.090905 -0.001279 -0.995858 -0.001010 
1708328274.884513 15.792806 -64.963055 -5.999480 0.085480 -0.000622 -0.996340 -0.000249 
1708328274.985319 15.685730 -64.975781 -6.033819 0.090629 0.004905 -0.995872 0.000950 
1708328275.086160 15.602619 -64.984260 -6.033622 0.091633 -0.000768 -0.995792 0.000795 
1708328275.188364 15.518333 -64.987530 -6.050640 0.090785 0.000313 -0.995870 -0.000095 
1708328275.287899 15.410024 -64.981423 -6.084510 0.092460 -0.002239 -0.995714 0.000423 
1708328275.388914 15.322656 -64.974505 -6.101134 0.091552 -0.002969 -0.995796 -0.000688 
1708328275.489603 15.242975 -64.969439 -6.113580 0.089464 -0.002269 -0.995987 0.000481 
1708328275.590658 15.151180 -64.964591 -6.119595 0.086063 -0.000395 -0.996290 0.000115 
1708328275.691515 15.037089 -64.963112 -6.140999 0.090394 -0.000009 -0.995906 -0.000048 
1708328275.792202 14.937057 -64.957136 -6.146167 0.089124 0.003167 -0.996014 0.001611 
1708328275.893023 14.865894 -64.961300 -6.145846 0.089352 -0.000689 -0.996000 -0.000304 
1708328275.994032 14.785393 -64.968229 -6.167501 0.089439 0.002910 -0.995987 0.001069 
1708328276.094767 14.671032 -64.967504 -6.192960 0.092096 0.004978 -0.995738 0.000334 
1708328276.195709 14.589470 -64.974983 -6.209550 0.091688 -0.000861 -0.995787 0.000911 
1708328276.296682 14.522061 -64.984761 -6.227364 0.091311 0.000225 -0.995822 0.001302 
1708328276.397339 14.419560 -65.011201 -6.267585 0.088370 -0.005044 -0.996075 0.000643 
1708328276.498491 14.319599 -65.026966 -6.291367 0.092093 -0.001234 -0.995747 0.002121 
1708328276.599061 14.255187 -65.032649 -6.283815 0.091186 -0.000917 -0.995829 0.002829 
1708328276.700083 14.148735 -65.043268 -6.299932 0.090682 0.000262 -0.995880 0.000560 
1708328276.800917 14.024028 -65.053891 -6.327545 0.089312 0.000426 -0.996000 0.002538 
1708328276.901781 13.926894 -65.068938 -6.344911 0.090112 -0.003228 -0.995926 -0.000332 
1708328277.002544 13.852494 -65.071450 -6.358778 0.088045 -0.005628 -0.996099 0.001652 
1708328277.103448 13.762712 -65.072708 -6.369979 0.086878 -0.002975 -0.996214 -0.000845 
1708328277.204727 13.654436 -65.069594 -6.388348 0.088283 -0.000378 -0.996095 -0.000775 
1708328277.305114 13.572516 -65.063326 -6.385540 0.085549 0.001173 -0.996333 -0.000721 
1708328277.405942 13.494163 -65.059855 -6.393621 0.085991 -0.001509 -0.996295 0.000131 
1708328277.506796 13.394849 -65.057139 -6.397880 0.085312 0.000623 -0.996351 0.002562 
1708328277.607624 13.299634 -65.045843 -6.407197 0.085675 0.001789 -0.996321 0.000598 
1708328277.708539 13.214943 -65.035408 -6.405962 0.084027 0.003393 -0.996458 0.000556 
1708328277.809490 13.114166 -65.033280 -6.413966 0.082346 0.006032 -0.996586 0.000148 
1708328277.910283 12.999084 -65.034347 -6.433725 0.083811 0.004627 -0.996471 0.000381 
1708328278.011278 12.911141 -65.051273 -6.446493 0.080673 0.003482 -0.996734 0.001170 
1708328278.112087 12.836757 -65.062460 -6.449469 0.080106 0.001209 -0.996785 -0.000782 
1708328278.213062 12.746891 -65.067222 -6.472488 0.079441 0.002534 -0.996836 0.000522 
1708328278.313800 12.640398 -65.057982 -6.493272 0.078772 0.000339 -0.996892 -0.000629 
1708328278.414504 12.543516 -65.046198 -6.503671 0.079036 -0.014013 -0.996740 -0.008149 
1708328278.515550 12.477257 -65.037605 -6.513853 0.079757 -0.008184 -0.996700 -0.012713 
1708328278.616249 12.379246 -65.039862 -6.536900 0.078809 -0.008500 -0.996763 -0.013409 
1708328278.717445 12.281812 -65.043129 -6.555460 0.083484 -0.004394 -0.996424 -0.012298 
1708328278.817931 12.200323 -65.048810 -6.560165 0.081863 -0.003527 -0.996563 -0.012208 
1708328278.918782 12.122864 -65.051317 -6.567324 0.081202 0.002030 -0.996618 -0.012421 
1708328279.019852 12.015323 -65.053307 -6.598731 0.082853 -0.002068 -0.996490 -0.011810 
1708328279.120565 11.917946 -65.059548 -6.605864 0.082889 -0.005754 -0.996465 -0.012376 
1708328279.221384 11.839304 -65.062911 -6.612650 0.080620 -0.003247 -0.996671 -0.011696 
1708328279.322438 11.738601 -65.061407 -6.635287 0.079667 -0.003116 -0.996720 -0.013887 
1708328279.423155 11.637459 -65.055437 -6.667735 0.081459 -0.004621 -0.996582 -0.012959 
1708328279.523981 11.553783 -65.056096 -6.686303 0.079291 -0.007153 -0.996746 -0.012582 
1708328279.624813 11.487577 -65.046872 -6.692727 0.079594 -0.005263 -0.996739 -0.012149 
1708328279.725805 11.372378 -65.041690 -6.706757 0.076089 -0.006396 -0.997026 -0.010391 
1708328279.831367 11.279794 -65.026091 -6.717528 0.078765 -0.004817 -0.996809 -0.012028 
1708328279.928659 11.209443 -65.021696 -6.708346 0.077976 -0.003243 -0.996881 -0.011742 
1708328280.028336 11.127437 -65.014433 -6.715665 0.073506 -0.002653 -0.997220 -0.011878 
1708328280.129499 11.012468 -65.014070 -6.731672 0.076102 -0.002109 -0.997014 -0.012919 
1708328280.230587 10.913463 -65.022256 -6.732511 0.073958 0.000196 -0.997190 -0.011952 
1708328280.331065 10.826070 -65.028395 -6.746303 0.072324 -0.005244 -0.997276 -0.013525 
1708328280.431720 10.724994 -65.029211 -6.762293 0.071930 -0.003915 -0.997326 -0.012344 
1708328280.532957 10.607294 -65.021771 -6.779014 0.071405 -0.005432 -0.997356 -0.012364 
1708328280.633607 10.520075 -65.011244 -6.770630 0.070377 -0.004172 -0.997440 -0.011932 
1708328280.734478 10.448034 -65.007258 -6.779622 0.071657 -0.002323 -0.997363 -0.011282 
1708328280.835221 10.341953 -65.003018 -6.803644 0.070041 -0.003162 -0.997466 -0.012074 
1708328280.935975 10.259181 -65.013325 -6.826135 0.073952 -0.003341 -0.997172 -0.012940 
1708328281.036825 10.185855 -65.016197 -6.832984 0.072397 -0.008258 -0.997245 -0.013898 
1708328281.138018 10.115288 -65.015704 -6.855845 0.074357 -0.004382 -0.997138 -0.012961 
1708328281.238531 10.010985 -65.015974 -6.872113 0.075916 -0.003250 -0.997045 -0.011299 
1708328281.339420 9.912309 -65.013834 -6.904284 0.077813 -0.005266 -0.996866 -0.013214 
1708328281.440361 9.836442 -65.016205 -6.915499 0.077255 -0.004105 -0.996935 -0.011610 
1708328281.541138 9.746692 -65.024733 -6.939733 0.075222 -0.004897 -0.997073 -0.012795 
1708328281.642019 9.638309 -65.030128 -6.959159 0.077831 -0.002129 -0.996883 -0.012745 
1708328281.742930 9.552060 -65.041678 -6.965386 0.077155 -0.006955 -0.996920 -0.012174 
1708328281.843766 9.474254 -65.042952 -6.980244 0.076099 -0.004995 -0.996999 -0.013331 
1708328281.944653 9.377122 -65.050095 -7.002047 0.074557 -0.005841 -0.997127 -0.012029 
1708328282.045510 9.270369 -65.045480 -7.009372 0.078199 -0.011357 -0.996800 -0.012056 
1708328282.146381 9.187658 -65.033412 -7.004482 0.077823 -0.008259 -0.996860 -0.012098 
1708328282.247157 9.093500 -65.039177 -7.014833 0.076346 -0.014944 -0.996841 -0.016019 
1708328282.348005 8.971112 -65.033945 -7.044948 0.074535 -0.010891 -0.996946 -0.020581 
1708328282.449360 8.886680 -65.034666 -7.063505 0.077369 -0.015882 -0.996632 -0.022033 
1708328282.550161 8.802821 -65.024528 -7.077709 0.074223 -0.009812 -0.996967 -0.021258 
1708328282.650633 8.704948 -65.022050 -7.104443 0.073183 -0.009318 -0.997062 -0.020607 
1708328282.751865 8.597162 -65.023880 -7.123403 0.074732 -0.011564 -0.996893 -0.022055 
1708328282.852294 8.508468 -65.022837 -7.136688 0.072363 -0.009091 -0.997129 -0.020350 
1708328282.953245 8.413845 -65.025430 -7.150567 0.072800 -0.011007 -0.997077 -0.020426 
1708328283.054033 8.296687 -65.024203 -7.164701 0.075194 -0.007879 -0.996919 -0.020903 
1708328283.155040 8.189001 -65.031972 -7.173583 0.074418 -0.010443 -0.996922 -0.022344 
1708328283.255817 8.093834 -65.033570 -7.175850 0.074921 -0.008611 -0.996897 -0.022580 
1708328283.356593 7.995292 -65.024991 -7.198160 0.072094 -0.010296 -0.997149 -0.019756 
1708328283.460640 7.875230 -65.009206 -7.214564 0.075013 -0.009623 -0.996906 -0.021423 
1708328283.559243 7.783268 -64.999452 -7.228763 0.074520 -0.012073 -0.996946 -0.020015 
1708328283.659183 7.697709 -64.982401 -7.230105 0.070626 -0.006638 -0.997265 -0.020760 
1708328283.760142 7.600259 -64.969951 -7.250295 0.073117 -0.010497 -0.997047 -0.021005 
1708328283.864547 7.493578 -64.958700 -7.266238 0.069911 -0.004880 -0.997331 -0.020498 
1708328283.962200 7.418043 -64.955237 -7.269596 0.070366 -0.008794 -0.997226 -0.022615 
1708328284.062807 7.350728 -64.957182 -7.267597 0.070922 -0.004636 -0.997262 -0.020407 
1708328284.163903 7.254619 -64.957390 -7.288903 0.070665 -0.008227 -0.997240 -0.021263 
1708328284.264329 7.161307 -64.958473 -7.291650 0.069876 -0.010298 -0.997277 -0.021215 
1708328284.365184 7.095191 -64.954500 -7.294894 0.071957 -0.005721 -0.997190 -0.020061 
1708328284.466177 6.998762 -64.947380 -7.315175 0.069168 -0.008096 -0.997339 -0.021551 
1708328284.567006 6.892161 -64.940872 -7.344983 0.073768 -0.007119 -0.997029 -0.020997 
1708328284.667960 6.796807 -64.948378 -7.362697 0.072375 -0.009623 -0.997078 -0.022456 
1708328284.772192 6.725913 -64.947770 -7.377873 0.072851 -0.006888 -0.997077 -0.021995 
1708328284.869516 6.646252 -64.950323 -7.396405 0.074254 -0.005659 -0.997011 -0.020590 
1708328284.970337 6.547873 -64.947891 -7.415848 0.076546 -0.008575 -0.996778 -0.022380 
1708328285.071221 6.473204 -64.950780 -7.431011 0.075757 -0.013593 -0.996831 -0.020102 
1708328285.172082 6.382189 -64.952565 -7.443825 0.073787 -0.011784 -0.996966 -0.021787 
1708328285.273194 6.268574 -64.959289 -7.468657 0.078315 -0.011187 -0.996638 -0.021319 
1708328285.373865 6.174498 -64.972284 -7.484306 0.074069 -0.016820 -0.996845 -0.023058 
1708328285.474670 6.098498 -64.977425 -7.489270 0.077964 -0.014490 -0.996582 -0.023162 
1708328285.575483 6.010502 -64.970987 -7.503240 0.074786 -0.012529 -0.996909 -0.020542 
1708328285.676371 5.902354 -64.954798 -7.518972 0.078494 -0.010993 -0.996610 -0.022038 
1708328285.777517 5.812610 -64.944072 -7.527482 0.078393 -0.012573 -0.996615 -0.021340 
1708328285.878093 5.724033 -64.918659 -7.530505 0.078185 -0.011058 -0.996656 -0.021010 
1708328285.978983 5.628232 -64.897891 -7.560601 0.079529 -0.013796 -0.996468 -0.023160 
1708328286.080569 5.530719 -64.879188 -7.581779 0.080232 -0.009405 -0.996523 -0.020421 
1708328286.180714 5.458444 -64.872606 -7.582861 0.077806 -0.011883 -0.996677 -0.020985 
1708328286.281507 5.371678 -64.863226 -7.592542 0.076132 -0.008263 -0.996846 -0.020848 
1708328286.382377 5.268115 -64.849872 -7.612803 0.076060 -0.010845 -0.996806 -0.021790 
1708328286.483278 5.173348 -64.848897 -7.625578 0.074451 -0.017052 -0.996847 -0.021489 
1708328286.584268 5.093638 -64.835322 -7.633078 0.075778 -0.010852 -0.996819 -0.022197 
1708328286.684979 5.003890 -64.831391 -7.654490 0.072572 -0.013435 -0.997030 -0.021989 
1708328286.786044 4.893776 -64.828035 -7.683108 0.077469 -0.013384 -0.996700 -0.020198 
1708328286.886658 4.808286 -64.826699 -7.715618 0.075657 -0.012832 -0.996800 -0.022401 
1708328286.987685 4.721884 -64.819976 -7.727317 0.076440 -0.010765 -0.996802 -0.020665 
1708328287.088470 4.623158 -64.805978 -7.748563 0.075041 -0.007441 -0.996947 -0.020245 
1708328287.189234 4.524445 -64.786112 -7.755612 0.075964 -0.014725 -0.996800 -0.020065 
1708328287.290302 4.458168 -64.759743 -7.746877 0.078376 -0.010862 -0.996686 -0.018878 
1708328287.390956 4.371892 -64.746467 -7.753702 0.077097 -0.007136 -0.996804 -0.019688 
1708328287.491823 4.259738 -64.748312 -7.764813 0.080684 -0.004311 -0.996529 -0.020019 
1708328287.593017 4.167287 -64.757623 -7.760028 0.076549 -0.005837 -0.996871 -0.018815 
1708328287.693533 4.097145 -64.763073 -7.759035 0.077717 -0.004391 -0.996779 -0.019298 
1708328287.794662 3.998341 -64.757972 -7.769919 0.074662 -0.002575 -0.997026 -0.018896 
1708328287.895468 3.890350 -64.758414 -7.786935 0.077675 -0.001539 -0.996768 -0.020458 
1708328287.996299 3.807545 -64.751188 -7.801553 0.077592 -0.003535 -0.996803 -0.018704 
1708328288.096981 3.737147 -64.740002 -7.813724 0.075124 -0.002217 -0.996987 -0.019169 
1708328288.197845 3.638700 -64.739142 -7.842949 0.076526 -0.008958 -0.996807 -0.020977 
1708328288.300342 3.537175 -64.744278 -7.848879 0.078159 -0.005264 -0.996742 -0.019206 
1708328288.399635 3.454252 -64.745614 -7.850572 0.076113 -0.005331 -0.996856 -0.021355 
1708328288.500544 3.361176 -64.731990 -7.866160 0.074511 -0.003890 -0.997026 -0.019300 
1708328288.603193 3.252092 -64.722245 -7.891619 0.072919 -0.006125 -0.997093 -0.021231 
1708328288.702167 3.163897 -64.722240 -7.906881 0.071802 -0.013729 -0.997087 -0.021763 
1708328288.803051 3.083228 -64.725707 -7.917032 0.074310 -0.006178 -0.996994 -0.021051 
1708328288.903962 2.991201 -64.724758 -7.952090 0.069489 -0.012499 -0.997262 -0.021993 
1708328289.004694 2.886566 -64.720051 -7.973288 0.074817 -0.007514 -0.996953 -0.020734 
1708328289.105742 2.800292 -64.711905 -7.982665 0.072293 -0.008376 -0.997102 -0.022150 
1708328289.206420 2.721149 -64.703224 -7.985992 0.074044 -0.005614 -0.997012 -0.021288 
1708328289.307376 2.617137 -64.702339 -8.004044 0.075061 -0.001752 -0.996958 -0.020934 
1708328289.408187 2.520023 -64.681826 -8.019873 0.075814 -0.004588 -0.996859 -0.022425 
1708328289.509061 2.441155 -64.671000 -8.026881 0.075505 -0.005071 -0.996888 -0.022068 
1708328289.609844 2.347048 -64.675210 -8.035142 0.073893 -0.003241 -0.997205 -0.010558 
1708328289.713158 2.238078 -64.692667 -8.054044 0.075599 0.005723 -0.997118 0.002877 
1708328289.811834 2.146831 -64.724199 -8.056371 0.072178 0.004824 -0.997226 0.017552 
1708328289.912921 2.064775 -64.745251 -8.065652 0.072425 0.006870 -0.997090 0.022802 
1708328290.013521 1.976705 -64.752043 -8.076921 0.067228 0.005829 -0.997410 0.024909 
1708328290.114292 1.874855 -64.754138 -8.093602 0.064248 -0.002330 -0.997641 0.024083 
1708328290.215171 1.795308 -64.749251 -8.103426 0.058799 -0.008135 -0.997904 0.025776 
1708328290.315862 1.715778 -64.749159 -8.103874 0.053389 -0.005320 -0.998250 0.024883 
1708328290.416828 1.613566 -64.751852 -8.117838 0.043865 -0.010266 -0.998663 0.025360 
1708328290.517616 1.507256 -64.765058 -8.129659 0.042269 -0.006653 -0.998769 0.025109 
1708328290.618494 1.433733 -64.780470 -8.131918 0.034591 -0.011406 -0.999066 0.023242 
1708328290.719356 1.347970 -64.798700 -8.128124 0.027297 -0.013437 -0.999248 0.024048 
1708328290.820234 1.237280 -64.814936 -8.127923 0.021890 -0.003941 -0.999471 0.023741 
1708328290.921050 1.158367 -64.817748 -8.131086 0.018730 -0.009689 -0.999492 0.023907 
1708328291.022093 1.077262 -64.814507 -8.114698 0.013182 -0.009542 -0.999535 0.025775 
1708328291.123034 0.987250 -64.815668 -8.117895 0.008082 -0.006607 -0.999655 0.024121 
1708328291.223812 0.874665 -64.817073 -8.134176 0.008445 -0.006993 -0.999626 0.025034 
1708328291.324466 0.789660 -64.807878 -8.123861 0.006563 -0.006543 -0.999665 0.024164 
1708328291.425319 0.719008 -64.804320 -8.111953 0.006267 -0.003996 -0.999688 0.023842 
1708328291.526171 0.627115 -64.798495 -8.114697 0.005025 -0.002998 -0.999642 0.026118 
1708328291.627051 0.525728 -64.797696 -8.115479 0.008275 -0.002078 -0.999658 0.024722 
1708328291.727967 0.446355 -64.804283 -8.113592 0.005946 -0.003763 -0.999677 0.024425 
1708328291.829157 0.365609 -64.816607 -8.111538 0.004366 -0.003841 -0.999674 0.024855 
1708328291.929966 0.261015 -64.816959 -8.124492 0.004477 -0.008832 -0.999695 0.022640 
1708328292.030521 0.156616 -64.803207 -8.127982 0.007875 -0.005253 -0.999696 0.022765 
1708328292.132282 0.082690 -64.809494 -8.118202 0.005125 -0.004482 -0.999713 0.022979 
1708328292.232206 -0.001182 -64.822998 -8.116802 0.000671 -0.000744 -0.999703 0.024330 
1708328292.333053 -0.100603 -64.844648 -8.124408 0.003992 -0.002422 -0.999674 0.025093 
1708328292.434223 -0.187708 -64.863695 -8.118193 0.002959 -0.005635 -0.999680 0.024501 
1708328292.534758 -0.262745 -64.871747 -8.116711 0.001414 -0.006407 -0.999681 0.024381 
1708328292.635791 -0.356423 -64.891861 -8.124527 -0.000567 -0.008095 -0.999656 0.024925 
1708328292.736506 -0.468921 -64.894966 -8.138115 0.001843 -0.007787 -0.999709 0.022752 
1708328292.837345 -0.556438 -64.893633 -8.141147 0.000745 -0.010484 -0.999700 0.022145 
1708328292.938501 -0.634421 -64.892298 -8.143716 -0.001412 -0.010024 -0.999697 0.022443 
1708328293.039069 -0.727607 -64.891405 -8.143904 -0.002278 -0.005200 -0.999657 0.025575 
1708328293.139930 -0.828571 -64.902807 -8.155652 0.000476 -0.007416 -0.999681 0.024137 
1708328293.241236 -0.902440 -64.911628 -8.146717 -0.000394 -0.010085 -0.999648 0.024538 
1708328293.344541 -0.990989 -64.922128 -8.143716 -0.001777 -0.007197 -0.999677 0.024291 
1708328293.442525 -1.099153 -64.929725 -8.143598 0.001724 -0.008006 -0.999681 0.023899 
1708328293.543488 -1.181504 -64.946648 -8.143912 0.002609 -0.004039 -0.999702 0.023938 
1708328293.644598 -1.257941 -64.952850 -8.147681 -0.001532 -0.007626 -0.999694 0.023499 
1708328293.756330 -1.355152 -64.971937 -8.143149 -0.000998 -0.008842 -0.999663 0.024372 
1708328293.848327 -1.454423 -64.963532 -8.141823 0.000539 -0.008459 -0.999679 0.023874 
1708328293.946907 -1.539336 -64.950450 -8.135406 -0.000828 -0.009191 -0.999689 0.023178 
1708328294.047918 -1.623080 -64.951334 -8.136573 -0.001869 -0.008389 -0.999674 0.024026 
1708328294.148764 -1.721844 -64.948365 -8.134197 -0.002540 -0.010911 -0.999680 0.022676 
1708328294.249364 -1.831262 -64.929668 -8.137814 0.000170 -0.007264 -0.999697 0.023509 
1708328294.350223 -1.898380 -64.926411 -8.127153 0.000162 -0.007949 -0.999686 0.023776 
1708328294.451186 -1.980567 -64.922091 -8.126357 -0.001934 -0.007446 -0.999680 0.024096 
1708328294.552034 -2.086672 -64.921083 -8.131330 0.000392 -0.006411 -0.999660 0.025254 
1708328294.652867 -2.181307 -64.926875 -8.134279 -0.000055 -0.006242 -0.999711 0.023214 
1708328294.753657 -2.258491 -64.925783 -8.120181 0.000174 -0.006344 -0.999676 0.024637 
1708328294.854926 -2.345711 -64.931318 -8.115602 -0.001038 -0.006849 -0.999683 0.024212 
1708328294.955419 -2.454178 -64.929405 -8.132229 0.001730 -0.005302 -0.999702 0.023775 
1708328295.056276 -2.536562 -64.935563 -8.135203 0.001367 -0.005286 -0.999691 0.024230 
1708328295.157132 -2.610465 -64.940572 -8.131806 0.000088 -0.005766 -0.999701 0.023762 
1708328295.258106 -2.716533 -64.936992 -8.133245 -0.000430 -0.005153 -0.999667 0.025265 
1708328295.358830 -2.820818 -64.936347 -8.139965 0.000576 -0.005083 -0.999695 0.024161 
1708328295.459694 -2.900755 -64.939962 -8.134501 0.000369 -0.005539 -0.999681 0.024622 
1708328295.560552 -2.983903 -64.945134 -8.137432 -0.000256 -0.005665 -0.999694 0.024087 
1708328295.661418 -3.092588 -64.951353 -8.147740 -0.000369 -0.005532 -0.999703 0.023720 
1708328295.762934 -3.188080 -64.966458 -8.153544 0.001541 -0.004246 -0.999698 0.024150 
1708328295.863370 -3.261402 -64.972679 -8.150946 0.000581 -0.004781 -0.999722 0.023097 
1708328295.966068 -3.347226 -64.977349 -8.157649 -0.000655 -0.005101 -0.999687 0.024470 
1708328296.066285 -3.458010 -64.978065 -8.154303 0.003020 -0.006412 -0.999682 0.024191 
1708328296.165704 -3.544102 -64.978354 -8.149041 0.002261 -0.006388 -0.999696 0.023691 
1708328296.269068 -3.629812 -64.961853 -8.146136 0.001511 -0.006913 -0.999678 0.024361 
1708328296.367448 -3.741785 -64.974902 -8.157583 0.002075 -0.009583 -0.999773 0.018913 
1708328296.468446 -3.838097 -64.968450 -8.152769 0.008163 -0.010615 -0.999838 0.011995 
1708328296.569362 -3.917787 -64.951178 -8.147152 0.006008 -0.008490 -0.999896 0.010039 
1708328296.670014 -3.997313 -64.932608 -8.155892 0.003635 -0.006876 -0.999906 0.011263 
1708328296.770869 -4.093065 -64.913910 -8.154340 0.004687 -0.006929 -0.999883 0.012840 
1708328296.872108 -4.177821 -64.886460 -8.156995 0.006207 -0.007972 -0.999877 0.012012 
1708328296.972623 -4.249168 -64.874144 -8.153177 0.003991 -0.006969 -0.999883 0.013012 
1708328297.073834 -4.344842 -64.863918 -8.158981 0.002710 -0.007012 -0.999889 0.012876 
1708328297.174279 -4.452754 -64.864748 -8.160427 0.005018 -0.006275 -0.999889 0.012519 
1708328297.275247 -4.530860 -64.872582 -8.152342 0.003126 -0.007282 -0.999881 0.013249 
1708328297.376138 -4.616365 -64.875501 -8.144966 0.001739 -0.007195 -0.999903 0.011769 
1708328297.476888 -4.713237 -64.874345 -8.138996 0.000308 -0.004855 -0.999908 0.012697 
1708328297.577751 -4.812457 -64.858164 -8.133752 0.002879 -0.006576 -0.999899 0.012255 
1708328297.678772 -4.896324 -64.852993 -8.129117 0.001845 -0.007211 -0.999895 0.012413 
1708328297.779598 -4.986896 -64.845924 -8.134509 0.000126 -0.007595 -0.999887 0.013006 
1708328297.880579 -5.100718 -64.845787 -8.149173 0.002552 -0.007238 -0.999913 0.010723 
1708328297.981321 -5.195067 -64.849186 -8.145985 0.002626 -0.005639 -0.999902 0.012559 
1708328298.082085 -5.273676 -64.857456 -8.131660 0.000391 -0.006575 -0.999913 0.011385 
1708328298.182868 -5.372788 -64.856307 -8.135722 -0.000096 -0.006514 -0.999917 0.011154 
1708328298.283740 -5.484368 -64.853989 -8.135393 0.001764 -0.007306 -0.999909 0.011216 
1708328298.384809 -5.562877 -64.842900 -8.118676 0.000822 -0.007149 -0.999908 0.011479 
1708328298.485463 -5.649101 -64.836721 -8.118310 -0.001449 -0.007203 -0.999893 0.012623 
1708328298.586398 -5.758441 -64.838226 -8.142579 -0.000072 -0.008276 -0.999894 0.011962 
1708328298.687357 -5.860326 -64.826954 -8.148768 0.001205 -0.007237 -0.999901 0.011976 
1708328298.788033 -5.941428 -64.815557 -8.134492 0.000263 -0.006554 -0.999910 0.011720 
1708328298.889123 -6.047201 -64.801286 -8.136129 -0.000932 -0.006454 -0.999897 0.012765 
1708328298.990466 -6.183453 -64.795355 -8.134351 0.000392 -0.005608 -0.999811 0.018601 
1708328299.090795 -6.317559 -64.806296 -8.115906 -0.002345 -0.005879 -0.999437 0.032956 
1708328299.191496 -6.399808 -64.813486 -8.128837 -0.000855 0.008862 -0.998945 0.045042 
1708328299.292400 -6.480146 -64.824639 -8.150719 -0.000680 0.004903 -0.998772 0.049298 
1708328299.393269 -6.559626 -64.810425 -8.145547 0.003788 -0.002423 -0.998684 0.051081 
1708328299.494103 -6.612575 -64.794202 -8.138288 -0.000312 -0.006447 -0.998699 0.050582 
1708328299.595012 -6.683150 -64.790602 -8.135484 -0.002151 -0.007421 -0.998661 0.051159 
1708328299.695971 -6.777980 -64.789473 -8.145632 -0.001444 -0.007153 -0.998573 0.052907 
1708328299.796847 -6.886115 -64.796695 -8.128633 -0.001172 -0.007572 -0.998516 0.053911 
1708328299.897599 -7.001140 -64.809022 -8.113779 -0.004818 -0.005577 -0.997932 0.063850 
1708328299.998345 -7.100994 -64.832377 -8.126410 -0.007037 0.001442 -0.996452 0.083854 
1708328300.099201 -7.208030 -64.855604 -8.131791 -0.002796 0.011025 -0.994544 0.103693 
1708328300.200047 -7.286733 -64.866310 -8.117857 -0.004219 0.011906 -0.992706 0.119897 
1708328300.300909 -7.359636 -64.884124 -8.112713 -0.005870 0.011421 -0.990662 0.135733 
1708328300.401978 -7.445370 -64.894089 -8.125770 -0.004079 0.005648 -0.989934 0.141356 
1708328300.502635 -7.538039 -64.910475 -8.128868 -0.002529 -0.004432 -0.989815 0.142266 
1708328300.605016 -7.615163 -64.920517 -8.126871 -0.003631 -0.007155 -0.989709 0.142872 
1708328300.704350 -7.682202 -64.929479 -8.128254 -0.001892 -0.009223 -0.989404 0.144883 
1708328300.805221 -7.794475 -64.962712 -8.128467 0.001554 -0.007363 -0.989107 0.147007 
1708328300.906186 -7.881534 -65.013614 -8.124595 0.002643 -0.003946 -0.987229 0.159239 
1708328301.007151 -7.944151 -65.035829 -8.119227 -0.000041 0.008437 -0.983904 0.178497 
1708328301.107944 -8.014744 -65.060899 -8.113515 -0.002947 0.012655 -0.980106 0.198048 
1708328301.208752 -8.119806 -65.086612 -8.123570 -0.001164 0.011776 -0.976774 0.213947 
1708328301.309528 -8.195169 -65.100485 -8.121975 0.000042 0.009289 -0.973260 0.229516 
1708328301.410524 -8.261198 -65.130015 -8.122084 -0.001676 0.006253 -0.971819 0.235640 
1708328301.511267 -8.344369 -65.175353 -8.130909 -0.002350 -0.001434 -0.971576 0.236710 
1708328301.612367 -8.437380 -65.222429 -8.126347 0.001360 -0.002986 -0.971634 0.236466 
1708328301.713181 -8.499373 -65.254441 -8.116125 0.000957 -0.006888 -0.971749 0.235915 
1708328301.814119 -8.574013 -65.280385 -8.105613 0.000046 -0.007525 -0.971718 0.236023 
1708328301.914979 -8.682532 -65.313687 -8.121859 -0.001385 -0.006383 -0.971656 0.236310 
1708328302.015623 -8.781506 -65.351461 -8.108363 0.000806 -0.006687 -0.971623 0.236440 
1708328302.116453 -8.864831 -65.391486 -8.087803 -0.000237 -0.003851 -0.968665 0.248342 
1708328302.217328 -8.966144 -65.450639 -8.098834 -0.005419 -0.001180 -0.964352 0.264565 
1708328302.318083 -9.072011 -65.515113 -8.110399 -0.003589 0.006220 -0.960458 0.278331 
1708328302.419126 -9.142468 -65.551473 -8.120998 -0.006004 0.005209 -0.959108 0.282930 
1708328302.519872 -9.207824 -65.580872 -8.118005 -0.005830 -0.000567 -0.959085 0.283057 
1708328302.621088 -9.289764 -65.636647 -8.115342 -0.006166 -0.002116 -0.958234 0.285910 
1708328302.721977 -9.367461 -65.693307 -8.120210 -0.001230 -0.006754 -0.958578 0.284746 
1708328302.822381 -9.441745 -65.735311 -8.103269 -0.002336 -0.007921 -0.958433 0.285198 
1708328302.923319 -9.515291 -65.775427 -8.092393 -0.003447 -0.009149 -0.957674 0.287689 
1708328303.024932 -9.609627 -65.834609 -8.088538 -0.003637 -0.000683 -0.954472 0.298278 
1708328303.124968 -9.674581 -65.914393 -8.095571 -0.004945 0.002016 -0.949176 0.314700 
1708328303.226022 -9.736232 -65.970561 -8.085337 -0.008438 0.004912 -0.943458 0.331347 
1708328303.326692 -9.791177 -66.040530 -8.102221 -0.010513 0.005357 -0.938941 0.343876 
1708328303.427593 -9.869024 -66.098255 -8.098278 -0.008211 0.001711 -0.937637 0.347516 
1708328303.528551 -9.932395 -66.137139 -8.095558 -0.004941 -0.004542 -0.937628 0.347575 
1708328303.629480 -10.005696 -66.166662 -8.095071 -0.005389 -0.006995 -0.938045 0.346402 
1708328303.732199 -10.084278 -66.224371 -8.099506 -0.003772 -0.006868 -0.937992 0.346568 
1708328303.832681 -10.170689 -66.280825 -8.079079 -0.003947 -0.005128 -0.937946 0.346721 
1708328303.932092 -10.222712 -66.326702 -8.065664 -0.006803 -0.005440 -0.936825 0.349690 
1708328304.032733 -10.304717 -66.373544 -8.048192 -0.012631 0.003097 -0.932145 0.361852 
1708328304.133583 -10.385291 -66.444284 -8.074018 -0.010527 0.006061 -0.927114 0.374583 
1708328304.234432 -10.422236 -66.522245 -8.071760 -0.009218 0.005680 -0.923412 0.383657 
1708328304.338098 -10.471184 -66.571420 -8.066476 -0.010723 0.003438 -0.920500 0.390581 
1708328304.436566 -10.535272 -66.644722 -8.059509 -0.012808 0.005605 -0.915067 0.403059 
1708328304.537117 -10.607556 -66.731355 -8.078730 -0.011900 0.007399 -0.908693 0.417230 
1708328304.637865 -10.650380 -66.812406 -8.080451 -0.011500 0.006557 -0.905159 0.424866 
1708328304.739259 -10.693945 -66.871043 -8.068758 -0.013126 0.001751 -0.900812 0.434008 
1708328304.839572 -10.758070 -66.946489 -8.063298 -0.014425 0.008589 -0.891025 0.453643 
1708328304.940481 -10.802596 -67.041484 -8.062590 -0.016288 0.010064 -0.881254 0.472254 
1708328305.041475 -10.839353 -67.121760 -8.047619 -0.017049 0.009109 -0.874838 0.484030 
1708328305.142180 -10.891604 -67.199823 -8.053630 -0.013840 0.003333 -0.873100 0.487333 
1708328305.243300 -10.955208 -67.288180 -8.043725 -0.011269 -0.001913 -0.873741 0.486257 
1708328305.343924 -11.007869 -67.361158 -8.052683 -0.006963 -0.005634 -0.873700 0.486383 
1708328305.444818 -11.048062 -67.433826 -8.044913 -0.006677 -0.007707 -0.873682 0.486390 
1708328305.545918 -11.087966 -67.516597 -8.040708 -0.008050 -0.007276 -0.873602 0.486521 
1708328305.646460 -11.147403 -67.598054 -8.040528 -0.007608 -0.006630 -0.873249 0.487169 
1708328305.747493 -11.194425 -67.660351 -8.039068 -0.006251 -0.008607 -0.872963 0.487670 
1708328305.848172 -11.250787 -67.728001 -8.043809 -0.007029 -0.008418 -0.873459 0.486774 
1708328305.949624 -11.307432 -67.806171 -8.048703 -0.006506 -0.008734 -0.873933 0.485924 
1708328306.049869 -11.348810 -67.894667 -8.056576 -0.007603 -0.007315 -0.871277 0.490679 
1708328306.150852 -11.380783 -67.950143 -8.044917 -0.012851 -0.000718 -0.864984 0.501635 
1708328306.251616 -11.402401 -68.003205 -8.043810 -0.017986 0.008335 -0.853989 0.519914 
1708328306.352545 -11.435664 -68.097857 -8.040316 -0.017751 0.007896 -0.844580 0.535077 
1708328306.453301 -11.478154 -68.172354 -8.041241 -0.016166 0.006704 -0.834992 0.549984 
1708328306.554389 -11.493588 -68.259072 -8.028392 -0.018928 0.005971 -0.821409 0.569994 
1708328306.655609 -11.515607 -68.386385 -8.038598 -0.018452 0.009462 -0.809473 0.586791 
1708328306.755973 -11.517205 -68.504683 -8.048049 -0.020697 0.008671 -0.796333 0.604443 
1708328306.856758 -11.532844 -68.602351 -8.048760 -0.022201 0.007086 -0.786909 0.616628 
1708328306.957717 -11.563386 -68.683312 -8.039048 -0.019866 0.003422 -0.782096 0.622832 
1708328307.058636 -11.588738 -68.789199 -8.051046 -0.014500 -0.002179 -0.779833 0.625816 
1708328307.159382 -11.644444 -68.874960 -8.050984 -0.010395 -0.008221 -0.781328 0.623980 
1708328307.260268 -11.692309 -68.946166 -8.037170 -0.010998 -0.007477 -0.779685 0.626030 
1708328307.361230 -11.753668 -69.017577 -8.021457 -0.010362 -0.008734 -0.780879 0.624536 
1708328307.461972 -11.796086 -69.116733 -8.020320 -0.009370 -0.007193 -0.781396 0.623924 
1708328307.562906 -11.795213 -69.200379 -8.009470 -0.010090 -0.008203 -0.781107 0.624262 
1708328307.663751 -11.817411 -69.283647 -7.999447 -0.012189 -0.007985 -0.781405 0.623854 
1708328307.764840 -11.832879 -69.366062 -8.015956 -0.014813 -0.009396 -0.780951 0.624346 
1708328307.865821 -11.853443 -69.465786 -8.006543 -0.013690 -0.009734 -0.780770 0.624592 
1708328307.966456 -11.852870 -69.580738 -7.976056 -0.017748 -0.017328 -0.779597 0.625789 
1708328308.067060 -11.847470 -69.654913 -7.968917 -0.025106 -0.020992 -0.776170 0.629673 
1708328308.168613 -11.851852 -69.757015 -7.979772 -0.029425 -0.016717 -0.769600 0.637629 
1708328308.268769 -11.874138 -69.846542 -7.957598 -0.036554 -0.012411 -0.764929 0.642957 
1708328308.369852 -11.896771 -69.914764 -7.958236 -0.037921 -0.018830 -0.764967 0.642677 
1708328308.470690 -11.898853 -69.993443 -7.950534 -0.039341 -0.023094 -0.764339 0.643200 
1708328308.571484 -11.906364 -70.089363 -7.950486 -0.032782 -0.027855 -0.764593 0.643077 
1708328308.672299 -11.918185 -70.184506 -7.934353 -0.035264 -0.030221 -0.764956 0.642406 
1708328308.773813 -11.930174 -70.253093 -7.927645 -0.036617 -0.032766 -0.762779 0.644790 
1708328308.873937 -11.946419 -70.328019 -7.927603 -0.035484 -0.033416 -0.764623 0.642632 
1708328308.977224 -11.945881 -70.461894 -7.926141 -0.033921 -0.025995 -0.759263 0.649379 
1708328309.076415 -11.943993 -70.550426 -7.912878 -0.037162 -0.023727 -0.750165 0.659780 
1708328309.178215 -11.956480 -70.612935 -7.903370 -0.042200 -0.021751 -0.742008 0.668708 
1708328309.280376 -12.013682 -70.703680 -7.902858 -0.039253 -0.019830 -0.739652 0.671551 
1708328309.380897 -12.062646 -70.803290 -7.915003 -0.032654 -0.020183 -0.739129 0.672469 
1708328309.479353 -12.086798 -70.880467 -7.912660 -0.025035 -0.027826 -0.738334 0.673396 
1708328309.580132 -12.108371 -70.946755 -7.908516 -0.024876 -0.026974 -0.737664 0.674170 
1708328309.681312 -12.140158 -71.054757 -7.941593 -0.023638 -0.017423 -0.738798 0.673286 
1708328309.781830 -12.163808 -71.166547 -7.953733 -0.024363 -0.010559 -0.738325 0.673923 
1708328309.882728 -12.173324 -71.251363 -7.934142 -0.023170 -0.012669 -0.738991 0.673197 
1708328309.983672 -12.175786 -71.336389 -7.912162 -0.019967 -0.014774 -0.738505 0.673791 
1708328310.084680 -12.201275 -71.446805 -7.891537 -0.022756 -0.007609 -0.737638 0.674770 
1708328310.185094 -12.210152 -71.552921 -7.882951 -0.023210 -0.003840 -0.739488 0.672758 
1708328310.285957 -12.213962 -71.635474 -7.890195 -0.020490 -0.005914 -0.737922 0.674549 
1708328310.386955 -12.213235 -71.714152 -7.903314 -0.018849 -0.006823 -0.738496 0.673959 
1708328310.487801 -12.223906 -71.811956 -7.905723 -0.015421 -0.004621 -0.738312 0.674268 
1708328310.588679 -12.199110 -71.900097 -7.889952 -0.008952 -0.008385 -0.739488 0.673058 
1708328310.689392 -12.180671 -71.970955 -7.880603 -0.012255 -0.005439 -0.740022 0.672449 
1708328310.790241 -12.170294 -72.062603 -7.876395 -0.016021 0.000058 -0.739770 0.672669 
1708328310.891127 -12.204357 -72.161288 -7.883616 -0.015314 0.003806 -0.739915 0.672515 
1708328310.992083 -12.236777 -72.243736 -7.875253 -0.008830 -0.004582 -0.738206 0.674502 
1708328311.093031 -12.259073 -72.315768 -7.862426 -0.011706 -0.003287 -0.738522 0.674120 
1708328311.193938 -12.280870 -72.411624 -7.864076 -0.009199 0.000141 -0.738596 0.674086 
1708328311.294611 -12.261442 -72.520485 -7.857592 -0.006020 -0.002467 -0.737840 0.674945 
1708328311.395459 -12.255366 -72.605042 -7.848536 -0.012323 -0.001628 -0.739189 0.673383 
1708328311.496687 -12.247017 -72.686698 -7.844370 -0.010880 -0.003756 -0.739370 0.673201 
1708328311.597232 -12.246318 -72.803143 -7.846626 -0.012506 0.000444 -0.739324 0.673234 
1708328311.698309 -12.247521 -72.894523 -7.835603 -0.011592 -0.002298 -0.739766 0.672761 
1708328311.798897 -12.263203 -72.975710 -7.822046 -0.010049 -0.003906 -0.738639 0.674015 
1708328311.899783 -12.292590 -73.073817 -7.817797 -0.009431 -0.006976 -0.739432 0.673129 
1708328312.000720 -12.304970 -73.177868 -7.827298 -0.001577 -0.008611 -0.738174 0.674554 
1708328312.101431 -12.286066 -73.258876 -7.826344 -0.000993 -0.010999 -0.738002 0.674708 
1708328312.202320 -12.293987 -73.335876 -7.811702 -0.003016 -0.011300 -0.738967 0.673640 
1708328312.303172 -12.305213 -73.435397 -7.818433 -0.003566 -0.007606 -0.737074 0.675760 
1708328312.404064 -12.323687 -73.538469 -7.835019 -0.005352 -0.007739 -0.738831 0.673825 
1708328312.504937 -12.357575 -73.617020 -7.831210 -0.004800 -0.011252 -0.737804 0.674905 
1708328312.606000 -12.370952 -73.701155 -7.826228 -0.005083 -0.013222 -0.738053 0.674594 
1708328312.706696 -12.385898 -73.813606 -7.832109 -0.005769 -0.008646 -0.738089 0.674623 
1708328312.807472 -12.410279 -73.904612 -7.819654 -0.005775 -0.009158 -0.737594 0.675157 
1708328312.908323 -12.421871 -73.983905 -7.811577 -0.007063 -0.009134 -0.738085 0.674609 
1708328313.009579 -12.437399 -74.061466 -7.814948 -0.007660 -0.008934 -0.736882 0.675919 
1708328313.110040 -12.452170 -74.154350 -7.814759 -0.006631 -0.007034 -0.737300 0.675496 
1708328313.211147 -12.460618 -74.250328 -7.811528 -0.006804 -0.007516 -0.736973 0.675846 
1708328313.312013 -12.473922 -74.333309 -7.808994 -0.008787 -0.008217 -0.736959 0.675831 
1708328313.413104 -12.481700 -74.437999 -7.816604 -0.004549 -0.008665 -0.737809 0.674939 
1708328313.513567 -12.478700 -74.531720 -7.812333 -0.006665 -0.000795 -0.737882 0.674896 
1708328313.614301 -12.481527 -74.618123 -7.807134 -0.009144 -0.004384 -0.738101 0.674614 
1708328313.715322 -12.480171 -74.705608 -7.811469 -0.010602 -0.004730 -0.737758 0.674965 
1708328313.816421 -12.483267 -74.819719 -7.809713 -0.008246 -0.000990 -0.738076 0.674667 
1708328313.917101 -12.504671 -74.906750 -7.803233 -0.009407 -0.003044 -0.737772 0.674978 
1708328314.017929 -12.514891 -74.978077 -7.789973 -0.007871 -0.004846 -0.736397 0.676487 
1708328314.118718 -12.521991 -75.070328 -7.796642 -0.010499 -0.006813 -0.736539 0.676279 
1708328314.219466 -12.521091 -75.192073 -7.795810 -0.008371 -0.003532 -0.738016 0.674722 
1708328314.324059 -12.509674 -75.278392 -7.781026 -0.007223 -0.004021 -0.738102 0.674639 
1708328314.421480 -12.506814 -75.355610 -7.771785 -0.008152 -0.006157 -0.738257 0.674442 
1708328314.522159 -12.514100 -75.452126 -7.774815 -0.008875 -0.003754 -0.736857 0.675980 
1708328314.622942 -12.530335 -75.541789 -7.783407 -0.006563 -0.003422 -0.737884 0.674887 
1708328314.723785 -12.542889 -75.614175 -7.778805 -0.007094 -0.006304 -0.736269 0.676622 
1708328314.824730 -12.546193 -75.708283 -7.786697 -0.008726 -0.008229 -0.736707 0.676105 
1708328314.925608 -12.553383 -75.813601 -7.792744 -0.008525 -0.002726 -0.737026 0.675805 
1708328315.026482 -12.558350 -75.900661 -7.782518 -0.010363 -0.000293 -0.737210 0.675584 
1708328315.127240 -12.556343 -75.980769 -7.771297 -0.009587 -0.005034 -0.737571 0.675182 
1708328315.228301 -12.543138 -76.083470 -7.766078 -0.013213 -0.000634 -0.730125 0.683185 
1708328315.328946 -12.536906 -76.201559 -7.763334 -0.018381 0.006554 -0.721352 0.692294 
1708328315.429854 -12.531946 -76.288247 -7.754217 -0.022858 0.008527 -0.706698 0.707094 
1708328315.530755 -12.507351 -76.357264 -7.747140 -0.022510 0.007151 -0.697794 0.715909 
1708328315.636287 -12.487572 -76.453312 -7.755323 -0.015034 -0.004236 -0.696635 0.717256 
1708328315.732421 -12.474082 -76.550069 -7.760490 -0.014129 -0.000092 -0.695546 0.718343 
1708328315.836370 -12.464785 -76.625129 -7.743451 -0.014792 -0.000047 -0.696399 0.717502 
1708328315.934116 -12.450033 -76.709712 -7.747127 -0.013360 -0.004464 -0.696443 0.717474 
1708328316.036261 -12.432651 -76.817573 -7.756876 -0.012923 -0.000177 -0.695725 0.718192 
1708328316.136422 -12.431506 -76.912295 -7.754262 -0.012483 -0.000783 -0.697261 0.716708 
1708328316.236629 -12.429417 -76.989374 -7.740989 -0.012317 -0.003650 -0.695159 0.718742 
1708328316.337692 -12.436070 -77.084159 -7.738380 -0.012281 -0.005364 -0.695881 0.718032 
1708328316.440338 -12.439331 -77.197747 -7.746662 -0.013654 -0.000079 -0.696225 0.717693 
1708328316.539343 -12.438795 -77.283549 -7.739680 -0.012045 -0.002576 -0.696169 0.717772 
1708328316.640133 -12.436953 -77.356713 -7.734752 -0.012332 -0.003275 -0.696483 0.717460 
1708328316.740985 -12.435879 -77.454072 -7.733429 -0.013641 -0.003249 -0.695380 0.718506 
1708328316.841790 -12.435013 -77.553216 -7.740749 -0.012304 -0.000996 -0.696251 0.717692 
1708328316.942662 -12.437721 -77.631733 -7.729292 -0.011689 -0.001982 -0.695819 0.718119 
1708328317.043612 -12.440409 -77.720045 -7.736125 -0.013854 -0.002028 -0.695493 0.718396 
1708328317.144476 -12.434789 -77.833605 -7.748342 -0.010822 -0.002020 -0.696414 0.717556 
1708328317.245451 -12.433075 -77.920136 -7.735283 -0.009556 0.001548 -0.695618 0.718347 
1708328317.346484 -12.428238 -78.000308 -7.718016 -0.010475 -0.001867 -0.696842 0.717146 
1708328317.448967 -12.433227 -78.091207 -7.731431 -0.013478 -0.001813 -0.695748 0.718157 
1708328317.547809 -12.428606 -78.190164 -7.738160 -0.011452 0.000832 -0.696157 0.717798 
1708328317.648910 -12.422541 -78.268566 -7.720873 -0.012006 -0.000734 -0.696143 0.717802 
1708328317.749671 -12.411678 -78.348231 -7.712485 -0.012332 -0.001924 -0.695894 0.718036 
1708328317.850564 -12.389635 -78.452208 -7.728475 -0.012848 -0.004608 -0.696379 0.717545 
1708328317.951317 -12.372510 -78.553488 -7.720173 -0.009712 -0.001354 -0.696480 0.717510 
1708328318.052198 -12.361279 -78.638427 -7.708612 -0.011987 0.000008 -0.697687 0.716303 
1708328318.153113 -12.363048 -78.721767 -7.706341 -0.012826 -0.003029 -0.697217 0.716739 
1708328318.254170 -12.354965 -78.834952 -7.708433 -0.012826 -0.002305 -0.696064 0.717861 
1708328318.354874 -12.341822 -78.919157 -7.692502 -0.008232 -0.002647 -0.697325 0.716703 
1708328318.455612 -12.340821 -79.000370 -7.685257 -0.011233 -0.003389 -0.696728 0.717239 
1708328318.556521 -12.335636 -79.095580 -7.689914 -0.011942 -0.004195 -0.697750 0.716229 
1708328318.657282 -12.340294 -79.209675 -7.690215 -0.011328 -0.000637 -0.698134 0.715877 
1708328318.758112 -12.336474 -79.305858 -7.683397 -0.009309 -0.004682 -0.703922 0.710200 
1708328318.858984 -12.341025 -79.393521 -7.680071 -0.006996 -0.008707 -0.716068 0.697941 
1708328318.959836 -12.344475 -79.494020 -7.687485 -0.009854 -0.003990 -0.726041 0.687569 
1708328319.060980 -12.335973 -79.602703 -7.682064 -0.007013 -0.007211 -0.728605 0.684861 
1708328319.162103 -12.331629 -79.686259 -7.670804 -0.008642 -0.006146 -0.728417 0.685052 
1708328319.262601 -12.332509 -79.776579 -7.668286 -0.010310 -0.007061 -0.728084 0.685374 
1708328319.363413 -12.351680 -79.888197 -7.682746 -0.010256 -0.002090 -0.730015 0.683351 
1708328319.464324 -12.377483 -79.970682 -7.676071 -0.011428 -0.002247 -0.728096 0.685376 
1708328319.565995 -12.392538 -80.045903 -7.658378 -0.010826 -0.004471 -0.728040 0.685434 
1708328319.666039 -12.397957 -80.147596 -7.663761 -0.011505 -0.002236 -0.727821 0.685667 
1708328319.766988 -12.396334 -80.252922 -7.665111 -0.009419 -0.003981 -0.728147 0.685344 
1708328319.867687 -12.391566 -80.338112 -7.654523 -0.011046 -0.004643 -0.728086 0.685381 
1708328319.968537 -12.387700 -80.424829 -7.644875 -0.011531 -0.005633 -0.728639 0.684778 
1708328320.069336 -12.398500 -80.529400 -7.656888 -0.011127 -0.002146 -0.728611 0.684834 
1708328320.170191 -12.415618 -80.634548 -7.658259 -0.011731 -0.003191 -0.728329 0.685120 
1708328320.271135 -12.427647 -80.710059 -7.643339 -0.012193 -0.004201 -0.728221 0.685221 
1708328320.371966 -12.432885 -80.791059 -7.644730 -0.013392 -0.003899 -0.727476 0.685992 
1708328320.472735 -12.449834 -80.897529 -7.641260 -0.011048 -0.001296 -0.728329 0.685137 
1708328320.573590 -12.457795 -80.984016 -7.641962 -0.011754 -0.003267 -0.727794 0.685687 
1708328320.674449 -12.461018 -81.062234 -7.642477 -0.012884 -0.004186 -0.727249 0.686240 
1708328320.775301 -12.455341 -81.163395 -7.645544 -0.011541 -0.003328 -0.728655 0.684776 
1708328320.876230 -12.447691 -81.262046 -7.660731 -0.013049 0.000807 -0.728040 0.685410 
1708328320.977127 -12.434682 -81.350772 -7.651358 -0.013679 -0.001796 -0.728636 0.684763 
1708328321.078568 -12.431497 -81.431199 -7.646954 -0.014689 -0.003449 -0.728881 0.684474 
1708328321.178917 -12.426446 -81.531011 -7.644652 -0.011780 -0.000819 -0.728955 0.684459 
1708328321.279858 -12.437872 -81.640504 -7.638287 -0.012941 -0.002623 -0.728935 0.684455 
1708328321.380603 -12.447634 -81.714633 -7.633553 -0.013399 -0.002757 -0.728222 0.685205 
1708328321.481314 -12.451927 -81.805251 -7.629681 -0.013671 -0.005038 -0.728293 0.685111 
1708328321.582186 -12.453066 -81.902872 -7.633736 -0.011434 -0.002427 -0.728898 0.684523 
1708328321.684423 -12.449328 -81.992763 -7.619949 -0.011460 -0.002303 -0.728295 0.685164 
1708328321.783957 -12.449656 -82.079908 -7.613703 -0.012744 -0.003585 -0.728292 0.685139 
1708328321.884840 -12.447336 -82.178300 -7.615306 -0.012923 -0.002436 -0.726986 0.686527 
1708328321.985679 -12.454644 -82.293639 -7.610540 -0.008172 -0.002022 -0.729005 0.684457 
1708328322.087951 -12.464787 -82.383091 -7.594994 -0.009378 -0.002467 -0.727646 0.685884 
1708328322.187340 -12.475608 -82.460069 -7.587613 -0.010651 -0.004679 -0.727564 0.685941 
1708328322.288193 -12.485123 -82.562162 -7.586132 -0.009009 0.000027 -0.728077 0.685436 
1708328322.389049 -12.489022 -82.659531 -7.593403 -0.010517 0.000750 -0.727998 0.685498 
1708328322.490273 -12.490030 -82.739503 -7.587563 -0.010561 -0.002692 -0.728415 0.685049 
1708328322.590809 -12.487302 -82.823785 -7.580107 -0.011305 -0.002188 -0.727249 0.686277 
1708328322.691629 -12.480692 -82.918301 -7.575537 -0.008405 -0.001108 -0.728209 0.685303 
1708328322.792625 -12.474279 -83.003896 -7.563945 -0.009257 -0.001561 -0.727964 0.685551 
1708328322.894575 -12.477542 -83.085109 -7.562797 -0.008949 -0.003017 -0.726945 0.686631 
1708328322.994400 -12.477189 -83.189801 -7.559694 -0.013706 -0.000549 -0.719461 0.694398 
1708328323.095188 -12.476686 -83.314786 -7.554411 -0.016778 0.008744 -0.709828 0.704121 
1708328323.196014 -12.455953 -83.389833 -7.547666 -0.019391 0.006798 -0.702721 0.711168 
1708328323.296872 -12.444502 -83.460748 -7.535508 -0.018340 0.004467 -0.700186 0.713711 
1708328323.397743 -12.436667 -83.555554 -7.554752 -0.014818 0.004257 -0.699843 0.714130 
1708328323.498478 -12.439176 -83.652884 -7.547154 -0.010917 0.000947 -0.701286 0.712796 
1708328323.599472 -12.434894 -83.729211 -7.540737 -0.011491 0.000663 -0.700194 0.713860 
1708328323.700225 -12.428851 -83.811529 -7.537900 -0.010774 -0.003522 -0.700208 0.713849 
1708328323.801508 -12.412164 -83.915777 -7.545094 -0.011343 0.001150 -0.701292 0.712783 
1708328323.901932 -12.402613 -84.000722 -7.553118 -0.008712 -0.003100 -0.707618 0.706534 
1708328324.003628 -12.400326 -84.081978 -7.550987 -0.007661 -0.007090 -0.709633 0.704494 
1708328324.103723 -12.397007 -84.190746 -7.551825 -0.011051 -0.004973 -0.707155 0.706954 
1708328324.206078 -12.386400 -84.289162 -7.558718 -0.008691 -0.004358 -0.708184 0.705961 
1708328324.305467 -12.378383 -84.360490 -7.555653 -0.010780 -0.004463 -0.709052 0.705060 
1708328324.406241 -12.369248 -84.426404 -7.556005 -0.012021 -0.005292 -0.714881 0.699123 
1708328324.508921 -12.365103 -84.515941 -7.561075 -0.003914 -0.010902 -0.727588 0.685917 
1708328324.608003 -12.377714 -84.604587 -7.570118 -0.002594 -0.010769 -0.738912 0.673711 
1708328324.708904 -12.397463 -84.690507 -7.561240 -0.002846 -0.013571 -0.746574 0.665158 
1708328324.809672 -12.423842 -84.785820 -7.549273 -0.006741 -0.012140 -0.748306 0.663208 
1708328324.915022 -12.442291 -84.898836 -7.556724 -0.008502 -0.006018 -0.748246 0.663339 
1708328325.011465 -12.447938 -84.983281 -7.539297 -0.011578 -0.004870 -0.748782 0.662698 
1708328325.112927 -12.455435 -85.063565 -7.533254 -0.013846 -0.004314 -0.748269 0.663237 
1708328325.213339 -12.465778 -85.159685 -7.534396 -0.009296 -0.008400 -0.753650 0.657157 
1708328325.314371 -12.485668 -85.267297 -7.537747 -0.005150 -0.008325 -0.761533 0.648052 
1708328325.415076 -12.495125 -85.347807 -7.526381 -0.003951 -0.010261 -0.770416 0.637447 
1708328325.515668 -12.512803 -85.432550 -7.512283 -0.004771 -0.011061 -0.773137 0.634124 
1708328325.616557 -12.527925 -85.532065 -7.514588 -0.007935 -0.006715 -0.772194 0.635301 
1708328325.718738 -12.539561 -85.631135 -7.509037 -0.006262 -0.002921 -0.774176 0.632933 
1708328325.820427 -12.545238 -85.706492 -7.498583 -0.008114 -0.003582 -0.778461 0.627630 
1708328325.919157 -12.568560 -85.781462 -7.509449 -0.005615 -0.008238 -0.787430 0.616323 
1708328326.020035 -12.597031 -85.890390 -7.504552 -0.003014 -0.006349 -0.791614 0.610981 
1708328326.120883 -12.616572 -85.986462 -7.509737 -0.005219 -0.005025 -0.792183 0.610240 
1708328326.221824 -12.633768 -86.059713 -7.508696 -0.008034 -0.004862 -0.791617 0.610945 
1708328326.322657 -12.664295 -86.145922 -7.509157 -0.008987 -0.005323 -0.792508 0.609772 
1708328326.423525 -12.692189 -86.241553 -7.503347 -0.003419 -0.010181 -0.799243 0.600911 
1708328326.524300 -12.722992 -86.313504 -7.487462 -0.000449 -0.015026 -0.809254 0.587267 
1708328326.625112 -12.761131 -86.381347 -7.498017 -0.000270 -0.016922 -0.815683 0.578251 
1708328326.728870 -12.795728 -86.492150 -7.498015 -0.003150 -0.017104 -0.817477 0.575698 
1708328326.826869 -12.817412 -86.604725 -7.503795 -0.003446 -0.010419 -0.818743 0.574056 
1708328326.927736 -12.841262 -86.682321 -7.488022 -0.004430 -0.009760 -0.824864 0.565230 
1708328327.028688 -12.884971 -86.761120 -7.493208 -0.003914 -0.015288 -0.836143 0.548284 
1708328327.129749 -12.933051 -86.859246 -7.496963 -0.001658 -0.011822 -0.839900 0.542610 
1708328327.230500 -12.971261 -86.925512 -7.484960 -0.001370 -0.013060 -0.843591 0.536825 
1708328327.331511 -13.004143 -86.998182 -7.467282 -0.006536 -0.009214 -0.843086 0.537660 
1708328327.432081 -13.048956 -87.094065 -7.467413 -0.008608 -0.008897 -0.843751 0.536592 
1708328327.532851 -13.105857 -87.178834 -7.469930 -0.007083 -0.003433 -0.843766 0.536653 
1708328327.633902 -13.147227 -87.249853 -7.463572 -0.007750 -0.003774 -0.843254 0.537447 
1708328327.735987 -13.179608 -87.320318 -7.456991 -0.009355 -0.004538 -0.843786 0.536578 
1708328327.836305 -13.223597 -87.413770 -7.448425 -0.010783 -0.003356 -0.842848 0.538033 
1708328327.936361 -13.261119 -87.502629 -7.452444 -0.007183 -0.005102 -0.843399 0.537215 
1708328328.037167 -13.285508 -87.585909 -7.443091 -0.007600 -0.005110 -0.843395 0.537216 
1708328328.138124 -13.309443 -87.680321 -7.436295 -0.008260 -0.006717 -0.844396 0.535613 
1708328328.238873 -13.347593 -87.788545 -7.438606 -0.005128 -0.006153 -0.849202 0.528008 
1708328328.339741 -13.375213 -87.878631 -7.430946 -0.002939 -0.007208 -0.853745 0.520633 
1708328328.440683 -13.408262 -87.951256 -7.428900 -0.004263 -0.012296 -0.859160 0.511542 
1708328328.541517 -13.445743 -88.028336 -7.441412 -0.005858 -0.008621 -0.863270 0.504634 
1708328328.642387 -13.494325 -88.133292 -7.436026 -0.002476 -0.011496 -0.865437 0.500880 
1708328328.743239 -13.544555 -88.205985 -7.425101 -0.003145 -0.013467 -0.872132 0.489075 
1708328328.844028 -13.589022 -88.270834 -7.424691 -0.002835 -0.019876 -0.879714 0.475079 
1708328328.945043 -13.651700 -88.345374 -7.444495 -0.001254 -0.022067 -0.886843 0.461542 
1708328329.045923 -13.700215 -88.426037 -7.440998 0.000515 -0.022445 -0.894090 0.447324 
1708328329.146982 -13.738427 -88.490995 -7.434556 -0.001761 -0.020897 -0.899586 0.436239 
1708328329.247531 -13.786702 -88.563649 -7.441668 -0.006534 -0.015038 -0.901298 0.432889 
1708328329.348332 -13.856745 -88.652531 -7.430897 -0.007685 -0.008898 -0.900898 0.433871 
1708328329.449328 -13.933086 -88.720241 -7.426859 -0.008038 -0.010647 -0.903051 0.429327 
1708328329.550030 -13.984800 -88.778267 -7.418104 -0.009210 -0.012579 -0.905545 0.423964 
1708328329.650928 -14.047918 -88.846280 -7.414755 -0.007335 -0.010889 -0.906499 0.422005 
1708328329.751760 -14.117033 -88.929839 -7.409686 -0.004896 -0.011353 -0.910762 0.412747 
1708328329.852659 -14.180346 -88.985224 -7.395575 -0.005678 -0.018835 -0.917548 0.397138 
1708328329.953472 -14.232103 -89.045801 -7.400846 -0.003604 -0.024309 -0.924908 0.379397 
1708328330.056451 -14.311814 -89.118255 -7.403870 -0.002674 -0.022041 -0.930878 0.364656 
1708328330.156374 -14.383562 -89.186498 -7.388563 -0.000363 -0.024095 -0.938534 0.344344 
1708328330.256537 -14.432471 -89.254875 -7.384894 -0.001738 -0.023192 -0.942776 0.332614 
1708328330.356962 -14.492935 -89.318949 -7.393072 -0.004231 -0.020663 -0.945352 0.325369 
1708328330.460288 -14.575486 -89.389771 -7.396044 -0.001487 -0.015058 -0.946956 0.321006 
1708328330.558981 -14.637946 -89.446391 -7.384429 -0.003455 -0.011524 -0.948866 0.315449 
1708328330.659485 -14.701835 -89.495926 -7.379723 -0.006206 -0.011117 -0.949362 0.313926 
1708328330.760412 -14.783654 -89.555228 -7.384621 -0.003389 -0.011915 -0.950445 0.310646 
1708328330.861265 -14.878481 -89.615571 -7.379552 -0.000119 -0.016407 -0.954947 0.296322 
1708328330.962225 -14.957391 -89.649121 -7.360951 0.001320 -0.023579 -0.961247 0.274676 
1708328331.063220 -15.030539 -89.675678 -7.352636 0.002486 -0.032183 -0.968386 0.247359 
1708328331.164142 -15.111279 -89.708244 -7.376830 0.005625 -0.036448 -0.975214 0.218167 
1708328331.264655 -15.198181 -89.744210 -7.388104 0.004088 -0.036250 -0.981186 0.189587 
1708328331.365738 -15.268430 -89.762830 -7.380438 0.002460 -0.036943 -0.986703 0.158260 
1708328331.466885 -15.345591 -89.790043 -7.387428 0.000189 -0.035267 -0.990736 0.131144 
1708328331.567232 -15.449944 -89.816769 -7.384603 0.002309 -0.032514 -0.993054 0.113057 
1708328331.668194 -15.538270 -89.844607 -7.380494 -0.000774 -0.025647 -0.994548 0.101072 
1708328331.769099 -15.615858 -89.869069 -7.375190 -0.002525 -0.017560 -0.995155 0.096704 
1708328331.869851 -15.718217 -89.890832 -7.381783 -0.001706 -0.015449 -0.995150 0.097134 
1708328331.970767 -15.823312 -89.891427 -7.380359 0.001758 -0.012566 -0.995483 0.094086 
1708328332.071513 -15.896757 -89.875059 -7.370733 0.000804 -0.015998 -0.996772 0.078673 
1708328332.172413 -15.970504 -89.866841 -7.365014 -0.000281 -0.022920 -0.998278 0.054004 
1708328332.273608 -16.070954 -89.868840 -7.371064 0.002415 -0.031686 -0.999193 0.024560 
1708328332.374087 -16.168755 -89.876080 -7.362636 0.002507 -0.041471 -0.999030 -0.014582 
1708328332.475025 -16.253903 -89.887980 -7.357942 0.000765 -0.044147 -0.998023 -0.044735 
1708328332.575806 -16.347445 -89.881520 -7.355659 -0.000476 -0.040505 -0.997111 -0.064250 
1708328332.676811 -16.466746 -89.879586 -7.363660 0.002377 -0.032769 -0.996388 -0.078301 
1708328332.777590 -16.557943 -89.867375 -7.353156 0.003541 -0.025643 -0.995659 -0.089404 
1708328332.878374 -16.637336 -89.870497 -7.349685 0.001444 -0.017061 -0.995282 -0.095497 
1708328332.979295 -16.723800 -89.861623 -7.366154 0.001743 -0.018054 -0.994496 -0.103197 
1708328333.080251 -16.810907 -89.828060 -7.381742 0.003246 -0.024416 -0.991914 -0.124503 
1708328333.181390 -16.878419 -89.793622 -7.386091 -0.000025 -0.030259 -0.988592 -0.147550 
1708328333.281817 -16.945072 -89.779413 -7.372058 -0.002600 -0.034044 -0.984854 -0.169991 
1708328333.382682 -17.043322 -89.757927 -7.362465 0.000201 -0.034536 -0.980956 -0.191135 
1708328333.483577 -17.130678 -89.732230 -7.363422 0.001198 -0.033520 -0.975240 -0.218590 
1708328333.584729 -17.198315 -89.704195 -7.360177 -0.001279 -0.032718 -0.970326 -0.239571 
1708328333.685290 -17.282386 -89.669674 -7.343296 -0.000210 -0.028455 -0.966085 -0.256651 
1708328333.786265 -17.378243 -89.630512 -7.348810 0.001812 -0.026816 -0.962300 -0.270657 
1708328333.887606 -17.457487 -89.601188 -7.343450 0.001277 -0.027232 -0.957312 -0.287767 
1708328333.987834 -17.519424 -89.564050 -7.348820 -0.000205 -0.026306 -0.952837 -0.302341 
1708328334.088929 -17.598282 -89.519948 -7.360176 -0.000881 -0.025281 -0.948264 -0.316475 
1708328334.189596 -17.677749 -89.469333 -7.366998 0.002704 -0.024784 -0.942010 -0.334657 
1708328334.290500 -17.733353 -89.420059 -7.369743 -0.002445 -0.028172 -0.931967 -0.361439 
1708328334.391276 -17.787807 -89.377022 -7.364679 -0.005461 -0.032966 -0.919666 -0.391276 
1708328334.492229 -17.859973 -89.308919 -7.386055 -0.003133 -0.033438 -0.909266 -0.414858 
1708328334.593286 -17.937322 -89.225459 -7.390834 -0.004511 -0.035168 -0.897227 -0.440143 
1708328334.693956 -17.990287 -89.152859 -7.372475 -0.006133 -0.032708 -0.890457 -0.453848 
1708328334.795142 -18.040946 -89.072668 -7.362883 -0.003726 -0.028005 -0.886021 -0.462784 
1708328334.896607 -18.111717 -88.979108 -7.362966 0.002389 -0.019009 -0.882684 -0.469577 
1708328334.996424 -18.167478 -88.895217 -7.374110 0.002077 -0.018657 -0.874161 -0.485274 
1708328335.097415 -18.213420 -88.837739 -7.383605 -0.002972 -0.027146 -0.861483 -0.507051 
1708328335.198414 -18.264494 -88.772039 -7.377558 -0.005338 -0.031354 -0.845820 -0.532519 
1708328335.299263 -18.325563 -88.703948 -7.388930 -0.004897 -0.036533 -0.828197 -0.559224 
1708328335.399870 -18.373926 -88.645822 -7.374543 -0.005689 -0.038501 -0.810378 -0.584614 
1708328335.500945 -18.414812 -88.568508 -7.364994 -0.005100 -0.036131 -0.797316 -0.602459 
1708328335.601859 -18.453946 -88.478425 -7.363571 0.005043 -0.027538 -0.787218 -0.616039 
1708328335.702977 -18.498131 -88.363230 -7.368029 0.010117 -0.021296 -0.783199 -0.621324 
1708328335.803712 -18.532027 -88.295014 -7.362302 0.012806 -0.015681 -0.781847 -0.623141 
1708328335.904158 -18.559016 -88.217704 -7.391253 0.009122 -0.020039 -0.771817 -0.635463 
1708328336.005026 -18.586215 -88.149505 -7.391494 0.012552 -0.018010 -0.760039 -0.649507 
1708328336.105874 -18.623863 -88.097023 -7.389711 0.008929 -0.017066 -0.752175 -0.658682 
1708328336.206783 -18.652528 -88.072372 -7.387280 0.006410 -0.020567 -0.743425 -0.668473 
1708328336.307633 -18.659267 -88.029994 -7.384799 0.006587 -0.020586 -0.730594 -0.682470 
1708328336.408592 -18.670131 -87.976693 -7.389665 0.010154 -0.018708 -0.723147 -0.690366 
1708328336.509349 -18.684553 -87.932928 -7.391286 0.009952 -0.017075 -0.717039 -0.696752 
1708328336.610166 -18.701406 -87.890624 -7.390166 0.011613 -0.014327 -0.716215 -0.697636 
1708328336.711070 -18.717348 -87.820998 -7.383412 0.012631 -0.013963 -0.710491 -0.703454 
1708328336.812050 -18.735410 -87.755480 -7.391817 0.010253 -0.015519 -0.702131 -0.711804 
1708328336.912997 -18.740744 -87.711191 -7.388629 0.008422 -0.014779 -0.699482 -0.714447 
1708328337.013788 -18.742443 -87.660541 -7.390284 0.007380 -0.014102 -0.697374 -0.716531 
1708328337.114746 -18.731709 -87.595829 -7.390931 0.012096 -0.014761 -0.695711 -0.718068 
1708328337.215692 -18.711974 -87.535651 -7.389368 0.010449 -0.014097 -0.696161 -0.717671 
1708328337.316308 -18.707315 -87.480268 -7.393716 0.008642 -0.014135 -0.695891 -0.717956 
1708328337.417039 -18.699336 -87.418297 -7.404010 0.009160 -0.013507 -0.696825 -0.717056 
1708328337.517893 -18.696172 -87.357675 -7.405582 0.011185 -0.014413 -0.696032 -0.717779 
1708328337.618954 -18.695890 -87.303657 -7.396954 0.010902 -0.013416 -0.696653 -0.717200 
1708328337.719679 -18.702436 -87.272612 -7.394424 0.012371 -0.011382 -0.702220 -0.711762 
1708328337.820523 -18.716830 -87.205271 -7.392693 0.013323 -0.010277 -0.711019 -0.702971 
1708328337.921592 -18.734167 -87.146642 -7.391398 0.010698 -0.012586 -0.710929 -0.703069 
1708328338.022183 -18.735611 -87.101447 -7.393039 0.007857 -0.013702 -0.706575 -0.707462 
1708328338.123041 -18.735113 -87.035264 -7.397546 0.007479 -0.015615 -0.701148 -0.712806 
1708328338.224030 -18.736626 -86.963282 -7.381428 0.007555 -0.015681 -0.697908 -0.715976 
1708328338.324809 -18.733639 -86.910317 -7.380277 0.004523 -0.012209 -0.697924 -0.716054 
1708328338.425809 -18.727487 -86.843622 -7.385864 -0.001341 -0.002939 -0.697328 -0.716745 
1708328338.526501 -18.716335 -86.765902 -7.382453 -0.007395 0.000600 -0.697750 -0.716303 
1708328338.627378 -18.711707 -86.702487 -7.361882 -0.021597 0.013764 -0.697632 -0.715999 
1708328338.728208 -18.714751 -86.651710 -7.356508 -0.037780 0.027960 -0.694684 -0.717778 
1708328338.829128 -18.706538 -86.592524 -7.340467 -0.058178 0.055707 -0.693127 -0.716301 
1708328338.930095 -18.709532 -86.539182 -7.315568 -0.081617 0.073930 -0.690370 -0.715026 
1708328339.030955 -18.709929 -86.498424 -7.293579 -0.106081 0.100547 -0.685766 -0.712995 
1708328339.131996 -18.700924 -86.452172 -7.282402 -0.130941 0.129501 -0.682974 -0.706845 
1708328339.232536 -18.702827 -86.414785 -7.258048 -0.157214 0.151774 -0.678367 -0.701474 
1708328339.333451 -18.698401 -86.351942 -7.243463 -0.174452 0.170626 -0.673644 -0.697608 
1708328339.434308 -18.684535 -86.286330 -7.211155 -0.190507 0.189508 -0.670323 -0.691709 
1708328339.535069 -18.672725 -86.231714 -7.158946 -0.202301 0.204956 -0.661326 -0.692615 
1708328339.635941 -18.649815 -86.167026 -7.100600 -0.214695 0.212438 -0.659271 -0.688577 
1708328339.736976 -18.621570 -86.088358 -7.044234 -0.211877 0.231163 -0.651359 -0.690944 
1708328339.837715 -18.617277 -86.026635 -7.003567 -0.217197 0.223007 -0.654102 -0.689379 
1708328339.938535 -18.644863 -85.956688 -6.975039 -0.225487 0.216823 -0.657577 -0.685372 
1708328340.039364 -18.667690 -85.907064 -6.909590 -0.221701 0.222633 -0.654935 -0.687273 
1708328340.140226 -18.710882 -85.812291 -6.895835 -0.231761 0.223001 -0.660993 -0.677972 
1708328340.241356 -18.747634 -85.741885 -6.852824 -0.219626 0.227367 -0.659051 -0.682437 
1708328340.341946 -18.733938 -85.691511 -6.814999 -0.220779 0.225367 -0.660465 -0.681361 
1708328340.443027 -18.706204 -85.612073 -6.776495 -0.213265 0.222597 -0.659210 -0.685865 
1708328340.543678 -18.674597 -85.559803 -6.767666 -0.218204 0.216165 -0.657005 -0.688480 
1708328340.647576 -18.669986 -85.506003 -6.751491 -0.219776 0.216180 -0.658630 -0.686420 
1708328340.745605 -18.670389 -85.466558 -6.715351 -0.216844 0.215204 -0.658558 -0.687726 
1708328340.846380 -18.668887 -85.405085 -6.678298 -0.212297 0.212833 -0.658894 -0.689559 
1708328340.947303 -18.665813 -85.347621 -6.640506 -0.211800 0.213156 -0.658926 -0.689581 
1708328341.047972 -18.664335 -85.303159 -6.597532 -0.214101 0.213420 -0.657977 -0.689695 
1708328341.148859 -18.661375 -85.252682 -6.551453 -0.215822 0.208910 -0.661150 -0.687502 
1708328341.249797 -18.641931 -85.184879 -6.500149 -0.208241 0.209657 -0.660196 -0.690522 
1708328341.350752 -18.614097 -85.117323 -6.479161 -0.213379 0.206482 -0.661766 -0.688404 
1708328341.451399 -18.602439 -85.084664 -6.439063 -0.211355 0.209199 -0.660208 -0.689703 
1708328341.552634 -18.602806 -85.029889 -6.384571 -0.210560 0.212597 -0.659356 -0.689722 
1708328341.653121 -18.623751 -84.944374 -6.357965 -0.215991 0.204015 -0.661937 -0.688161 
1708328341.754189 -18.619925 -84.874194 -6.329901 -0.208237 0.208019 -0.661097 -0.690156 
1708328341.854845 -18.611811 -84.821957 -6.289232 -0.206031 0.210552 -0.659507 -0.691570 
1708328341.955689 -18.594352 -84.779738 -6.245657 -0.209095 0.211360 -0.658074 -0.691770 
1708328342.056692 -18.576117 -84.713116 -6.219332 -0.213046 0.210549 -0.658317 -0.690579 
1708328342.157425 -18.554263 -84.644289 -6.202004 -0.212758 0.209311 -0.658605 -0.690769 
1708328342.258455 -18.538029 -84.587125 -6.161855 -0.211857 0.207564 -0.660058 -0.690187 
1708328342.359150 -18.532146 -84.536394 -6.099685 -0.210376 0.211222 -0.658829 -0.690704 
1708328342.460068 -18.539965 -84.477831 -6.068662 -0.209812 0.214530 -0.658419 -0.690247 
1708328342.560870 -18.562146 -84.403204 -6.044895 -0.210028 0.214402 -0.657745 -0.690862 
1708328342.661754 -18.579164 -84.322103 -6.014127 -0.209303 0.212753 -0.658122 -0.691234 
1708328342.762786 -18.575704 -84.275334 -5.971033 -0.208969 0.213440 -0.658417 -0.690841 
1708328342.863747 -18.563411 -84.230485 -5.917265 -0.209653 0.215762 -0.658177 -0.690142 
1708328342.965201 -18.551159 -84.158922 -5.880576 -0.214217 0.213968 -0.658088 -0.689383 
1708328343.065505 -18.533798 -84.082411 -5.845356 -0.210611 0.213670 -0.658470 -0.690221 
1708328343.166286 -18.525522 -84.005978 -5.822639 -0.213266 0.212247 -0.658937 -0.689399 
1708328343.267078 -18.518439 -83.952794 -5.776849 -0.214158 0.214474 -0.658140 -0.689195 
1708328343.367710 -18.522956 -83.892606 -5.739475 -0.213516 0.216640 -0.658710 -0.688171 
1708328343.468666 -18.534442 -83.824651 -5.712275 -0.212962 0.214853 -0.659339 -0.688300 
1708328343.569558 -18.541341 -83.753489 -5.682828 -0.210087 0.214079 -0.659052 -0.689698 
1708328343.670323 -18.539687 -83.700860 -5.645043 -0.209870 0.212653 -0.659167 -0.690095 
1708328343.771375 -18.529985 -83.651016 -5.589535 -0.210481 0.213316 -0.658910 -0.689950 
1708328343.872075 -18.516624 -83.595252 -5.544307 -0.210817 0.213473 -0.658279 -0.690402 
1708328343.972962 -18.501304 -83.545065 -5.498980 -0.205740 0.211596 -0.659252 -0.691582 
1708328344.073794 -18.491947 -83.489431 -5.474837 -0.209328 0.209403 -0.659785 -0.690663 
1708328344.174613 -18.494072 -83.440318 -5.449359 -0.211070 0.210018 -0.659761 -0.689970 
1708328344.275580 -18.493158 -83.384912 -5.419364 -0.211034 0.213190 -0.659111 -0.689629 
1708328344.376407 -18.503198 -83.339506 -5.361897 -0.209361 0.214646 -0.658248 -0.690511 
1708328344.477171 -18.510647 -83.261438 -5.337910 -0.211526 0.209540 -0.659792 -0.689945 
1708328344.578096 -18.506359 -83.186833 -5.304767 -0.205162 0.210523 -0.659363 -0.691974 
1708328344.679109 -18.491367 -83.135980 -5.263281 -0.201953 0.208662 -0.658892 -0.693928 
1708328344.779922 -18.465719 -83.075216 -5.217860 -0.201096 0.204192 -0.661314 -0.693203 
1708328344.880783 -18.445002 -83.002208 -5.195303 -0.194614 0.197645 -0.660701 -0.697521 
1708328344.981480 -18.436458 -82.938262 -5.187018 -0.189975 0.185911 -0.667135 -0.695901 
1708328345.082461 -18.429105 -82.867610 -5.183418 -0.180025 0.174895 -0.670498 -0.698166 
1708328345.183257 -18.436028 -82.817184 -5.188342 -0.163530 0.163474 -0.673121 -0.702455 
1708328345.284156 -18.455429 -82.740090 -5.240130 -0.143993 0.143144 -0.679367 -0.705150 
1708328345.384943 -18.475036 -82.643311 -5.231191 -0.122952 0.122940 -0.682698 -0.709713 
1708328345.485765 -18.487951 -82.581805 -5.200479 -0.111561 0.100177 -0.688010 -0.710043 
1708328345.586688 -18.468136 -82.523238 -5.163997 -0.090466 0.078745 -0.690531 -0.713289 
1708328345.687548 -18.445004 -82.475044 -5.147319 -0.074614 0.062784 -0.688963 -0.718207 
1708328345.788431 -18.424486 -82.435273 -5.131996 -0.056020 0.056274 -0.690303 -0.719150 
1708328345.889202 -18.403694 -82.380667 -5.120746 -0.045895 0.036749 -0.690812 -0.720640 
1708328345.990053 -18.373671 -82.310531 -5.106291 -0.031181 0.025720 -0.689434 -0.723220 
1708328346.090957 -18.364524 -82.258325 -5.086155 -0.014739 0.014891 -0.691132 -0.722425 
1708328346.191886 -18.360530 -82.204603 -5.054331 -0.014678 0.006992 -0.690390 -0.723254 
1708328346.293610 -18.360251 -82.138662 -5.032526 -0.003500 0.006716 -0.690300 -0.723483 
1708328346.393578 -18.345824 -82.069231 -5.020484 0.002065 0.000536 -0.690496 -0.723333 
1708328346.494985 -18.346441 -82.019454 -5.013230 0.003182 -0.002587 -0.691433 -0.722429 
1708328346.597333 -18.341123 -81.956072 -5.033941 0.005671 -0.005809 -0.692003 -0.721849 
1708328346.696290 -18.353671 -81.880900 -5.046719 0.007503 -0.006325 -0.692130 -0.721706 
1708328346.797066 -18.368214 -81.818060 -5.038242 0.009547 -0.007962 -0.693695 -0.720162 
1708328346.897991 -18.380155 -81.765705 -5.028051 0.008409 -0.007478 -0.693293 -0.720567 
1708328346.998706 -18.395476 -81.712078 -5.012014 0.005242 0.000154 -0.694181 -0.719781 
1708328347.099666 -18.402177 -81.640102 -4.990572 0.000676 0.008597 -0.693799 -0.720117 
1708328347.200454 -18.412607 -81.590249 -4.973435 -0.009476 0.020135 -0.693934 -0.719695 
1708328347.301283 -18.424048 -81.535457 -4.912681 -0.030529 0.031458 -0.694497 -0.718159 
1708328347.402111 -18.435464 -81.481680 -4.845213 -0.048136 0.053041 -0.693660 -0.716733 
1708328347.502950 -18.437694 -81.413436 -4.804138 -0.060800 0.073417 -0.692571 -0.715024 
1708328347.603943 -18.438987 -81.371244 -4.761415 -0.085655 0.094898 -0.689542 -0.712874 
1708328347.704824 -18.442634 -81.358612 -4.735963 -0.110628 0.115759 -0.685425 -0.710320 
1708328347.808564 -18.454366 -81.335040 -4.728931 -0.129086 0.137733 -0.681993 -0.706578 
1708328347.906414 -18.455416 -81.303375 -4.712354 -0.147352 0.153522 -0.677989 -0.703597 
1708328348.007312 -18.464399 -81.283498 -4.693896 -0.168827 0.168047 -0.672918 -0.700313 
1708328348.108090 -18.467925 -81.264761 -4.689538 -0.183061 0.185126 -0.669219 -0.695961 
1708328348.209184 -18.471671 -81.233278 -4.682916 -0.189677 0.196604 -0.667418 -0.692764 
1708328348.309873 -18.482738 -81.190503 -4.673196 -0.203411 0.200063 -0.666649 -0.688606 
1708328348.410790 -18.474724 -81.119216 -4.662799 -0.201828 0.206526 -0.665582 -0.688196 
1708328348.511595 -18.459013 -81.061145 -4.637278 -0.202148 0.209694 -0.665061 -0.687647 
1708328348.612507 -18.450102 -81.016350 -4.599120 -0.205380 0.213268 -0.663361 -0.687232 
1708328348.713389 -18.437643 -80.940421 -4.564196 -0.214092 0.210710 -0.664280 -0.684469 
1708328348.814167 -18.408175 -80.870983 -4.555777 -0.209470 0.214245 -0.663265 -0.685784 
1708328348.915132 -18.396048 -80.755721 -4.515248 -0.210309 0.212971 -0.661652 -0.687481 
1708328349.015933 -18.407825 -80.702483 -4.463546 -0.213852 0.212884 -0.663038 -0.685075 
1708328349.116807 -18.419260 -80.613120 -4.413497 -0.211794 0.216760 -0.662517 -0.685004 
1708328349.217542 -18.442225 -80.529161 -4.379346 -0.212217 0.216543 -0.661040 -0.686367 
1708328349.318507 -18.469054 -80.438634 -4.353190 -0.215622 0.214555 -0.666517 -0.680609 
1708328349.419251 -18.477267 -80.359759 -4.322877 -0.209352 0.215890 -0.661872 -0.686650 
1708328349.520393 -18.466994 -80.318077 -4.288606 -0.206677 0.218199 -0.658942 -0.689543 
1708328349.621070 -18.459153 -80.270061 -4.252070 -0.213358 0.214352 -0.661077 -0.686665 
1708328349.722016 -18.424104 -80.212945 -4.205814 -0.206786 0.221884 -0.660058 -0.687263 
1708328349.822735 -18.407056 -80.132823 -4.178261 -0.208801 0.214718 -0.655111 -0.693634 
1708328349.923551 -18.400582 -80.053145 -4.112021 -0.209420 0.215638 -0.658125 -0.690300 
1708328350.024413 -18.404137 -79.975640 -4.093775 -0.207699 0.215935 -0.653774 -0.694847 
1708328350.125265 -18.414848 -79.895885 -4.077638 -0.205203 0.212546 -0.659235 -0.691466 
1708328350.226220 -18.429691 -79.840002 -4.062579 -0.207375 0.214153 -0.659433 -0.690132 
1708328350.327140 -18.435502 -79.784403 -4.036248 -0.206336 0.217019 -0.657846 -0.691062 
1708328350.428061 -18.442272 -79.700772 -4.020514 -0.202237 0.215993 -0.658316 -0.692147 
1708328350.528765 -18.441197 -79.617894 -3.970834 -0.201124 0.218133 -0.660844 -0.689385 
1708328350.629807 -18.453012 -79.569339 -3.942448 -0.216733 0.202595 -0.654661 -0.695271 
1708328350.730459 -18.451048 -79.514684 -3.865781 -0.213692 0.215894 -0.660554 -0.686581 
1708328350.831457 -18.453968 -79.442853 -3.843060 -0.208648 0.212521 -0.659594 -0.690099 
1708328350.932303 -18.453929 -79.368358 -3.808821 -0.205316 0.210149 -0.661233 -0.690256 
1708328351.033110 -18.449597 -79.312503 -3.763103 -0.204374 0.212130 -0.660027 -0.691084 
1708328351.133975 -18.449056 -79.264646 -3.710147 -0.207823 0.211102 -0.659569 -0.690806 
1708328351.234761 -18.446031 -79.188761 -3.678766 -0.204114 0.210454 -0.661713 -0.690060 
1708328351.335660 -18.442325 -79.114301 -3.641719 -0.205954 0.209696 -0.661207 -0.690229 
1708328351.436439 -18.433977 -79.066861 -3.594695 -0.208430 0.212934 -0.660397 -0.689270 
1708328351.537318 -18.427072 -79.006990 -3.545991 -0.208677 0.215095 -0.660285 -0.688630 
1708328351.638170 -18.434066 -78.949475 -3.517478 -0.212155 0.213155 -0.659582 -0.688845 
1708328351.739125 -18.444707 -78.878866 -3.479093 -0.206631 0.210437 -0.661156 -0.689850 
1708328351.839877 -18.451330 -78.800948 -3.446051 -0.206710 0.212825 -0.660289 -0.689924 
1708328351.940756 -18.449552 -78.737889 -3.416042 -0.210136 0.215685 -0.660032 -0.688244 
1708328352.041616 -18.442641 -78.676635 -3.372166 -0.211008 0.214218 -0.660339 -0.688141 
1708328352.142461 -18.430175 -78.607037 -3.346778 -0.209728 0.211958 -0.660268 -0.689299 
1708328352.244517 -18.430945 -78.540154 -3.310670 -0.210073 0.211688 -0.661176 -0.688407 
1708328352.344290 -18.423901 -78.489682 -3.270303 -0.209274 0.214862 -0.660244 -0.688561 
1708328352.448330 -18.414642 -78.457377 -3.225111 -0.213021 0.217181 -0.659298 -0.687590 
1708328352.546022 -18.411757 -78.411204 -3.203990 -0.214601 0.218163 -0.659273 -0.686811 
1708328352.646866 -18.418212 -78.339038 -3.163686 -0.210683 0.214982 -0.661993 -0.686411 
1708328352.747620 -18.421272 -78.256714 -3.128267 -0.206616 0.210193 -0.662619 -0.688524 
1708328352.848553 -18.418283 -78.208808 -3.094526 -0.205946 0.208605 -0.662761 -0.689071 
1708328352.949481 -18.413781 -78.177291 -3.056385 -0.205602 0.207578 -0.663073 -0.689183 
1708328353.050218 -18.390724 -78.139432 -3.019103 -0.198374 0.204330 -0.664442 -0.690952 
1708328353.151140 -18.361655 -78.058359 -2.972734 -0.185497 0.194205 -0.664355 -0.697501 
1708328353.252333 -18.340530 -77.989786 -2.920448 -0.177216 0.177772 -0.671900 -0.696808 
1708328353.352835 -18.337639 -77.952629 -2.878716 -0.163170 0.160873 -0.675802 -0.700562 
1708328353.453627 -18.347172 -77.877933 -2.849684 -0.144057 0.146713 -0.677818 -0.705894 
1708328353.554548 -18.381475 -77.788468 -2.818012 -0.125618 0.122688 -0.683741 -0.708284 
1708328353.655370 -18.415173 -77.705151 -2.793152 -0.100044 0.101550 -0.686230 -0.713279 
1708328353.756424 -18.406541 -77.637646 -2.782710 -0.075924 0.080954 -0.688228 -0.716955 
1708328353.857176 -18.421102 -77.579939 -2.791591 -0.059256 0.056255 -0.690536 -0.718669 
1708328353.957939 -18.409821 -77.519077 -2.782512 -0.038316 0.041694 -0.691738 -0.719925 
1708328354.058787 -18.400018 -77.431780 -2.788967 -0.021372 0.022422 -0.692711 -0.720549 
1708328354.159678 -18.385874 -77.372372 -2.808796 -0.009254 0.008357 -0.693399 -0.720446 
1708328354.260501 -18.380024 -77.317662 -2.831723 -0.002627 0.006209 -0.694160 -0.719789 
1708328354.361524 -18.376948 -77.247551 -2.837122 0.005748 -0.003689 -0.694161 -0.719787 
1708328354.462294 -18.391863 -77.180526 -2.847423 0.010962 -0.009141 -0.694112 -0.719726 
1708328354.564131 -18.402484 -77.123449 -2.864296 0.015361 -0.010015 -0.693563 -0.720163 
1708328354.664069 -18.397916 -77.069105 -2.867160 0.017839 -0.010966 -0.694047 -0.719625 
1708328354.765056 -18.411237 -77.002802 -2.868767 0.016352 -0.010904 -0.694319 -0.719399 
1708328354.865866 -18.400753 -76.934501 -2.873678 0.014898 -0.011458 -0.693580 -0.720135 
1708328354.966679 -18.394063 -76.883267 -2.880442 0.014664 -0.011344 -0.693967 -0.719768 
1708328355.067489 -18.395101 -76.824303 -2.888281 0.014980 -0.011894 -0.693724 -0.719987 
1708328355.168469 -18.398361 -76.755131 -2.907491 0.015043 -0.011660 -0.693726 -0.719987 
1708328355.269097 -18.397351 -76.696115 -2.908806 0.014939 -0.011079 -0.693817 -0.719911 
1708328355.370042 -18.390838 -76.647477 -2.904611 0.014373 -0.011222 -0.693812 -0.719926 
1708328355.470798 -18.376594 -76.583834 -2.897977 0.015520 -0.010303 -0.694384 -0.719363 
1708328355.571673 -18.361178 -76.500304 -2.906897 0.013199 -0.012525 -0.694050 -0.719697 
1708328355.672710 -18.348835 -76.437866 -2.909113 0.012748 -0.012712 -0.694279 -0.719480 
1708328355.773409 -18.352110 -76.357310 -2.916628 0.013539 -0.011496 -0.693958 -0.719797 
1708328355.874356 -18.350336 -76.251106 -2.914801 0.015835 -0.009798 -0.693537 -0.720180 
1708328355.975633 -18.361575 -76.152533 -2.923616 0.016532 -0.010259 -0.693611 -0.720087 
1708328356.075965 -18.364466 -76.080888 -2.917910 0.014606 -0.010636 -0.693654 -0.720082 
1708328356.176903 -18.354404 -75.991920 -2.921129 0.013805 -0.009365 -0.694214 -0.719575 
1708328356.277694 -18.352418 -75.880677 -2.932741 0.014867 -0.011613 -0.694023 -0.719705 
1708328356.378886 -18.341123 -75.790049 -2.926950 0.014208 -0.010907 -0.693899 -0.719849 
1708328356.479732 -18.344182 -75.706933 -2.927724 0.013610 -0.010193 -0.694358 -0.719428 
1708328356.581043 -18.355177 -75.603985 -2.929281 0.013340 -0.012176 -0.693687 -0.720050 
1708328356.681187 -18.345930 -75.500891 -2.934566 0.015722 -0.012080 -0.693747 -0.719946 
1708328356.781978 -18.352006 -75.413814 -2.925534 0.014668 -0.010704 -0.693799 -0.719940 
1708328356.883134 -18.349862 -75.330341 -2.932101 0.014121 -0.010878 -0.693549 -0.720189 
1708328356.985907 -18.350497 -75.221300 -2.944794 0.014119 -0.011632 -0.694445 -0.719313 
1708328357.084577 -18.344703 -75.124982 -2.952786 0.014867 -0.013978 -0.693672 -0.720002 
1708328357.185462 -18.338725 -75.038253 -2.952817 0.014218 -0.012118 -0.694226 -0.719515 
1708328357.288892 -18.338441 -74.946236 -2.964872 0.014082 -0.010816 -0.693391 -0.720342 
1708328357.387185 -18.333481 -74.837694 -2.972132 0.016851 -0.011182 -0.693128 -0.720531 
1708328357.488592 -18.337265 -74.750551 -2.972458 0.016109 -0.012109 -0.693439 -0.720234 
1708328357.588878 -18.335232 -74.674740 -2.966581 0.014729 -0.011838 -0.693162 -0.720534 
1708328357.689782 -18.320763 -74.577431 -2.967168 0.015654 -0.010799 -0.694099 -0.719628 
1708328357.791067 -18.322270 -74.467463 -2.965837 0.015684 -0.011591 -0.693601 -0.720095 
1708328357.894194 -18.320303 -74.386196 -2.964298 0.014672 -0.011417 -0.693944 -0.719789 
1708328357.992284 -18.322176 -74.298913 -2.964583 0.013315 -0.011121 -0.693645 -0.720108 
1708328358.093150 -18.319805 -74.195265 -2.976215 0.014151 -0.011970 -0.692974 -0.720724 
1708328358.194085 -18.319887 -74.100514 -2.969492 0.016164 -0.011371 -0.693748 -0.719947 
1708328358.294998 -18.323812 -74.023604 -2.963570 0.014695 -0.011859 -0.693474 -0.720235 
1708328358.395972 -18.319613 -73.926800 -2.989100 0.015726 -0.010488 -0.693585 -0.720126 
1708328358.496735 -18.315253 -73.812014 -3.003505 0.015065 -0.011422 -0.693269 -0.720431 
1708328358.597775 -18.306597 -73.731149 -2.989944 0.015035 -0.011806 -0.693577 -0.720129 
1708328358.699145 -18.307641 -73.646603 -2.987809 0.014641 -0.011195 -0.693560 -0.720163 
1708328358.799167 -18.312593 -73.547534 -3.011879 0.014115 -0.012380 -0.693269 -0.720435 
1708328358.900183 -18.311978 -73.445176 -3.017259 0.015121 -0.011031 -0.693564 -0.720152 
1708328359.000931 -18.312452 -73.359613 -3.006087 0.015258 -0.011047 -0.693040 -0.720653 
1708328359.103234 -18.308495 -73.273657 -3.010793 0.015010 -0.010871 -0.693472 -0.720245 
1708328359.202610 -18.303978 -73.160171 -3.012052 0.017230 -0.013116 -0.693987 -0.719662 
1708328359.303456 -18.292845 -73.070554 -3.014120 0.015620 -0.013742 -0.693472 -0.720183 
1708328359.404602 -18.284666 -72.996554 -3.012957 0.013937 -0.011905 -0.693989 -0.719753 
1708328359.505440 -18.281221 -72.901508 -3.019838 0.014087 -0.012235 -0.693073 -0.720626 
1708328359.606022 -18.284101 -72.794099 -3.032131 0.017646 -0.012254 -0.693417 -0.720216 
1708328359.706956 -18.289472 -72.706501 -3.030787 0.015260 -0.011087 -0.693288 -0.720414 
1708328359.807809 -18.298493 -72.637460 -3.025958 0.013698 -0.010772 -0.693417 -0.720325 
1708328359.908605 -18.292298 -72.544364 -3.034694 0.014844 -0.011081 -0.693941 -0.719793 
1708328360.009457 -18.276860 -72.433410 -3.025700 0.015008 -0.012371 -0.693621 -0.720078 
1708328360.110354 -18.270692 -72.347223 -3.019411 0.014085 -0.011405 -0.694212 -0.719543 
1708328360.211292 -18.263185 -72.261323 -3.029688 0.012922 -0.011217 -0.694037 -0.719736 
1708328360.312256 -18.264124 -72.161706 -3.053330 0.014245 -0.014442 -0.693348 -0.720317 
1708328360.413390 -18.262445 -72.066924 -3.041394 0.015466 -0.012089 -0.693993 -0.719714 
1708328360.513969 -18.262017 -71.989031 -3.034202 0.014408 -0.011701 -0.693579 -0.720141 
1708328360.614631 -18.269039 -71.896154 -3.058138 0.014502 -0.010498 -0.694296 -0.719467 
1708328360.715704 -18.261195 -71.791219 -3.075732 0.016671 -0.014465 -0.693578 -0.720043 
1708328360.816396 -18.257486 -71.710405 -3.065759 0.014602 -0.012546 -0.693795 -0.719915 
1708328360.917235 -18.244762 -71.625821 -3.057430 0.013948 -0.010714 -0.694050 -0.719712 
1708328361.018294 -18.249108 -71.525537 -3.078232 0.015040 -0.011549 -0.693511 -0.720196 
1708328361.118985 -18.244615 -71.430276 -3.081440 0.015801 -0.011249 -0.693987 -0.719726 
1708328361.219847 -18.241571 -71.346835 -3.071257 0.014141 -0.010940 -0.693402 -0.720329 
1708328361.320627 -18.234517 -71.261512 -3.074022 0.013526 -0.009099 -0.694150 -0.719646 
1708328361.421577 -18.221454 -71.153139 -3.071109 0.014331 -0.010599 -0.694080 -0.719677 
1708328361.522593 -18.232461 -71.067706 -3.061857 0.013361 -0.011661 -0.693683 -0.720062 
1708328361.623203 -18.234775 -70.989001 -3.063542 0.011559 -0.009564 -0.694348 -0.719483 
1708328361.724217 -18.230662 -70.891933 -3.069427 0.010966 -0.009878 -0.693290 -0.720508 
1708328361.825241 -18.233448 -70.779782 -3.081269 0.014508 -0.009936 -0.693573 -0.720171 
1708328361.926138 -18.232403 -70.687321 -3.084743 0.012645 -0.007717 -0.693621 -0.720188 
1708328362.026780 -18.232250 -70.602977 -3.085042 0.012405 -0.008442 -0.693508 -0.720293 
1708328362.127550 -18.218852 -70.506050 -3.106295 0.013805 -0.010304 -0.694408 -0.719375 
1708328362.228453 -18.208008 -70.402280 -3.097313 0.013796 -0.010400 -0.693707 -0.720050 
1708328362.329254 -18.206361 -70.323271 -3.084193 0.012291 -0.010104 -0.694418 -0.719396 
1708328362.430488 -18.202284 -70.243898 -3.096210 0.010232 -0.010651 -0.694048 -0.719778 
1708328362.531563 -18.204226 -70.136145 -3.110279 0.014744 -0.010898 -0.693557 -0.720169 
1708328362.632625 -18.208680 -70.043379 -3.099251 0.014335 -0.012521 -0.693715 -0.719998 
1708328362.732972 -18.207663 -69.957134 -3.101582 0.012947 -0.011542 -0.693377 -0.720366 
1708328362.834269 -18.208138 -69.858517 -3.107719 0.013730 -0.008821 -0.694232 -0.719567 
1708328362.934473 -18.197098 -69.754201 -3.123499 0.014108 -0.012795 -0.694011 -0.719713 
1708328363.037514 -18.194342 -69.667277 -3.123525 0.013600 -0.010677 -0.694062 -0.719708 
1708328363.136121 -18.189308 -69.590996 -3.126591 0.012404 -0.010126 -0.694223 -0.719582 
1708328363.237149 -18.176388 -69.490773 -3.123069 0.015044 -0.012771 -0.693456 -0.720229 
1708328363.337837 -18.187704 -69.390790 -3.142249 0.016294 -0.012775 -0.694081 -0.719599 
1708328363.439094 -18.188633 -69.315849 -3.138540 0.013913 -0.011030 -0.693463 -0.720273 
1708328363.539569 -18.185098 -69.226211 -3.136275 0.014875 -0.009369 -0.693864 -0.719891 
1708328363.640493 -18.180138 -69.125131 -3.133677 0.016337 -0.012754 -0.694063 -0.719616 
1708328363.741438 -18.170783 -69.036955 -3.126023 0.015163 -0.012527 -0.693786 -0.719913 
1708328363.842131 -18.176373 -68.960291 -3.135003 0.014446 -0.011097 -0.694223 -0.719529 
1708328363.942956 -18.182511 -68.866735 -3.132636 0.014223 -0.011048 -0.693610 -0.720125 
1708328364.043855 -18.180235 -68.758606 -3.145375 0.017714 -0.012096 -0.693704 -0.719941 
1708328364.144783 -18.186660 -68.680905 -3.143972 0.015521 -0.011808 -0.693484 -0.720208 
1708328364.245832 -18.178871 -68.601622 -3.149260 0.014428 -0.011454 -0.693841 -0.719892 
1708328364.346787 -18.181402 -68.499230 -3.160680 0.015083 -0.011126 -0.694566 -0.719185 
1708328364.447459 -18.169932 -68.398085 -3.171148 0.014977 -0.013353 -0.693650 -0.720033 
1708328364.548393 -18.158537 -68.318859 -3.163313 0.013798 -0.011718 -0.694175 -0.719579 
1708328364.648972 -18.159180 -68.236164 -3.170932 0.011552 -0.011525 -0.693963 -0.719825 
1708328364.749950 -18.153831 -68.123897 -3.179477 0.015181 -0.011745 -0.693588 -0.720116 
1708328364.850969 -18.160751 -68.030552 -3.180724 0.015239 -0.010566 -0.694017 -0.719720 
1708328364.951588 -18.158563 -67.955887 -3.177880 0.013381 -0.010494 -0.693354 -0.720396 
1708328365.052427 -18.148986 -67.865642 -3.173908 0.014889 -0.009578 -0.694200 -0.719564 
1708328365.154584 -18.145904 -67.762735 -3.168388 0.014353 -0.010898 -0.693509 -0.720223 
1708328365.254266 -18.136264 -67.683442 -3.164865 0.013638 -0.011521 -0.694158 -0.719601 
1708328365.354978 -18.139622 -67.612096 -3.175332 0.013415 -0.009704 -0.694065 -0.719722 
1708328365.456064 -18.133643 -67.517436 -3.164708 0.014382 -0.009708 -0.693059 -0.720672 
1708328365.556963 -18.135107 -67.418779 -3.176257 0.015797 -0.011204 -0.693784 -0.719923 
1708328365.660399 -18.140107 -67.330944 -3.180072 0.014334 -0.010086 -0.693506 -0.720238 
1708328365.758439 -18.137382 -67.243587 -3.188118 0.013571 -0.008968 -0.693947 -0.719843 
1708328365.859278 -18.144464 -67.139295 -3.201225 0.014114 -0.010595 -0.694646 -0.719135 
1708328365.960138 -18.144151 -67.052144 -3.190478 0.013662 -0.011826 -0.693607 -0.720126 
1708328366.061138 -18.137899 -66.971271 -3.184745 0.012951 -0.009895 -0.694057 -0.719735 
1708328366.161982 -18.137766 -66.866334 -3.199812 0.011076 -0.009444 -0.693502 -0.720308 
1708328366.262862 -18.135945 -66.760406 -3.206498 0.015105 -0.009587 -0.693492 -0.720242 
1708328366.363671 -18.136859 -66.674429 -3.206785 0.013767 -0.009471 -0.693413 -0.720347 
1708328366.466099 -18.134543 -66.594598 -3.211555 0.013041 -0.009585 -0.693216 -0.720549 
1708328366.565401 -18.125349 -66.493551 -3.209866 0.014235 -0.008054 -0.694208 -0.719589 
1708328366.666211 -18.111441 -66.395991 -3.219418 0.014073 -0.011197 -0.693871 -0.719875 
1708328366.767297 -18.094929 -66.316133 -3.220917 0.013232 -0.010177 -0.694333 -0.719460 
1708328366.868061 -18.093046 -66.225051 -3.227759 0.012328 -0.008797 -0.694108 -0.719711 
1708328366.968812 -18.095279 -66.121325 -3.232381 0.015051 -0.009781 -0.692941 -0.720771 
1708328367.069604 -18.104578 -66.034432 -3.234389 0.014510 -0.009989 -0.693906 -0.719850 
1708328367.170446 -18.104210 -65.959773 -3.226562 0.013424 -0.008961 -0.693342 -0.720428 
1708328367.271416 -18.104342 -65.864584 -3.225047 0.013568 -0.008331 -0.693564 -0.720219 
1708328367.372196 -18.103070 -65.755344 -3.222467 0.013693 -0.012001 -0.693459 -0.720266 
1708328367.473263 -18.103324 -65.675820 -3.214035 0.013041 -0.010204 -0.693398 -0.720364 
1708328367.573893 -18.107183 -65.588601 -3.215082 0.012433 -0.010445 -0.693430 -0.720341 
1708328367.674758 -18.100081 -65.479808 -3.228071 0.014451 -0.010420 -0.693022 -0.720696 
1708328367.776305 -18.106528 -65.371083 -3.234959 0.015123 -0.012061 -0.692843 -0.720829 
1708328367.876501 -18.108723 -65.293754 -3.234707 0.013994 -0.011634 -0.692516 -0.721173 
1708328367.977350 -18.096807 -65.203517 -3.251313 0.014841 -0.009567 -0.693468 -0.720271 
1708328368.078198 -18.090721 -65.103850 -3.264127 0.016748 -0.014325 -0.693473 -0.720146 
1708328368.179247 -18.070569 -65.021621 -3.259715 0.013945 -0.011641 -0.693561 -0.720168 
1708328368.280240 -18.061452 -64.932312 -3.252003 0.013617 -0.010103 -0.693643 -0.720119 
1708328368.380950 -18.060281 -64.825145 -3.265400 0.015044 -0.010947 -0.693239 -0.720468 
1708328368.481720 -18.054556 -64.713793 -3.265781 0.016019 -0.010456 -0.694138 -0.719588 
1708328368.583030 -18.065939 -64.630756 -3.260705 0.014682 -0.008788 -0.693003 -0.720731 
1708328368.683339 -18.070139 -64.553084 -3.267114 0.014893 -0.008519 -0.693523 -0.720230 
1708328368.788281 -18.074789 -64.445172 -3.268671 0.014047 -0.009919 -0.693310 -0.720434 
1708328368.885289 -18.079954 -64.340491 -3.258408 0.014326 -0.011113 -0.692967 -0.720742 
1708328368.986415 -18.070242 -64.270496 -3.255729 0.014262 -0.009189 -0.694051 -0.719726 
1708328369.086835 -18.068634 -64.194139 -3.266001 0.012732 -0.010166 -0.692722 -0.721021 
1708328369.187693 -18.061715 -64.079872 -3.273867 0.015535 -0.012408 -0.693238 -0.720435 
1708328369.288531 -18.049829 -63.991190 -3.279006 0.015572 -0.010330 -0.693316 -0.720391 
1708328369.389468 -18.053636 -63.909963 -3.277787 0.014309 -0.010123 -0.693218 -0.720515 
1708328369.496517 -18.044914 -63.802590 -3.300341 0.017388 -0.009516 -0.694477 -0.719242 
1708328369.591115 -18.035605 -63.698643 -3.304312 0.015854 -0.011796 -0.693417 -0.720265 
1708328369.691953 -18.033456 -63.609350 -3.292545 0.014285 -0.011532 -0.694437 -0.719320 
1708328369.792983 -18.030663 -63.528176 -3.290094 0.013517 -0.009873 -0.693815 -0.719959 
1708328369.893652 -18.037691 -63.428079 -3.312678 0.014784 -0.011166 -0.693337 -0.720376 
1708328369.994591 -18.045521 -63.326485 -3.302509 0.015980 -0.010761 -0.693567 -0.720135 
1708328370.095416 -18.047707 -63.253616 -3.295841 0.014453 -0.009798 -0.692790 -0.720928 
1708328370.196666 -18.045236 -63.168251 -3.300819 0.014306 -0.008966 -0.693696 -0.720070 
1708328370.297270 -18.035426 -63.059189 -3.307308 0.015086 -0.011785 -0.693485 -0.720217 
1708328370.398120 -18.018079 -62.971753 -3.309399 0.014375 -0.009835 -0.693805 -0.719952 
1708328370.500465 -18.005807 -62.897277 -3.303740 0.013728 -0.009452 -0.694190 -0.719599 
1708328370.599654 -18.001644 -62.798157 -3.321601 0.012521 -0.011177 -0.693297 -0.720457 
1708328370.700518 -18.015816 -62.690914 -3.322364 0.016423 -0.011421 -0.693953 -0.719743 
1708328370.801616 -18.022499 -62.615665 -3.314337 0.014328 -0.009383 -0.693423 -0.720327 
1708328370.903204 -18.022618 -62.532944 -3.315929 0.014034 -0.009072 -0.693624 -0.720144 
1708328371.004901 -18.023409 -62.432068 -3.333668 0.014635 -0.010499 -0.693659 -0.720079 
1708328371.103978 -18.019008 -62.330585 -3.323916 0.013241 -0.011058 -0.693407 -0.720340 
1708328371.204954 -18.018333 -62.247599 -3.317554 0.013263 -0.010189 -0.694033 -0.719749 
1708328371.305675 -18.008636 -62.158061 -3.327675 0.012281 -0.009075 -0.693505 -0.720290 
1708328371.406535 -18.007589 -62.057453 -3.342370 0.015121 -0.010324 -0.693342 -0.720376 
1708328371.507599 -18.010604 -61.974537 -3.334672 0.014789 -0.009975 -0.693715 -0.720028 
1708328371.608845 -18.012743 -61.901664 -3.328600 0.013764 -0.008944 -0.693209 -0.720550 
1708328371.709113 -18.010644 -61.802038 -3.345325 0.013574 -0.009411 -0.694410 -0.719390 
1708328371.809957 -18.000651 -61.692790 -3.354338 0.014161 -0.010032 -0.693333 -0.720409 
1708328371.910866 -17.997488 -61.609204 -3.341215 0.012025 -0.009096 -0.693888 -0.719925 
1708328372.012912 -17.987212 -61.533116 -3.336363 0.011695 -0.007837 -0.693734 -0.720094 
1708328372.113671 -17.988239 -61.422635 -3.360044 0.012600 -0.009908 -0.693141 -0.720624 
1708328372.213610 -17.993724 -61.333265 -3.356190 0.012874 -0.009165 -0.693855 -0.719941 
1708328372.316586 -17.993347 -61.256352 -3.348717 0.012867 -0.008245 -0.693261 -0.720525 
1708328372.416286 -17.986326 -61.170843 -3.352508 0.013875 -0.007610 -0.693802 -0.719992 
1708328372.516067 -17.976970 -61.060042 -3.356600 0.013125 -0.009643 -0.694051 -0.719742 
1708328372.616873 -17.981685 -60.972360 -3.350892 0.013389 -0.009886 -0.693695 -0.720077 
1708328372.717727 -17.977966 -60.892628 -3.351874 0.012978 -0.008554 -0.694319 -0.719500 
1708328372.819237 -17.975386 -60.796182 -3.364265 0.012434 -0.009489 -0.693374 -0.720408 
1708328372.919423 -17.974460 -60.688925 -3.375663 0.014778 -0.010637 -0.693984 -0.719760 
1708328373.020568 -17.977767 -60.603897 -3.363458 0.014638 -0.010118 -0.693816 -0.719932 
1708328373.121146 -17.979762 -60.522084 -3.360028 0.014481 -0.009102 -0.693815 -0.719950 
1708328373.222011 -17.973408 -60.417501 -3.380515 0.016413 -0.008554 -0.694738 -0.719025 
1708328373.322937 -17.967931 -60.315607 -3.380381 0.015667 -0.010971 -0.693953 -0.719766 
1708328373.423750 -17.970586 -60.239580 -3.370103 0.014502 -0.009766 -0.694487 -0.719293 
1708328373.525083 -17.973624 -60.161222 -3.381097 0.013374 -0.008836 -0.693838 -0.719953 
1708328373.625628 -17.978680 -60.044625 -3.389228 0.016053 -0.009645 -0.693117 -0.720582 
1708328373.726488 -17.977760 -59.961734 -3.390290 0.014986 -0.009532 -0.694007 -0.719749 
1708328373.827206 -17.976516 -59.885871 -3.391592 0.014003 -0.009278 -0.693226 -0.720525 
1708328373.928025 -17.974396 -59.784779 -3.392784 0.014968 -0.007767 -0.694374 -0.719417 
1708328374.029075 -17.974931 -59.678354 -3.406165 0.014284 -0.011827 -0.693738 -0.719988 
1708328374.135341 -17.971316 -59.599829 -3.398605 0.013897 -0.010159 -0.694037 -0.719734 
1708328374.231229 -17.965312 -59.524166 -3.400718 0.012463 -0.009421 -0.694132 -0.719678 
1708328374.331588 -17.961916 -59.415421 -3.409727 0.014379 -0.011263 -0.693399 -0.720322 
1708328374.432532 -17.969956 -59.301722 -3.422788 0.015106 -0.011660 -0.693949 -0.719771 
1708328374.533320 -17.965886 -59.223450 -3.421128 0.013366 -0.010125 -0.693345 -0.720411 
1708328374.634411 -17.959879 -59.133495 -3.420683 0.013249 -0.010199 -0.694259 -0.719531 
1708328374.739429 -17.951313 -59.033634 -3.419544 0.015041 -0.010656 -0.693984 -0.719754 
1708328374.835796 -17.942765 -58.954002 -3.408864 0.013111 -0.011449 -0.694019 -0.719746 
1708328374.939760 -17.941034 -58.881444 -3.413839 0.012744 -0.010428 -0.694298 -0.719499 
1708328375.037626 -17.941474 -58.799232 -3.409602 0.013030 -0.009819 -0.693752 -0.720029 
1708328375.138453 -17.939512 -58.692337 -3.416541 0.016353 -0.011588 -0.694133 -0.719568 
1708328375.239186 -17.947131 -58.610324 -3.419729 0.014618 -0.011049 -0.693843 -0.719893 
1708328375.340047 -17.938681 -58.518905 -3.428215 0.014153 -0.010626 -0.693822 -0.719929 
1708328375.443404 -17.935335 -58.422202 -3.442962 0.015457 -0.011357 -0.695043 -0.718712 
1708328375.541819 -17.919004 -58.320626 -3.448737 0.015405 -0.012077 -0.694047 -0.719663 
1708328375.642785 -17.907742 -58.243364 -3.443514 0.014682 -0.010736 -0.694793 -0.718979 
1708328375.743470 -17.905236 -58.155298 -3.451228 0.012741 -0.010041 -0.694022 -0.719771 
1708328375.844376 -17.903278 -58.043712 -3.455231 0.016691 -0.010853 -0.694137 -0.719567 
1708328375.945233 -17.914440 -57.950901 -3.453825 0.016496 -0.009824 -0.694228 -0.719499 
1708328376.046273 -17.908646 -57.879117 -3.450831 0.014366 -0.009470 -0.693737 -0.720023 
1708328376.147136 -17.908690 -57.792973 -3.445398 0.014766 -0.009122 -0.694271 -0.719505 
1708328376.252370 -17.910862 -57.689927 -3.449938 0.014455 -0.011555 -0.694085 -0.719655 
1708328376.349514 -17.901289 -57.617599 -3.450878 0.013869 -0.010890 -0.694524 -0.719253 
1708328376.449478 -17.901034 -57.539079 -3.456708 0.012240 -0.010105 -0.694369 -0.719444 
1708328376.550783 -17.897392 -57.429247 -3.455737 0.013201 -0.010823 -0.693854 -0.719913 
1708328376.651301 -17.895917 -57.330058 -3.461222 0.014765 -0.011321 -0.694491 -0.719261 
1708328376.752112 -17.895252 -57.255086 -3.461921 0.013837 -0.010829 -0.693902 -0.719855 
1708328376.852953 -17.893113 -57.170415 -3.474643 0.014755 -0.008636 -0.694125 -0.719651 
1708328376.953906 -17.896629 -57.054583 -3.480651 0.015105 -0.010999 -0.694330 -0.719414 
1708328377.054647 -17.892368 -56.963384 -3.475313 0.013887 -0.011178 -0.693970 -0.719783 
1708328377.155550 -17.889844 -56.885174 -3.480219 0.013769 -0.010225 -0.694671 -0.719124 
1708328377.256552 -17.894308 -56.780955 -3.484371 0.012955 -0.009364 -0.693920 -0.719875 
1708328377.357203 -17.884127 -56.667231 -3.486269 0.015793 -0.010011 -0.694108 -0.719628 
1708328377.458110 -17.886421 -56.586413 -3.480884 0.014428 -0.009815 -0.693919 -0.719841 
1708328377.560310 -17.881716 -56.507817 -3.490525 0.014239 -0.009002 -0.693927 -0.719849 
1708328377.659900 -17.877986 -56.416004 -3.494833 0.014003 -0.008717 -0.694529 -0.719275 
1708328377.761553 -17.881400 -56.325418 -3.503951 0.013409 -0.011576 -0.693933 -0.719822 
1708328377.861562 -17.874538 -56.244463 -3.497109 0.012834 -0.010688 -0.694388 -0.719407 
1708328377.964313 -17.869371 -56.161124 -3.498650 0.011666 -0.010131 -0.694558 -0.719271 
1708328378.063511 -17.873189 -56.052725 -3.511254 0.014186 -0.012208 -0.693658 -0.720061 
1708328378.164901 -17.874441 -55.964177 -3.511367 0.014842 -0.010571 -0.694110 -0.719638 
1708328378.265087 -17.869847 -55.884316 -3.511497 0.013626 -0.010479 -0.693663 -0.720095 
1708328378.366011 -17.855528 -55.772962 -3.509017 0.013921 -0.010788 -0.694481 -0.719295 
1708328378.466654 -17.849604 -55.667487 -3.502667 0.014055 -0.011086 -0.694258 -0.719503 
1708328378.567630 -17.840393 -55.581686 -3.503141 0.014097 -0.010496 -0.694688 -0.719096 
1708328378.668380 -17.843235 -55.491858 -3.511764 0.012724 -0.011073 -0.694346 -0.719443 
1708328378.769518 -17.842166 -55.388494 -3.518148 0.015442 -0.007633 -0.693463 -0.720286 
1708328378.870111 -17.851490 -55.296921 -3.523493 0.014269 -0.011484 -0.694162 -0.719585 
1708328378.971001 -17.854001 -55.219338 -3.521961 0.013678 -0.010267 -0.694034 -0.719739 
1708328379.071824 -17.853759 -55.118721 -3.537864 0.015395 -0.009007 -0.694391 -0.719377 
1708328379.173035 -17.848033 -55.011548 -3.542344 0.013567 -0.011344 -0.694023 -0.719736 
1708328379.273563 -17.839652 -54.921989 -3.537174 0.012094 -0.010905 -0.694984 -0.718841 
1708328379.374426 -17.828076 -54.844283 -3.532935 0.011445 -0.009651 -0.694217 -0.719610 
1708328379.476902 -17.827694 -54.738023 -3.553544 0.012982 -0.011499 -0.694085 -0.719684 
1708328379.576519 -17.825804 -54.636806 -3.548424 0.012699 -0.010989 -0.694352 -0.719440 
1708328379.676977 -17.824432 -54.570542 -3.538595 0.013064 -0.009869 -0.693886 -0.719899 
1708328379.777865 -17.819709 -54.478286 -3.545441 0.012940 -0.009510 -0.694641 -0.719177 
1708328379.878950 -17.810342 -54.375524 -3.548619 0.015845 -0.009901 -0.694405 -0.719342 
1708328379.979827 -17.808697 -54.283261 -3.547596 0.013750 -0.010749 -0.693952 -0.719809 
1708328380.080597 -17.800873 -54.200123 -3.543792 0.013633 -0.009883 -0.694754 -0.719050 
1708328380.181456 -17.798048 -54.120986 -3.565526 0.014179 -0.010214 -0.693405 -0.720336 
1708328380.282285 -17.800187 -54.002499 -3.576882 0.017136 -0.009789 -0.694427 -0.719292 
1708328380.383014 -17.792108 -53.919851 -3.567031 0.014571 -0.009379 -0.694488 -0.719296 
1708328380.483868 -17.796855 -53.851410 -3.562058 0.014022 -0.008897 -0.694414 -0.719384 
1708328380.584836 -17.795972 -53.745593 -3.575420 0.015061 -0.010422 -0.694661 -0.719104 
1708328380.685601 -17.790057 -53.645693 -3.565420 0.013336 -0.010283 -0.694098 -0.719684 
1708328380.786594 -17.788490 -53.567689 -3.558387 0.013358 -0.009017 -0.695058 -0.718773 
1708328380.887286 -17.784953 -53.462522 -3.567215 0.012190 -0.008665 -0.694210 -0.719617 
1708328380.988315 -17.787904 -53.361016 -3.583565 0.014026 -0.008782 -0.693869 -0.719911 
1708328381.089004 -17.780054 -53.277620 -3.575872 0.013516 -0.008813 -0.694444 -0.719366 
1708328381.190017 -17.781841 -53.196229 -3.570496 0.012549 -0.008091 -0.694178 -0.719649 
1708328381.290724 -17.784948 -53.113243 -3.578023 0.013227 -0.007012 -0.695146 -0.718713 
1708328381.392075 -17.781228 -53.007830 -3.592079 0.012524 -0.009896 -0.694230 -0.719577 
1708328381.492499 -17.780323 -52.924326 -3.582945 0.012110 -0.009067 -0.694596 -0.719241 
1708328381.593391 -17.774232 -52.835396 -3.577204 0.011319 -0.007769 -0.694274 -0.719579 
1708328381.694217 -17.769678 -52.735173 -3.596597 0.012717 -0.009929 -0.694154 -0.719645 
1708328381.795038 -17.775050 -52.632581 -3.601948 0.013853 -0.008104 -0.694507 -0.719307 
1708328381.896092 -17.778427 -52.555185 -3.597109 0.012337 -0.008880 -0.693960 -0.719853 
1708328381.996930 -17.772340 -52.469324 -3.602352 0.013502 -0.008343 -0.694576 -0.719245 
1708328382.097712 -17.758467 -52.360096 -3.608278 0.013633 -0.009169 -0.694231 -0.719565 
1708328382.199084 -17.750735 -52.271466 -3.602564 0.013734 -0.009117 -0.694608 -0.719199 
1708328382.299401 -17.747436 -52.195362 -3.599403 0.013087 -0.008120 -0.695110 -0.718739 
1708328382.400191 -17.749562 -52.096974 -3.604507 0.013149 -0.007317 -0.693631 -0.720173 
1708328382.501075 -17.751719 -51.996338 -3.615504 0.014935 -0.010631 -0.694332 -0.719422 
1708328382.602363 -17.748139 -51.909497 -3.612064 0.014612 -0.009085 -0.694267 -0.719512 
1708328382.703149 -17.752887 -51.825931 -3.613676 0.013224 -0.008476 -0.694311 -0.719504 
1708328382.803652 -17.754668 -51.728563 -3.633519 0.014371 -0.010530 -0.695189 -0.718606 
1708328382.904552 -17.757425 -51.635297 -3.637285 0.012309 -0.012288 -0.694295 -0.719480 
1708328383.005350 -17.756442 -51.563999 -3.620241 0.013171 -0.008604 -0.695146 -0.718696 
1708328383.106360 -17.757181 -51.484798 -3.625664 0.010182 -0.010255 -0.694352 -0.719491 
1708328383.207119 -17.757327 -51.372067 -3.643012 0.013504 -0.009964 -0.694209 -0.719578 
1708328383.307900 -17.755980 -51.284359 -3.637492 0.013199 -0.009400 -0.694415 -0.719392 
1708328383.408936 -17.752330 -51.211044 -3.634813 0.011756 -0.010113 -0.694119 -0.719693 
1708328383.509666 -17.749573 -51.115205 -3.633879 0.013197 -0.006858 -0.694626 -0.719217 
1708328383.610803 -17.737241 -51.021300 -3.643641 0.013680 -0.009796 -0.694398 -0.719394 
1708328383.711434 -17.720638 -50.934015 -3.639300 0.012613 -0.009829 -0.694934 -0.718896 
1708328383.812206 -17.717374 -50.857267 -3.636572 0.011818 -0.007986 -0.694952 -0.718915 
1708328383.913234 -17.718619 -50.770476 -3.653875 0.013225 -0.009198 -0.693979 -0.719815 
1708328384.014036 -17.735016 -50.658980 -3.668860 0.013861 -0.008885 -0.694425 -0.719377 
1708328384.115457 -17.738005 -50.574410 -3.661181 0.012658 -0.009029 -0.694026 -0.719782 
1708328384.215698 -17.740265 -50.481173 -3.658941 0.012387 -0.008765 -0.694421 -0.719409 
1708328384.316712 -17.731404 -50.377874 -3.668220 0.012692 -0.009439 -0.694707 -0.719118 
1708328384.417355 -17.713077 -50.295733 -3.652653 0.012859 -0.009593 -0.694731 -0.719091 
1708328384.518228 -17.711898 -50.206797 -3.654900 0.013735 -0.008154 -0.695104 -0.718732 
1708328384.620778 -17.704826 -50.104151 -3.646526 0.014300 -0.006329 -0.694334 -0.719483 
1708328384.723821 -17.706232 -49.989107 -3.658357 0.015251 -0.007881 -0.694754 -0.719042 
1708328384.820802 -17.720453 -49.900243 -3.662299 0.014189 -0.008263 -0.694263 -0.719534 
1708328384.921797 -17.718818 -49.821730 -3.664959 0.013600 -0.008357 -0.694547 -0.719270 
1708328385.022523 -17.719640 -49.718021 -3.680305 0.015259 -0.007236 -0.695271 -0.718549 
1708328385.124265 -17.709777 -49.614050 -3.691700 0.013918 -0.009425 -0.694511 -0.719285 
1708328385.224233 -17.698713 -49.538745 -3.686418 0.012506 -0.009297 -0.695374 -0.718479 
1708328385.325080 -17.704418 -49.456165 -3.692875 0.011073 -0.009496 -0.694335 -0.719504 
1708328385.426020 -17.697424 -49.354955 -3.690597 0.014633 -0.009288 -0.694418 -0.719363 
1708328385.528609 -17.690374 -49.265743 -3.686580 0.013986 -0.008020 -0.694824 -0.718999 
1708328385.631198 -17.691465 -49.185672 -3.682243 0.012764 -0.008557 -0.694118 -0.719697 
1708328385.728604 -17.681822 -49.089978 -3.671697 0.014723 -0.007176 -0.694702 -0.719111 
1708328385.829586 -17.684329 -48.980761 -3.680446 0.014497 -0.007877 -0.694355 -0.719443 
1708328385.930552 -17.684788 -48.902598 -3.685422 0.013251 -0.008394 -0.694942 -0.718894 
1708328386.033518 -17.686021 -48.832229 -3.694243 0.012477 -0.007619 -0.694769 -0.719085 
1708328386.131971 -17.681392 -48.739182 -3.687448 0.012154 -0.007490 -0.694091 -0.719746 
1708328386.233063 -17.694993 -48.610766 -3.711475 0.013007 -0.009384 -0.694532 -0.719283 
1708328386.333955 -17.699266 -48.536378 -3.708695 0.012154 -0.008428 -0.694350 -0.719486 
1708328386.434746 -17.686581 -48.454526 -3.712280 0.011743 -0.007710 -0.694819 -0.719047 
1708328386.535400 -17.687027 -48.357554 -3.715642 0.013786 -0.007630 -0.694932 -0.718903 
1708328386.636262 -17.667436 -48.267526 -3.711479 0.012223 -0.008365 -0.694478 -0.719361 
1708328386.737305 -17.665394 -48.194103 -3.708344 0.012398 -0.006614 -0.695085 -0.718791 
1708328386.838447 -17.664587 -48.109362 -3.701660 0.012012 -0.007049 -0.694607 -0.719254 
1708328386.938972 -17.664555 -47.996757 -3.703031 0.013866 -0.006728 -0.694670 -0.719164 
1708328387.039685 -17.668671 -47.907620 -3.700150 0.013575 -0.006241 -0.694284 -0.719546 
1708328387.140725 -17.664161 -47.824834 -3.709674 0.011996 -0.007284 -0.694601 -0.719259 
1708328387.241416 -17.658793 -47.724526 -3.707315 0.013225 -0.005919 -0.695353 -0.718522 
1708328387.342283 -17.655817 -47.625743 -3.726353 0.014015 -0.008312 -0.694593 -0.719218 
1708328387.443213 -17.646707 -47.546947 -3.731250 0.012878 -0.007493 -0.695204 -0.718658 
1708328387.544053 -17.650097 -47.461446 -3.735791 0.011716 -0.007122 -0.694724 -0.719146 
1708328387.645398 -17.649162 -47.344702 -3.749915 0.013380 -0.011290 -0.694139 -0.719628 
1708328387.745845 -17.652691 -47.240054 -3.745136 0.014878 -0.009792 -0.694916 -0.718870 
1708328387.846762 -17.649961 -47.163648 -3.735520 0.013828 -0.008265 -0.694177 -0.719624 
1708328387.947426 -17.641854 -47.082229 -3.731716 0.013885 -0.008848 -0.695015 -0.718807 
1708328388.048326 -17.638649 -46.970014 -3.726518 0.014842 -0.009231 -0.694782 -0.719008 
1708328388.149306 -17.629652 -46.880441 -3.723045 0.015152 -0.008430 -0.694885 -0.718912 
1708328388.250134 -17.638092 -46.806833 -3.737007 0.013890 -0.008079 -0.695206 -0.718631 
1708328388.350872 -17.635865 -46.712705 -3.732013 0.012889 -0.007496 -0.693687 -0.720123 
1708328388.451874 -17.640319 -46.619479 -3.753461 0.017391 -0.012373 -0.694155 -0.719509 
1708328388.552572 -17.642663 -46.546719 -3.752662 0.015128 -0.009922 -0.694442 -0.719321 
1708328388.653486 -17.639230 -46.461988 -3.760090 0.014107 -0.008074 -0.694745 -0.719072 
1708328388.754505 -17.640742 -46.350250 -3.770679 0.015899 -0.010649 -0.694853 -0.718897 
1708328388.855263 -17.618429 -46.256781 -3.767516 0.015071 -0.010567 -0.694258 -0.719491 
1708328388.956109 -17.614046 -46.184403 -3.758952 0.013580 -0.008398 -0.695210 -0.718630 
1708328389.056881 -17.615357 -46.088466 -3.761604 0.011638 -0.006501 -0.694416 -0.719450 
1708328389.158506 -17.608779 -45.978327 -3.761339 0.014733 -0.008131 -0.694721 -0.719082 
1708328389.258659 -17.615624 -45.888538 -3.760174 0.013988 -0.006766 -0.694739 -0.719094 
1708328389.359451 -17.612934 -45.815398 -3.763998 0.012204 -0.006271 -0.694310 -0.719545 
1708328389.460311 -17.609250 -45.709645 -3.754245 0.012492 -0.005964 -0.695495 -0.718397 
1708328389.561243 -17.604245 -45.604737 -3.764102 0.013961 -0.007689 -0.694745 -0.719080 
1708328389.662928 -17.595393 -45.532547 -3.769009 0.012521 -0.006946 -0.695378 -0.718502 
1708328389.762966 -17.596079 -45.443567 -3.776288 0.010708 -0.006123 -0.695293 -0.718620 
1708328389.865943 -17.591449 -45.336424 -3.784179 0.012813 -0.007852 -0.694154 -0.719670 
1708328389.964627 -17.591919 -45.237233 -3.791654 0.013494 -0.008253 -0.695162 -0.718679 
1708328390.067924 -17.595284 -45.162808 -3.787951 0.012092 -0.007539 -0.694457 -0.719393 
1708328390.166364 -17.595475 -45.075915 -3.799096 0.011841 -0.005848 -0.695083 -0.718809 
1708328390.267475 -17.592477 -44.971319 -3.789052 0.013287 -0.007345 -0.694979 -0.718869 
1708328390.368035 -17.578752 -44.877396 -3.781943 0.012264 -0.006441 -0.694951 -0.718924 
1708328390.469077 -17.582351 -44.801834 -3.783034 0.012084 -0.005937 -0.695393 -0.718504 
1708328390.569843 -17.584675 -44.693176 -3.773159 0.011886 -0.004029 -0.694753 -0.719139 
1708328390.670685 -17.591509 -44.595179 -3.774324 0.013143 -0.006120 -0.694813 -0.719044 
1708328390.771531 -17.596563 -44.526863 -3.774492 0.012210 -0.006000 -0.694606 -0.719262 
1708328390.872502 -17.593281 -44.441405 -3.786171 0.011427 -0.004802 -0.695032 -0.718872 
1708328390.974210 -17.587919 -44.324533 -3.789340 0.011726 -0.005134 -0.695192 -0.718710 
1708328391.074055 -17.572424 -44.222963 -3.796193 0.011435 -0.006440 -0.695402 -0.718501 
1708328391.174901 -17.568983 -44.134184 -3.794228 0.010070 -0.005063 -0.695471 -0.718465 
1708328391.280375 -17.568482 -44.016292 -3.808279 0.011932 -0.005756 -0.694808 -0.719073 
1708328391.376694 -17.573834 -43.902182 -3.804882 0.011643 -0.007146 -0.695451 -0.718444 
1708328391.477475 -17.576009 -43.818244 -3.796841 0.012399 -0.006107 -0.694668 -0.719197 
1708328391.581636 -17.576096 -43.718648 -3.804168 0.012281 -0.005992 -0.695018 -0.718863 
1708328391.679525 -17.567767 -43.624229 -3.800031 0.012990 -0.006372 -0.694750 -0.719106 
1708328391.780377 -17.558986 -43.542404 -3.787176 0.014137 -0.007169 -0.694799 -0.719029 
1708328391.884264 -17.548235 -43.455436 -3.785398 0.012753 -0.006162 -0.695460 -0.718425 
1708328391.981792 -17.543983 -43.370158 -3.796917 0.011091 -0.006149 -0.694483 -0.719397 
1708328392.082819 -17.551385 -43.277443 -3.817656 0.016465 -0.009076 -0.694684 -0.719070 
1708328392.183492 -17.552383 -43.196799 -3.812453 0.015343 -0.007547 -0.694776 -0.719023 
1708328392.288435 -17.557189 -43.108811 -3.806767 0.012525 -0.007519 -0.694884 -0.718973 
1708328392.386387 -17.548877 -43.010424 -3.826809 0.018092 -0.005843 -0.695128 -0.718634 
1708328392.486096 -17.541753 -42.908725 -3.828661 0.013534 -0.009429 -0.694906 -0.718911 
1708328392.587037 -17.542992 -42.838679 -3.814418 0.012790 -0.008981 -0.695438 -0.718416 
1708328392.687870 -17.536537 -42.764816 -3.815622 0.010897 -0.006771 -0.695080 -0.718818 
1708328392.788641 -17.538500 -42.650267 -3.831950 0.014306 -0.008639 -0.694777 -0.719031 
1708328392.889753 -17.536340 -42.560649 -3.822418 0.012964 -0.007968 -0.695021 -0.718828 
1708328392.990373 -17.528541 -42.474351 -3.811865 0.013538 -0.007123 -0.694670 -0.719166 
1708328393.091241 -17.525515 -42.396001 -3.820565 0.013745 -0.006500 -0.695672 -0.718199 
1708328393.192074 -17.516019 -42.276909 -3.833569 0.014786 -0.009294 -0.695330 -0.718478 
1708328393.292946 -17.521265 -42.186114 -3.828365 0.015161 -0.007864 -0.695142 -0.718669 
1708328393.393962 -17.515690 -42.101144 -3.833173 0.012962 -0.008430 -0.695352 -0.718503 
1708328393.495803 -17.512883 -41.996224 -3.857336 0.013580 -0.010795 -0.694763 -0.719030 
1708328393.595751 -17.517580 -41.897762 -3.870412 0.015913 -0.011075 -0.695368 -0.718392 
1708328393.696510 -17.520244 -41.828763 -3.867872 0.013398 -0.009884 -0.694936 -0.718879 
1708328393.797295 -17.522642 -41.758803 -3.863928 0.013370 -0.009330 -0.695314 -0.718521 
1708328393.898242 -17.517775 -41.657358 -3.879572 0.014205 -0.011242 -0.695346 -0.718447 
1708328393.998960 -17.508826 -41.556774 -3.857071 0.013917 -0.010923 -0.695212 -0.718587 
1708328394.099820 -17.505183 -41.469554 -3.847706 0.014302 -0.009561 -0.695862 -0.717970 
1708328394.200900 -17.505606 -41.381020 -3.861715 0.011872 -0.008207 -0.695303 -0.718572 
1708328394.301616 -17.514147 -41.269384 -3.879987 0.014869 -0.010587 -0.694906 -0.718869 
1708328394.402429 -17.514282 -41.184021 -3.874329 0.014064 -0.011000 -0.694978 -0.718809 
1708328394.503254 -17.518171 -41.122210 -3.866726 0.013605 -0.008662 -0.694587 -0.719228 
1708328394.604631 -17.522537 -41.025501 -3.874704 0.015588 -0.008665 -0.695893 -0.717924 
1708328394.705557 -17.514086 -40.912877 -3.887460 0.014997 -0.011644 -0.694834 -0.718919 
1708328394.805817 -17.503917 -40.836054 -3.875807 0.014715 -0.008484 -0.695359 -0.718462 
1708328394.906804 -17.496506 -40.755935 -3.870250 0.010620 -0.008929 -0.695106 -0.718773 
1708328395.007558 -17.497267 -40.637036 -3.906007 0.013369 -0.009890 -0.694464 -0.719335 
1708328395.108433 -17.499480 -40.546455 -3.893282 0.013211 -0.009141 -0.695214 -0.718623 
1708328395.209270 -17.496312 -40.481542 -3.880007 0.011767 -0.007855 -0.694421 -0.719430 
1708328395.310126 -17.495989 -40.388801 -3.890925 0.012597 -0.007677 -0.695269 -0.718598 
1708328395.411559 -17.484521 -40.281492 -3.895416 0.011330 -0.009452 -0.695038 -0.718822 
1708328395.512055 -17.482295 -40.197860 -3.891497 0.011255 -0.009097 -0.695098 -0.718769 
1708328395.613189 -17.475701 -40.120899 -3.891536 0.010899 -0.007763 -0.695457 -0.718443 
1708328395.716070 -17.469818 -40.020895 -3.910659 0.008710 -0.010322 -0.694294 -0.719564 
1708328395.814432 -17.475283 -39.901242 -3.926189 0.012356 -0.011803 -0.694806 -0.718994 
1708328395.915285 -17.472266 -39.824745 -3.921912 0.011566 -0.010310 -0.694844 -0.718994 
1708328396.016370 -17.469913 -39.759965 -3.913143 0.012157 -0.009431 -0.694779 -0.719059 
1708328396.117206 -17.475137 -39.648001 -3.947968 0.013224 -0.010120 -0.695319 -0.718509 
1708328396.217979 -17.469944 -39.555558 -3.927112 0.012541 -0.012076 -0.694499 -0.719283 
1708328396.319352 -17.468704 -39.477155 -3.914390 0.012538 -0.010074 -0.695349 -0.718492 
1708328396.420766 -17.467533 -39.395134 -3.903565 0.012521 -0.008422 -0.694773 -0.719071 
1708328396.520498 -17.473863 -39.279713 -3.912042 0.014389 -0.009805 -0.694819 -0.718973 
1708328396.621629 -17.480167 -39.187114 -3.914346 0.013173 -0.008679 -0.694653 -0.719172 
1708328396.722497 -17.475978 -39.107836 -3.922127 0.011559 -0.007712 -0.694506 -0.719353 
1708328396.823145 -17.471134 -39.020461 -3.903094 0.011846 -0.005609 -0.695502 -0.718405 
1708328396.924102 -17.459938 -38.906963 -3.919305 0.012171 -0.007869 -0.695104 -0.718763 
1708328397.024746 -17.449847 -38.824522 -3.921179 0.011082 -0.007129 -0.695599 -0.718309 
1708328397.125588 -17.449248 -38.753232 -3.927432 0.009343 -0.005718 -0.695362 -0.718576 
1708328397.226477 -17.448799 -38.637457 -3.931343 0.011078 -0.007108 -0.694253 -0.719610 
1708328397.327821 -17.459877 -38.527406 -3.942110 0.011183 -0.006828 -0.695002 -0.718888 
1708328397.428232 -17.456405 -38.462290 -3.934863 0.009821 -0.005716 -0.694522 -0.719382 
1708328397.529234 -17.424593 -38.391094 -3.946210 0.007169 -0.005592 -0.697239 -0.716781 
1708328397.629927 -17.412692 -38.261610 -3.949602 0.012440 -0.004724 -0.706011 -0.708076 
1708328397.731057 -17.393384 -38.173379 -3.946643 0.011908 -0.003164 -0.718277 -0.695648 
1708328397.831721 -17.370356 -38.096648 -3.957934 0.017611 0.005029 -0.737458 -0.675145 
1708328397.932452 -17.389409 -37.998067 -3.962334 0.018847 0.007177 -0.752702 -0.658052 
1708328398.033505 -17.398745 -37.895681 -3.989714 0.020951 0.006699 -0.768386 -0.639608 
1708328398.134275 -17.441743 -37.810433 -3.978267 0.021141 0.009198 -0.781999 -0.622853 
1708328398.235367 -17.491356 -37.743301 -3.954817 0.019307 0.006809 -0.790242 -0.612453 
1708328398.335895 -17.551185 -37.644037 -3.934626 0.018065 0.001635 -0.794429 -0.607087 
1708328398.436754 -17.579660 -37.547690 -3.959451 0.013971 -0.006364 -0.794526 -0.607036 
1708328398.537738 -17.600053 -37.463976 -3.954193 0.008681 -0.008484 -0.794422 -0.607244 
1708328398.638483 -17.627546 -37.376953 -3.960406 0.006317 -0.008805 -0.794094 -0.607699 
1708328398.747152 -17.658609 -37.265341 -3.975523 0.009369 -0.010903 -0.793675 -0.608172 
1708328398.840224 -17.692033 -37.204679 -3.979244 0.008617 -0.009450 -0.794234 -0.607477 
1708328398.941102 -17.715115 -37.127422 -3.988601 0.006920 -0.010039 -0.793800 -0.608057 
1708328399.042943 -17.732232 -37.031469 -3.970718 0.009479 -0.008349 -0.794576 -0.607033 
1708328399.142757 -17.752521 -36.922636 -3.962400 0.009709 -0.009553 -0.794107 -0.607626 
1708328399.243633 -17.763634 -36.828290 -3.968850 0.010028 -0.009151 -0.794590 -0.606995 
1708328399.345499 -17.790357 -36.752129 -3.974479 0.010395 -0.007157 -0.794432 -0.607222 
1708328399.445411 -17.822405 -36.655707 -3.983849 0.008760 -0.010030 -0.793782 -0.608056 
1708328399.546362 -17.867446 -36.564986 -4.000427 0.010582 -0.011029 -0.793970 -0.607764 
1708328399.647426 -17.890947 -36.494388 -3.995486 0.010136 -0.009305 -0.793837 -0.607975 
1708328399.748023 -17.917818 -36.420782 -4.013409 0.008819 -0.008574 -0.794120 -0.607637 
1708328399.851681 -17.949937 -36.316940 -4.019373 0.010108 -0.010757 -0.794297 -0.607350 
1708328399.949642 -17.971437 -36.234611 -4.010441 0.010273 -0.010642 -0.793001 -0.609041 
1708328400.050544 -18.005881 -36.165168 -3.999327 0.010316 -0.009720 -0.789532 -0.613546 
1708328400.151402 -18.037422 -36.066637 -3.971463 0.010129 -0.010579 -0.782244 -0.622799 
1708328400.252368 -18.083477 -35.974525 -3.956312 0.012299 -0.013476 -0.771662 -0.635771 
1708328400.353082 -18.114824 -35.911891 -3.968582 0.004563 -0.019214 -0.758946 -0.650853 
1708328400.453940 -18.099318 -35.828574 -3.985824 0.005944 -0.016288 -0.748171 -0.663279 
1708328400.554844 -18.095985 -35.717759 -3.989357 0.008976 -0.012462 -0.745552 -0.666270 
1708328400.655659 -18.108398 -35.626579 -4.012088 0.012585 -0.012232 -0.743361 -0.668660 
1708328400.756565 -18.113144 -35.536834 -4.027448 0.011324 -0.010015 -0.744802 -0.667114 
1708328400.857454 -18.143106 -35.439554 -4.029795 0.008722 -0.009306 -0.741869 -0.670423 
1708328400.959401 -18.154151 -35.313621 -4.024214 0.008660 -0.013652 -0.732270 -0.680823 
1708328401.059088 -18.157922 -35.231439 -4.023248 0.008371 -0.015994 -0.726596 -0.686828 
1708328401.159974 -18.145011 -35.167456 -4.025221 0.007161 -0.013860 -0.723695 -0.689943 
1708328401.260805 -18.130183 -35.088972 -4.026359 0.008551 -0.010615 -0.724957 -0.688659 
1708328401.361693 -18.123773 -34.983810 -4.022763 0.009679 -0.011938 -0.725156 -0.688413 
1708328401.467405 -18.121539 -34.892810 -4.013769 0.010974 -0.008833 -0.723178 -0.690518 
1708328401.566129 -18.121523 -34.819589 -4.025103 0.008785 -0.009330 -0.718828 -0.695070 
1708328401.664496 -18.125976 -34.719657 -4.025550 0.010142 -0.008225 -0.718348 -0.695561 
1708328401.765169 -18.129767 -34.627622 -4.034077 0.012041 -0.011007 -0.718411 -0.695428 
1708328401.865961 -18.137940 -34.547757 -4.033625 0.012088 -0.009463 -0.718370 -0.695492 
1708328401.966962 -18.134354 -34.462065 -4.047807 0.014597 -0.006142 -0.718560 -0.695284 
1708328402.067771 -18.141317 -34.351013 -4.056667 0.014008 -0.008859 -0.719132 -0.694676 
1708328402.168775 -18.135170 -34.259235 -4.058135 0.013183 -0.010385 -0.718267 -0.695565 
1708328402.269472 -18.136850 -34.171164 -4.050534 0.011266 -0.010462 -0.715833 -0.698102 
1708328402.370382 -18.149515 -34.066576 -4.057820 0.008960 -0.012253 -0.705960 -0.708089 
1708328402.471113 -18.159701 -33.966023 -4.057971 0.009654 -0.015401 -0.698690 -0.715193 
1708328402.571980 -18.166061 -33.906940 -4.051511 0.009387 -0.012807 -0.696098 -0.717771 
1708328402.672982 -18.160845 -33.830052 -4.054453 0.010718 -0.009821 -0.696231 -0.717670 
1708328402.773746 -18.149087 -33.716961 -4.042479 0.013319 -0.007130 -0.696875 -0.717033 
1708328402.874709 -18.148895 -33.625925 -4.042410 0.012565 -0.009245 -0.696745 -0.717150 
1708328402.975427 -18.145045 -33.547903 -4.046947 0.011564 -0.007547 -0.696657 -0.717272 
1708328403.076285 -18.137783 -33.451313 -4.062131 0.011873 -0.008592 -0.696335 -0.717568 
1708328403.177126 -18.139283 -33.331649 -4.078264 0.014140 -0.009639 -0.696179 -0.717664 
1708328403.278008 -18.141211 -33.252071 -4.081403 0.011813 -0.008370 -0.696551 -0.717361 
1708328403.379036 -18.147895 -33.174491 -4.075668 0.011462 -0.007610 -0.696634 -0.717295 
1708328403.483706 -18.145822 -33.073908 -4.087569 0.013082 -0.009354 -0.696991 -0.716899 
1708328403.580894 -18.142682 -32.972595 -4.073617 0.011583 -0.009138 -0.696823 -0.717091 
1708328403.681696 -18.163092 -32.889893 -4.058824 0.012497 -0.006524 -0.703384 -0.710670 
1708328403.782582 -18.164653 -32.789673 -4.072714 0.015487 -0.001899 -0.710364 -0.703661 
1708328403.883176 -18.158933 -32.677521 -4.083123 0.016871 -0.002893 -0.711851 -0.702121 
1708328403.984042 -18.141874 -32.578964 -4.070589 0.015135 -0.003375 -0.712950 -0.701043 
1708328404.084917 -18.140708 -32.508471 -4.061441 0.011744 -0.005139 -0.712361 -0.701696 
1708328404.185796 -18.145722 -32.406545 -4.072604 0.011185 -0.003797 -0.713546 -0.700509 
1708328404.286958 -18.143661 -32.290996 -4.086400 0.010930 -0.007646 -0.713199 -0.700835 
1708328404.387435 -18.151268 -32.211150 -4.088293 0.010020 -0.006863 -0.713238 -0.700817 
1708328404.488290 -18.147922 -32.139864 -4.084912 0.008861 -0.006282 -0.713266 -0.700809 
1708328404.589171 -18.145293 -32.044648 -4.104816 0.010155 -0.009377 -0.712512 -0.701524 
1708328404.690245 -18.158747 -31.943617 -4.105378 0.012526 -0.006783 -0.713149 -0.700868 
1708328404.790986 -18.162931 -31.859426 -4.095829 0.011760 -0.006028 -0.712558 -0.701489 
1708328404.891943 -18.172434 -31.777458 -4.100314 0.011080 -0.006896 -0.712960 -0.701083 
1708328404.997701 -18.170560 -31.676345 -4.109497 0.010622 -0.008556 -0.713075 -0.700955 
1708328405.093434 -18.177428 -31.585773 -4.094596 0.011093 -0.008656 -0.713070 -0.700951 
1708328405.194297 -18.178745 -31.506996 -4.088172 0.011554 -0.007260 -0.713761 -0.700257 
1708328405.295546 -18.178326 -31.411577 -4.105210 0.010341 -0.007447 -0.712692 -0.701362 
1708328405.396255 -18.183011 -31.287855 -4.116167 0.013581 -0.009412 -0.712765 -0.701208 
1708328405.498186 -18.182596 -31.210174 -4.109528 0.012623 -0.008657 -0.712716 -0.701285 
1708328405.597942 -18.192074 -31.134133 -4.105675 0.012389 -0.007806 -0.712673 -0.701343 
1708328405.698642 -18.195974 -31.044809 -4.129567 0.015041 -0.008061 -0.713351 -0.700600 
1708328405.799707 -18.185877 -30.948277 -4.135093 0.013743 -0.009575 -0.712651 -0.701318 
1708328405.900304 -18.179708 -30.866841 -4.122919 0.012586 -0.008608 -0.713044 -0.700954 
1708328406.001264 -18.173785 -30.787725 -4.116214 0.011019 -0.007911 -0.709593 -0.704482 
1708328406.102038 -18.182323 -30.679566 -4.128980 0.012923 -0.009489 -0.705901 -0.708129 
1708328406.202980 -18.185005 -30.582873 -4.123737 0.011623 -0.009621 -0.703353 -0.710681 
1708328406.303789 -18.189037 -30.509142 -4.118372 0.009716 -0.010092 -0.700191 -0.713818 
1708328406.404648 -18.196485 -30.421632 -4.118195 0.009945 -0.007813 -0.699051 -0.714960 
1708328406.505471 -18.196394 -30.307337 -4.122505 0.012077 -0.009799 -0.698675 -0.715270 
1708328406.606703 -18.190032 -30.214276 -4.125752 0.011335 -0.008465 -0.698920 -0.715060 
1708328406.707191 -18.181584 -30.138028 -4.125472 0.010088 -0.006215 -0.698956 -0.715066 
1708328406.808356 -18.174378 -30.040992 -4.143751 0.009264 -0.010069 -0.698102 -0.715868 
1708328406.908964 -18.183041 -29.934724 -4.147908 0.012589 -0.008368 -0.698780 -0.715177 
1708328407.009831 -18.186031 -29.849358 -4.145575 0.010818 -0.006960 -0.698329 -0.715661 
1708328407.110750 -18.192084 -29.765633 -4.144833 0.010670 -0.006600 -0.698532 -0.715469 
1708328407.211658 -18.195132 -29.661730 -4.158454 0.011056 -0.007601 -0.698443 -0.715540 
1708328407.312593 -18.187378 -29.567535 -4.144307 0.010307 -0.008324 -0.698583 -0.715407 
1708328407.413382 -18.178121 -29.485744 -4.140451 0.010702 -0.007227 -0.699250 -0.714760 
1708328407.516312 -18.172201 -29.395131 -4.157300 0.009309 -0.006739 -0.698985 -0.715044 
1708328407.620427 -18.177965 -29.283586 -4.163140 0.012920 -0.008230 -0.698049 -0.715886 
1708328407.716578 -18.178704 -29.203309 -4.151635 0.012938 -0.007756 -0.698567 -0.715385 
1708328407.816736 -18.184784 -29.129942 -4.150675 0.011730 -0.007223 -0.698161 -0.715808 
1708328407.917580 -18.190612 -29.035226 -4.161148 0.011147 -0.006502 -0.699593 -0.714425 
1708328408.018624 -18.173651 -28.935036 -4.173434 0.012638 -0.009417 -0.698881 -0.715065 
1708328408.119242 -18.165617 -28.856727 -4.166432 0.011597 -0.007209 -0.698802 -0.715185 
1708328408.220239 -18.161355 -28.782617 -4.160158 0.010322 -0.006201 -0.699097 -0.714926 
1708328408.320963 -18.161624 -28.682563 -4.175888 0.012602 -0.006927 -0.698758 -0.715214 
1708328408.421808 -18.176423 -28.598445 -4.170621 0.012739 -0.006497 -0.698868 -0.715108 
1708328408.522667 -18.175711 -28.513781 -4.168135 0.009651 -0.006132 -0.698392 -0.715624 
1708328408.623537 -18.167992 -28.421448 -4.162801 0.011491 -0.004866 -0.699247 -0.714771 
1708328408.724391 -18.165082 -28.314665 -4.161476 0.011168 -0.006419 -0.698792 -0.715209 
1708328408.828629 -18.155147 -28.230845 -4.166551 0.010529 -0.006406 -0.698980 -0.715035 
1708328408.926191 -18.152822 -28.141905 -4.167375 0.009040 -0.005247 -0.699046 -0.715000 
1708328409.028334 -18.151442 -28.047723 -4.173406 0.008350 -0.006600 -0.698318 -0.715709 
1708328409.128473 -18.154309 -27.935384 -4.180494 0.012567 -0.006689 -0.698853 -0.715124 
1708328409.228940 -18.162708 -27.850963 -4.171938 0.011290 -0.005997 -0.698474 -0.715521 
1708328409.329749 -18.165556 -27.769515 -4.173732 0.010184 -0.005918 -0.698824 -0.715197 
1708328409.430717 -18.168439 -27.660490 -4.190993 0.011774 -0.008046 -0.699034 -0.714946 
1708328409.532893 -18.158927 -27.570092 -4.183621 0.011472 -0.007275 -0.698608 -0.715375 
1708328409.632214 -18.156186 -27.501812 -4.177571 0.009850 -0.006289 -0.699102 -0.714926 
1708328409.732969 -18.157346 -27.415165 -4.178131 0.008319 -0.006527 -0.698556 -0.715477 
1708328409.840316 -18.151306 -27.303378 -4.179988 0.010937 -0.007986 -0.698520 -0.715462 
1708328409.934748 -18.155813 -27.220783 -4.182992 0.010944 -0.006263 -0.698571 -0.715429 
1708328410.035600 -18.155199 -27.136924 -4.186465 0.009155 -0.006688 -0.698681 -0.715344 
1708328410.136467 -18.153552 -27.036560 -4.177917 0.010990 -0.005395 -0.699497 -0.714531 
1708328410.237584 -18.152369 -26.933988 -4.191469 0.010614 -0.008161 -0.698725 -0.715265 
1708328410.338107 -18.146766 -26.854495 -4.191397 0.009738 -0.007026 -0.699337 -0.714691 
1708328410.439533 -18.142197 -26.766818 -4.190705 0.009233 -0.005789 -0.699166 -0.714876 
1708328410.539921 -18.140585 -26.660873 -4.190837 0.012892 -0.007522 -0.698221 -0.715727 
1708328410.640808 -18.152867 -26.570219 -4.198408 0.013150 -0.006864 -0.698617 -0.715342 
1708328410.741617 -18.150097 -26.494496 -4.199204 0.011073 -0.007236 -0.698366 -0.715619 
1708328410.843113 -18.147724 -26.403374 -4.203849 0.011582 -0.006523 -0.698915 -0.715081 
1708328410.943270 -18.145483 -26.293601 -4.203665 0.013049 -0.008341 -0.698524 -0.715419 
1708328411.044199 -18.135504 -26.213652 -4.200643 0.012820 -0.007576 -0.698732 -0.715228 
1708328411.145228 -18.140043 -26.131165 -4.207720 0.010938 -0.007271 -0.699271 -0.714736 
1708328411.247393 -18.145227 -26.031285 -4.208806 0.010035 -0.008955 -0.698127 -0.715848 
1708328411.346970 -18.148452 -25.931066 -4.216942 0.013047 -0.009360 -0.698893 -0.715046 
1708328411.447599 -18.152745 -25.851859 -4.213503 0.012791 -0.007692 -0.698383 -0.715569 
1708328411.549070 -18.146627 -25.766670 -4.220234 0.011577 -0.007825 -0.698775 -0.715205 
1708328411.649277 -18.147800 -25.657950 -4.232297 0.012091 -0.009001 -0.699404 -0.714567 
1708328411.750172 -18.138797 -25.565784 -4.241869 0.012738 -0.009545 -0.698558 -0.715377 
1708328411.851064 -18.134247 -25.486974 -4.236685 0.012251 -0.007849 -0.699451 -0.714532 
1708328411.951942 -18.132828 -25.394517 -4.237056 0.011090 -0.007325 -0.698543 -0.715445 
1708328412.052744 -18.123733 -25.289117 -4.238918 0.014408 -0.007902 -0.698625 -0.715299 
1708328412.154138 -18.133840 -25.209496 -4.240328 0.013704 -0.008798 -0.698683 -0.715246 
1708328412.254637 -18.132510 -25.137350 -4.239093 0.010994 -0.008436 -0.698465 -0.715510 
1708328412.355309 -18.128685 -25.040904 -4.232203 0.012938 -0.007484 -0.699521 -0.714456 
1708328412.456163 -18.127835 -24.935525 -4.230973 0.012288 -0.009225 -0.698654 -0.715294 
1708328412.557029 -18.121398 -24.853758 -4.230578 0.010571 -0.008475 -0.699368 -0.714633 
1708328412.658033 -18.122534 -24.769670 -4.240400 0.009645 -0.006642 -0.699033 -0.714994 
1708328412.758737 -18.125241 -24.658915 -4.241781 0.010711 -0.008297 -0.698258 -0.715718 
1708328412.859823 -18.120802 -24.562855 -4.248654 0.013067 -0.007476 -0.698809 -0.715150 
1708328412.962315 -18.124808 -24.485166 -4.243686 0.011344 -0.006883 -0.698371 -0.715613 
1708328413.061568 -18.123530 -24.402839 -4.258048 0.011429 -0.005293 -0.698919 -0.715090 
1708328413.162286 -18.124455 -24.291073 -4.261699 0.011814 -0.007688 -0.698813 -0.715166 
1708328413.264061 -18.118480 -24.207634 -4.261166 0.011537 -0.007071 -0.698552 -0.715432 
1708328413.363948 -18.119769 -24.117212 -4.259738 0.011341 -0.006279 -0.699227 -0.714782 
1708328413.464983 -18.128328 -24.017219 -4.269234 0.010563 -0.006822 -0.698491 -0.715508 
1708328413.565904 -18.141251 -23.914677 -4.262447 0.011736 -0.007637 -0.698666 -0.715311 
1708328413.666538 -18.141668 -23.834091 -4.254937 0.010978 -0.006724 -0.698339 -0.715651 
1708328413.767349 -18.139015 -23.750272 -4.259500 0.009695 -0.006420 -0.698755 -0.715266 
1708328413.868258 -18.132713 -23.632551 -4.258924 0.011140 -0.005431 -0.699474 -0.714550 
1708328413.969380 -18.126407 -23.535973 -4.259133 0.010029 -0.008660 -0.698458 -0.715529 
1708328414.069903 -18.119369 -23.452468 -4.260549 0.009328 -0.007506 -0.699103 -0.714921 
1708328414.170966 -18.113989 -23.366891 -4.271647 0.008861 -0.006623 -0.698573 -0.715453 
1708328414.271797 -18.114263 -23.262367 -4.281052 0.012821 -0.007393 -0.698502 -0.715455 
1708328414.372567 -18.125437 -23.183149 -4.269379 0.011442 -0.007440 -0.698711 -0.715274 
1708328414.473348 -18.128987 -23.110314 -4.264317 0.009176 -0.007666 -0.698636 -0.715378 
1708328414.574203 -18.125786 -23.016464 -4.273477 0.010763 -0.005906 -0.699224 -0.714797 
1708328414.675122 -18.122982 -22.907302 -4.263398 0.011663 -0.008424 -0.698438 -0.715526 
1708328414.775928 -18.118547 -22.828765 -4.259509 0.010194 -0.007504 -0.699278 -0.714738 
1708328414.876892 -18.115935 -22.752446 -4.270362 0.009291 -0.006917 -0.699175 -0.714857 
1708328414.977639 -18.121349 -22.645022 -4.281175 0.012106 -0.009945 -0.698159 -0.715772 
1708328415.078587 -18.123634 -22.547855 -4.271489 0.012604 -0.008333 -0.698740 -0.715216 
1708328415.179460 -18.129652 -22.471395 -4.267502 0.011296 -0.006620 -0.698460 -0.715529 
1708328415.280456 -18.130548 -22.382968 -4.282606 0.011602 -0.006769 -0.699027 -0.714969 
1708328415.381447 -18.126812 -22.270129 -4.292951 0.010950 -0.008182 -0.698824 -0.715163 
1708328415.482060 -18.120500 -22.191532 -4.289511 0.009932 -0.008097 -0.699049 -0.714959 
1708328415.583048 -18.117569 -22.103823 -4.285645 0.009647 -0.006723 -0.699302 -0.714729 
1708328415.683681 -18.115208 -22.000374 -4.306922 0.008444 -0.006137 -0.698929 -0.715115 
1708328415.784559 -18.116583 -21.903061 -4.308083 0.010953 -0.007167 -0.698992 -0.715010 
1708328415.885422 -18.118494 -21.819392 -4.296312 0.009748 -0.006579 -0.698306 -0.715703 
1708328415.986476 -18.117922 -21.739643 -4.298235 0.008864 -0.005284 -0.699116 -0.714934 
1708328416.087173 -18.115117 -21.630643 -4.292842 0.011012 -0.007009 -0.699064 -0.714940 
1708328416.188247 -18.104747 -21.538923 -4.284091 0.010426 -0.008594 -0.698769 -0.715220 
1708328416.288815 -18.092903 -21.455888 -4.287399 0.008635 -0.007422 -0.699231 -0.714805 
1708328416.389683 -18.086243 -21.362130 -4.300050 0.008072 -0.007915 -0.698315 -0.715701 
1708328416.490693 -18.091931 -21.250634 -4.303539 0.011117 -0.007778 -0.698208 -0.715766 
1708328416.591418 -18.100761 -21.167202 -4.295200 0.010267 -0.006844 -0.699098 -0.714919 
1708328416.692245 -18.106625 -21.090770 -4.297108 0.009148 -0.007097 -0.698507 -0.715510 
1708328416.793151 -18.110997 -21.001775 -4.319994 0.010672 -0.006825 -0.699292 -0.714724 
1708328416.894263 -18.116563 -20.899265 -4.315738 0.010149 -0.007398 -0.699083 -0.714930 
1708328416.994982 -18.115965 -20.822672 -4.303405 0.009769 -0.007266 -0.699243 -0.714780 
1708328417.095801 -18.108074 -20.736781 -4.307487 0.006951 -0.005368 -0.700306 -0.713789 
1708328417.197437 -18.106877 -20.645241 -4.320002 0.011761 -0.005945 -0.697943 -0.716032 
1708328417.297652 -18.113285 -20.576988 -4.312258 0.009884 -0.006617 -0.699690 -0.714347 
1708328417.398540 -18.111936 -20.518985 -4.305301 0.008951 -0.006085 -0.698780 -0.715255 
1708328417.499197 -18.117123 -20.456655 -4.314219 0.009007 -0.003804 -0.698962 -0.715092 
1708328417.600045 -18.115218 -20.379191 -4.314863 0.009795 -0.005960 -0.699513 -0.714528 
1708328417.700864 -18.110282 -20.319792 -4.319640 0.008608 -0.004680 -0.699428 -0.714636 
1708328417.801709 -18.107381 -20.257257 -4.318719 0.008122 -0.004507 -0.699470 -0.714602 
1708328417.902632 -18.106401 -20.190387 -4.317622 0.008046 -0.002808 -0.699178 -0.714896 
1708328418.003441 -18.107483 -20.135481 -4.318418 0.008316 -0.004962 -0.697928 -0.716102 
1708328418.104381 -18.113566 -20.086988 -4.317446 0.007294 -0.004955 -0.696212 -0.717782 
1708328418.205132 -18.119834 -20.028481 -4.318234 0.007656 -0.003757 -0.695617 -0.718363 
1708328418.306016 -18.121357 -19.962289 -4.316712 0.008011 -0.003249 -0.696736 -0.717276 
1708328418.406837 -18.125763 -19.897852 -4.304441 0.009071 -0.006563 -0.695968 -0.717986 
1708328418.507885 -18.127913 -19.841943 -4.306645 0.008023 -0.004975 -0.696349 -0.717642 
1708328418.608678 -18.126307 -19.777676 -4.313016 0.007841 -0.004279 -0.696447 -0.717552 
1708328418.709430 -18.121771 -19.700206 -4.313630 0.009564 -0.006599 -0.697435 -0.716553 
1708328418.810389 -18.120830 -19.647157 -4.308645 0.007400 -0.005989 -0.698397 -0.715647 
1708328418.911216 -18.119645 -19.598875 -4.308262 0.006590 -0.006041 -0.698325 -0.715725 
1708328419.012032 -18.114214 -19.542326 -4.311471 0.005288 -0.004802 -0.697511 -0.716538 
1708328419.113128 -18.115845 -19.478314 -4.323694 0.005415 -0.006268 -0.695856 -0.718134 
1708328419.213899 -18.116214 -19.434420 -4.308723 0.004831 -0.000862 -0.696617 -0.717426 
1708328419.314683 -18.122308 -19.374090 -4.328221 -0.000266 0.000934 -0.696147 -0.717899 
1708328419.415469 -18.121047 -19.306536 -4.337575 -0.007949 0.008798 -0.696523 -0.717436 
1708328419.516511 -18.115992 -19.281706 -4.349916 -0.014686 0.014064 -0.696154 -0.717605 
1708328419.617147 -18.115755 -19.253953 -4.318831 -0.029029 0.030449 -0.695876 -0.716929 
1708328419.718038 -18.127181 -19.206794 -4.275962 -0.051165 0.052346 -0.695770 -0.714525 
1708328419.818887 -18.127055 -19.150099 -4.249745 -0.071518 0.073292 -0.694861 -0.711815 
1708328419.919803 -18.123775 -19.098531 -4.211972 -0.096846 0.094023 -0.690408 -0.710716 
1708328420.020588 -18.112486 -19.051266 -4.175586 -0.124864 0.132220 -0.685401 -0.705090 
1708328420.121666 -18.103457 -18.974290 -4.149484 -0.153615 0.147965 -0.679065 -0.702410 
1708328420.222318 -18.108852 -18.881534 -4.125284 -0.172113 0.170504 -0.673956 -0.697917 
1708328420.323199 -18.118599 -18.800658 -4.097108 -0.185227 0.191180 -0.670228 -0.692774 
1708328420.424018 -18.124594 -18.749980 -4.078027 -0.200911 0.208083 -0.664347 -0.689187 
1708328420.525038 -18.119458 -18.698324 -4.038621 -0.214089 0.218219 -0.660499 -0.685775 
1708328420.626008 -18.105884 -18.644585 -3.979768 -0.218889 0.226770 -0.657794 -0.684083 
1708328420.726648 -18.087721 -18.574971 -3.937932 -0.222829 0.226425 -0.658127 -0.682604 
1708328420.827830 -18.077113 -18.506532 -3.911101 -0.223223 0.225196 -0.660860 -0.680237 
1708328420.928776 -18.078639 -18.449023 -3.868189 -0.223612 0.225315 -0.660816 -0.680113 
1708328421.029242 -18.088521 -18.412871 -3.815727 -0.219047 0.229594 -0.658858 -0.682064 
1708328421.130233 -18.119524 -18.354468 -3.785455 -0.224046 0.226859 -0.657938 -0.682243 
1708328421.231036 -18.143088 -18.290036 -3.739902 -0.214108 0.224301 -0.662781 -0.681592 
1708328421.332110 -18.147301 -18.231974 -3.709084 -0.211967 0.217947 -0.662995 -0.684110 
1708328421.435421 -18.139145 -18.183002 -3.686084 -0.209869 0.218010 -0.661734 -0.685956 
1708328421.533675 -18.125946 -18.135995 -3.651759 -0.213638 0.211505 -0.665686 -0.682998 
1708328421.634346 -18.096136 -18.067724 -3.627084 -0.212917 0.214832 -0.661488 -0.686256 
1708328421.735189 -18.068256 -17.990106 -3.598015 -0.210527 0.206901 -0.665442 -0.685607 
1708328421.836051 -18.061017 -17.929360 -3.554233 -0.207130 0.208790 -0.666285 -0.685251 
1708328421.937190 -18.058409 -17.896980 -3.498528 -0.207002 0.210087 -0.665465 -0.685689 
1708328422.037780 -18.067159 -17.843374 -3.465308 -0.202758 0.214230 -0.664009 -0.687086 
1708328422.138893 -18.101390 -17.773604 -3.416513 -0.205496 0.209986 -0.668796 -0.682927 
1708328422.239485 -18.115364 -17.710744 -3.395022 -0.200685 0.211366 -0.664639 -0.687971 
1708328422.340353 -18.118100 -17.657496 -3.373734 -0.201978 0.210521 -0.663383 -0.689064 
1708328422.442344 -18.118114 -17.600152 -3.345505 -0.207502 0.210562 -0.665363 -0.685492 
1708328422.542105 -18.107012 -17.553506 -3.282874 -0.203504 0.209991 -0.663591 -0.688576 
1708328422.642946 -18.078493 -17.481362 -3.248784 -0.204724 0.208293 -0.663535 -0.688784 
1708328422.743897 -18.062486 -17.412406 -3.220718 -0.207206 0.207735 -0.664744 -0.687043 
1708328422.846221 -18.054473 -17.350321 -3.201873 -0.207036 0.210590 -0.662944 -0.687963 
1708328422.948461 -18.051108 -17.290684 -3.157000 -0.207885 0.212865 -0.664482 -0.685519 
1708328423.049181 -18.060510 -17.224325 -3.105240 -0.209713 0.210157 -0.662609 -0.687607 
1708328423.147358 -18.055623 -17.148506 -3.064649 -0.203443 0.209282 -0.664418 -0.688013 
1708328423.248263 -18.052461 -17.091432 -3.031133 -0.203856 0.207824 -0.664297 -0.688448 
1708328423.349066 -18.037705 -17.040757 -3.008500 -0.205010 0.211348 -0.662748 -0.688525 
1708328423.450146 -18.023301 -16.974550 -2.982179 -0.207995 0.210866 -0.663369 -0.687179 
1708328423.550947 -18.002138 -16.898480 -2.962699 -0.206274 0.211889 -0.661354 -0.689322 
1708328423.651556 -17.977324 -16.834779 -2.927866 -0.207639 0.209161 -0.663140 -0.688029 
1708328423.752374 -17.974379 -16.790871 -2.881059 -0.209309 0.209850 -0.663950 -0.686529 
1708328423.853234 -17.971560 -16.744866 -2.849418 -0.207270 0.215545 -0.661696 -0.687560 
1708328423.954549 -17.981313 -16.690055 -2.806627 -0.210071 0.213982 -0.663214 -0.685733 
1708328424.055138 -18.008337 -16.609602 -2.766001 -0.210241 0.213268 -0.664845 -0.684322 
1708328424.155888 -18.010558 -16.532904 -2.733841 -0.206624 0.213398 -0.661333 -0.688772 
1708328424.256835 -18.000627 -16.480659 -2.691680 -0.206136 0.213949 -0.662534 -0.687591 
1708328424.357529 -17.987547 -16.434729 -2.646673 -0.210578 0.211056 -0.663787 -0.685929 
1708328424.458387 -17.967498 -16.387941 -2.596326 -0.205585 0.216849 -0.660746 -0.688568 
1708328424.559392 -17.955365 -16.314327 -2.569156 -0.208774 0.210013 -0.663028 -0.687534 
1708328424.660133 -17.960723 -16.243432 -2.542015 -0.208056 0.211293 -0.663115 -0.687275 
1708328424.761217 -17.973378 -16.177615 -2.498983 -0.207241 0.213013 -0.662326 -0.687751 
1708328424.862887 -17.985888 -16.112810 -2.459479 -0.206052 0.212832 -0.663122 -0.687397 
1708328424.963815 -18.003723 -16.020085 -2.426424 -0.199750 0.208458 -0.666104 -0.687714 
1708328425.063811 -18.008188 -15.958555 -2.386895 -0.191921 0.198809 -0.666643 -0.692263 
1708328425.164508 -18.004827 -15.908740 -2.341924 -0.182506 0.186093 -0.670520 -0.694597 
1708328425.265455 -17.999275 -15.866652 -2.287676 -0.169799 0.169008 -0.675515 -0.697341 
1708328425.366235 -17.984077 -15.816250 -2.238106 -0.146921 0.150261 -0.679695 -0.702745 
1708328425.468664 -17.978167 -15.741192 -2.202903 -0.131554 0.121869 -0.684831 -0.706291 
1708328425.567839 -17.984364 -15.686991 -2.177725 -0.106949 0.110396 -0.685411 -0.711749 
1708328425.668692 -17.985508 -15.631176 -2.188691 -0.085088 0.088825 -0.688346 -0.714877 
1708328425.769553 -17.996233 -15.576605 -2.208331 -0.068528 0.072772 -0.691901 -0.715039 
1708328425.870415 -18.015138 -15.515634 -2.215759 -0.056663 0.058884 -0.691833 -0.717418 
1708328425.971403 -18.026252 -15.453675 -2.228083 -0.036491 0.047639 -0.694476 -0.717009 
1708328426.072351 -18.032669 -15.363701 -2.236121 -0.020169 0.032827 -0.695071 -0.717908 
1708328426.173076 -18.032390 -15.312874 -2.226377 -0.011449 0.014284 -0.694894 -0.718879 
1708328426.273843 -18.031328 -15.268971 -2.218441 -0.002742 0.018719 -0.696700 -0.717113 
1708328426.376067 -18.035047 -15.200828 -2.204281 0.003904 0.005425 -0.694615 -0.719350 
1708328426.475567 -18.049788 -15.145013 -2.191148 0.008737 0.002484 -0.695415 -0.718551 
1708328426.576566 -18.065449 -15.089684 -2.204401 0.008125 -0.001369 -0.695232 -0.718738 
1708328426.677303 -18.072825 -15.034938 -2.211725 0.009697 -0.001930 -0.695374 -0.718580 
1708328426.778217 -18.080091 -14.954025 -2.200007 0.007726 -0.003224 -0.695896 -0.718094 
1708328426.879157 -18.068715 -14.895141 -2.204021 0.009423 -0.001628 -0.695185 -0.718767 
1708328426.983927 -18.058008 -14.851447 -2.196643 0.003862 0.000635 -0.695754 -0.718270 
1708328427.080923 -18.051868 -14.790424 -2.185348 -0.004410 0.006968 -0.696099 -0.717899 
1708328427.181839 -18.041185 -14.724266 -2.192453 -0.009194 0.010238 -0.695498 -0.718396 
1708328427.282629 -18.038115 -14.667967 -2.195296 -0.019310 0.018195 -0.695131 -0.718394 
1708328427.383682 -18.037315 -14.626837 -2.201021 -0.031179 0.034143 -0.694116 -0.718376 
1708328427.484368 -18.031921 -14.565421 -2.229182 -0.047081 0.051400 -0.694017 -0.716576 
1708328427.585058 -18.021496 -14.491826 -2.243142 -0.062211 0.068070 -0.692527 -0.715474 
1708328427.686273 -18.008778 -14.424516 -2.288393 -0.081807 0.088593 -0.691119 -0.712610 
1708328427.786718 -18.002155 -14.383467 -2.275944 -0.104383 0.111482 -0.688161 -0.709303 
1708328427.887600 -17.999885 -14.333173 -2.266433 -0.125370 0.129652 -0.684253 -0.706590 
1708328427.988776 -18.002347 -14.263797 -2.211099 -0.143977 0.145991 -0.680998 -0.702993 
1708328428.089453 -18.002040 -14.202392 -2.150634 -0.162448 0.158655 -0.677607 -0.699491 
1708328428.190183 -17.997227 -14.154070 -2.106706 -0.174831 0.175097 -0.673143 -0.696889 
1708328428.291038 -17.995496 -14.111220 -2.054335 -0.188251 0.186570 -0.669217 -0.694192 
1708328428.391914 -17.978912 -14.056120 -2.019005 -0.191283 0.196843 -0.667375 -0.692296 
1708328428.492821 -17.964303 -13.979698 -1.968312 -0.200935 0.198991 -0.666362 -0.689920 
1708328428.593794 -17.961782 -13.912422 -1.914517 -0.203717 0.201658 -0.665626 -0.689040 
1708328428.694934 -17.969630 -13.846485 -1.861714 -0.207639 0.207608 -0.664764 -0.686931 
1708328428.795791 -17.994614 -13.785729 -1.813209 -0.206421 0.213556 -0.664055 -0.686160 
1708328428.896202 -18.010841 -13.693347 -1.777952 -0.204908 0.214396 -0.665409 -0.685038 
1708328428.997382 -18.010965 -13.622336 -1.747350 -0.206064 0.213424 -0.663081 -0.687250 
1708328429.098088 -18.003511 -13.562997 -1.697279 -0.208332 0.212315 -0.663302 -0.686695 
1708328429.200680 -17.991091 -13.470587 -1.652568 -0.205602 0.211323 -0.662530 -0.688566 
1708328429.304357 -17.972731 -13.390433 -1.620803 -0.204406 0.209696 -0.662450 -0.689496 
1708328429.404486 -17.961585 -13.333391 -1.598649 -0.206444 0.205594 -0.664119 -0.688518 
1708328429.501431 -17.960283 -13.269374 -1.577016 -0.201132 0.215083 -0.660472 -0.690697 
1708328429.602927 -17.965339 -13.202713 -1.555411 -0.196648 0.212956 -0.662373 -0.690826 
1708328429.703156 -17.974328 -13.143716 -1.537980 -0.199888 0.208837 -0.665490 -0.688153 
1708328429.803913 -17.983443 -13.088766 -1.511654 -0.203002 0.209034 -0.663023 -0.689562 
1708328429.906226 -17.988815 -13.022835 -1.488423 -0.198765 0.211715 -0.663652 -0.689373 
1708328430.005695 -18.005975 -12.940365 -1.444720 -0.200523 0.208267 -0.664881 -0.688730 
1708328430.107188 -18.011119 -12.891707 -1.393488 -0.203124 0.207285 -0.664321 -0.688804 
1708328430.207358 -18.010782 -12.853072 -1.349979 -0.207561 0.209090 -0.664871 -0.686401 
1708328430.308218 -18.017840 -12.796822 -1.298243 -0.206945 0.208803 -0.664532 -0.687002 
1708328430.409062 -18.020361 -12.721454 -1.276790 -0.204099 0.209030 -0.663297 -0.688976 
1708328430.509919 -18.022276 -12.655022 -1.249492 -0.203679 0.209145 -0.663475 -0.688893 
1708328430.611557 -18.025061 -12.611517 -1.206861 -0.203800 0.210710 -0.662906 -0.688928 
1708328430.711696 -18.018313 -12.559728 -1.166862 -0.208279 0.209068 -0.661852 -0.689102 
1708328430.813212 -18.004786 -12.494611 -1.118585 -0.204532 0.210318 -0.663070 -0.688673 
1708328430.916914 -17.997025 -12.428791 -1.090603 -0.205502 0.209698 -0.663294 -0.688358 
1708328431.014444 -17.995365 -12.369771 -1.069201 -0.206591 0.210253 -0.662238 -0.688879 
1708328431.115079 -17.996477 -12.322424 -1.037592 -0.208522 0.211862 -0.662408 -0.687640 
1708328431.219623 -18.000251 -12.264943 -0.989094 -0.208131 0.213343 -0.662560 -0.687154 
1708328431.316867 -18.009117 -12.196248 -0.959316 -0.202595 0.212365 -0.662503 -0.689164 
1708328431.420623 -18.007772 -12.115160 -0.928015 -0.204033 0.211168 -0.663805 -0.687852 
1708328431.518651 -18.002448 -12.066421 -0.892519 -0.204351 0.210985 -0.663247 -0.688352 
1708328431.619379 -17.991322 -12.008828 -0.845448 -0.207662 0.209841 -0.662764 -0.688176 
1708328431.720235 -17.971967 -11.954584 -0.800860 -0.206364 0.209709 -0.662765 -0.688606 
1708328431.821120 -17.968121 -11.893129 -0.761907 -0.205219 0.207913 -0.664085 -0.688222 
1708328431.922589 -17.962306 -11.843833 -0.742008 -0.206214 0.210237 -0.663206 -0.688066 
1708328432.022862 -17.957450 -11.784641 -0.713518 -0.208862 0.210968 -0.662805 -0.687429 
1708328432.123760 -17.955343 -11.736448 -0.678633 -0.207980 0.213337 -0.662719 -0.687048 
1708328432.224600 -17.954977 -11.648862 -0.657196 -0.208271 0.211750 -0.663247 -0.686941 
1708328432.325387 -17.933071 -11.575871 -0.631328 -0.204335 0.211193 -0.662522 -0.688992 
1708328432.426226 -17.929037 -11.531266 -0.588563 -0.203638 0.211609 -0.662848 -0.688757 
1708328432.528195 -17.915353 -11.496352 -0.556554 -0.210858 0.205415 -0.667781 -0.683675 
1708328432.628041 -17.896229 -11.431253 -0.539875 -0.202387 0.201756 -0.665651 -0.689379 
1708328432.728965 -17.884150 -11.385584 -0.532028 -0.197219 0.200014 -0.665281 -0.691737 
1708328432.830297 -17.871342 -11.319282 -0.512005 -0.190826 0.190669 -0.670570 -0.691062 
1708328432.930565 -17.850867 -11.223081 -0.507222 -0.173955 0.175856 -0.670461 -0.699497 
1708328433.031533 -17.838767 -11.161260 -0.498012 -0.154563 0.163138 -0.676591 -0.701228 
1708328433.132489 -17.831285 -11.106453 -0.480673 -0.141285 0.144777 -0.676793 -0.707834 
1708328433.235493 -17.841147 -11.042286 -0.492232 -0.113172 0.125781 -0.683157 -0.710399 
1708328433.334030 -17.817271 -10.984866 -0.484838 -0.091891 0.098661 -0.689644 -0.711487 
1708328433.435137 -17.800873 -10.937703 -0.445694 -0.072527 0.076907 -0.691140 -0.714948 
1708328433.535771 -17.817517 -10.868460 -0.443306 -0.052349 0.062397 -0.692946 -0.716374 
1708328433.636702 -17.827354 -10.805607 -0.466196 -0.033475 0.040910 -0.693497 -0.718518 
1708328433.737450 -17.838635 -10.760269 -0.454672 -0.017420 0.026496 -0.694463 -0.718829 
1708328433.838297 -17.839369 -10.709110 -0.414499 -0.010783 0.015415 -0.694481 -0.719266 
1708328433.939228 -17.857543 -10.644666 -0.413178 -0.000932 0.010861 -0.693881 -0.720007 
1708328434.040298 -17.858622 -10.568896 -0.396747 0.005701 0.004290 -0.694170 -0.719776 
1708328434.142233 -17.859489 -10.516439 -0.380208 0.008034 0.000625 -0.694241 -0.719697 
1708328434.241756 -17.851396 -10.471030 -0.364364 0.011237 -0.001976 -0.694583 -0.719322 
1708328434.342628 -17.847594 -10.404077 -0.356188 0.013218 -0.004557 -0.694510 -0.719348 
1708328434.443426 -17.847774 -10.345636 -0.344749 0.012671 -0.004933 -0.694478 -0.719385 
1708328434.544335 -17.851296 -10.301131 -0.335374 0.012530 -0.005334 -0.694197 -0.719656 
1708328434.645222 -17.855193 -10.249050 -0.340711 0.012988 -0.003535 -0.694249 -0.719609 
1708328434.746475 -17.847549 -10.185565 -0.348950 0.012048 -0.004580 -0.694646 -0.719237 
1708328434.847209 -17.847416 -10.121810 -0.333779 0.012201 -0.004419 -0.694063 -0.719798 
1708328434.947738 -17.850238 -10.068260 -0.338218 0.010650 -0.003890 -0.694444 -0.719458 
1708328435.048641 -17.852388 -10.008637 -0.350548 0.010504 -0.002434 -0.694202 -0.719700 
1708328435.149557 -17.855351 -9.938529 -0.356750 0.012856 -0.003625 -0.694223 -0.719636 
1708328435.250401 -17.851018 -9.888276 -0.353542 0.011564 -0.003610 -0.694348 -0.719538 
1708328435.353371 -17.853744 -9.817158 -0.355387 0.010052 -0.003658 -0.694128 -0.719772 
1708328435.452055 -17.844599 -9.715840 -0.375392 0.009007 -0.003940 -0.694742 -0.719191 
1708328435.552908 -17.823350 -9.608158 -0.387462 0.010439 -0.004221 -0.694116 -0.719775 
1708328435.653739 -17.822554 -9.520444 -0.370184 0.009347 -0.004814 -0.694336 -0.719574 
1708328435.754591 -17.812707 -9.425898 -0.368009 0.009261 -0.003396 -0.694567 -0.719361 
1708328435.855524 -17.813632 -9.313915 -0.394597 0.011377 -0.001933 -0.693928 -0.719952 
1708328435.956323 -17.821321 -9.224726 -0.377176 0.011316 -0.004138 -0.694537 -0.719356 
1708328436.057705 -17.819426 -9.153923 -0.362492 0.010469 -0.002867 -0.694149 -0.719749 
1708328436.158049 -17.823828 -9.055892 -0.363394 0.011436 -0.000773 -0.694561 -0.719342 
1708328436.258888 -17.815907 -8.947890 -0.368512 0.012026 -0.003106 -0.694599 -0.719290 
1708328436.359743 -17.814027 -8.858041 -0.365261 0.011216 -0.002933 -0.694362 -0.719533 
1708328436.460724 -17.811638 -8.776397 -0.366361 0.010145 -0.002258 -0.694887 -0.719043 
1708328436.561975 -17.809030 -8.676942 -0.379168 0.009380 -0.002152 -0.694164 -0.719753 
1708328436.662656 -17.818156 -8.573192 -0.394462 0.011928 -0.001852 -0.694354 -0.719533 
1708328436.763381 -17.822533 -8.487890 -0.389582 0.010679 -0.001209 -0.693927 -0.719965 
1708328436.864985 -17.824182 -8.397040 -0.386438 0.010354 -0.000944 -0.694368 -0.719545 
1708328436.964926 -17.818631 -8.286667 -0.401993 0.012268 -0.000818 -0.694788 -0.719109 
1708328437.065811 -17.817124 -8.186689 -0.382837 0.009719 -0.002639 -0.694463 -0.719458 
1708328437.166667 -17.816655 -8.107431 -0.377252 0.009236 -0.001633 -0.694921 -0.719025 
1708328437.267493 -17.819904 -8.019385 -0.370629 0.009719 -0.001686 -0.694301 -0.719617 
1708328437.368623 -17.811448 -7.912198 -0.381502 0.011950 -0.001555 -0.694322 -0.719564 
1708328437.469315 -17.813167 -7.836877 -0.384678 0.010001 -0.001139 -0.694131 -0.719779 
1708328437.576288 -17.808388 -7.748365 -0.387230 0.008919 -0.001166 -0.694330 -0.719600 
1708328437.672359 -17.804425 -7.645549 -0.389491 0.010337 -0.001234 -0.694942 -0.718990 
1708328437.776664 -17.798947 -7.540012 -0.399426 0.010356 -0.000870 -0.694344 -0.719568 
1708328437.872877 -17.795066 -7.468076 -0.393475 0.008737 -0.001249 -0.694976 -0.718979 
1708328437.973502 -17.797648 -7.389344 -0.391266 0.007946 -0.001156 -0.694499 -0.719449 
1708328438.074654 -17.793461 -7.272241 -0.395867 0.010178 -0.002333 -0.694168 -0.719737 
1708328438.175303 -17.804913 -7.183476 -0.406557 0.010684 -0.001002 -0.694581 -0.719334 
1708328438.276063 -17.799069 -7.108024 -0.407416 0.009593 -0.001327 -0.694042 -0.719869 
1708328438.376952 -17.790598 -7.012534 -0.403339 0.011114 -0.001886 -0.694876 -0.719041 
1708328438.477812 -17.788253 -6.906586 -0.400035 0.011180 -0.003310 -0.694335 -0.719557 
1708328438.578811 -17.776024 -6.813357 -0.401280 0.010928 -0.002717 -0.694587 -0.719321 
1708328438.679862 -17.785647 -6.741288 -0.408083 0.010622 -0.002117 -0.694659 -0.719258 
1708328438.780594 -17.787163 -6.653476 -0.409404 0.011097 -0.003113 -0.693935 -0.719946 
1708328438.881327 -17.789085 -6.552272 -0.420636 0.013114 -0.003228 -0.694419 -0.719444 
1708328438.982128 -17.792985 -6.472699 -0.420566 0.011724 -0.002632 -0.694105 -0.719773 
1708328439.083047 -17.788667 -6.389036 -0.421100 0.012059 -0.003146 -0.694242 -0.719634 
1708328439.183915 -17.791847 -6.283959 -0.435121 0.015037 -0.003799 -0.694936 -0.718904 
1708328439.286106 -17.770384 -6.193455 -0.434422 0.014192 -0.004543 -0.694305 -0.719526 
1708328439.385542 -17.770064 -6.112732 -0.428833 0.012403 -0.003273 -0.694997 -0.718899 
1708328439.486803 -17.785660 -6.026407 -0.426382 0.012175 -0.003760 -0.691819 -0.721959 
1708328439.587239 -17.784277 -5.911970 -0.431723 0.014816 -0.005269 -0.689438 -0.724174 
1708328439.690206 -17.807382 -5.832100 -0.421253 0.013613 -0.005837 -0.685356 -0.728058 
1708328439.790358 -17.799722 -5.750746 -0.418405 0.011360 -0.005073 -0.678714 -0.734297 
1708328439.893072 -17.806047 -5.636549 -0.403336 0.011728 -0.008113 -0.672840 -0.739650 
1708328439.992293 -17.811515 -5.535480 -0.404773 0.010016 -0.008591 -0.661853 -0.749518 
1708328440.092483 -17.815146 -5.446676 -0.407706 0.004158 -0.012360 -0.647517 -0.761940 
1708328440.192642 -17.826114 -5.361729 -0.419822 -0.000617 -0.015530 -0.627910 -0.778131 
1708328440.293304 -17.813891 -5.261287 -0.418639 -0.000986 -0.019137 -0.609174 -0.792805 
1708328440.398952 -17.803812 -5.175512 -0.430653 -0.001754 -0.018947 -0.588875 -0.808000 
1708328440.495171 -17.790607 -5.112469 -0.431206 -0.003607 -0.017569 -0.568175 -0.822712 
1708328440.596123 -17.746167 -5.028839 -0.436757 -0.003156 -0.015399 -0.548097 -0.836267 
1708328440.696990 -17.689975 -4.931276 -0.431208 -0.002360 -0.016099 -0.528394 -0.848843 
1708328440.798158 -17.626459 -4.859464 -0.431037 -0.003681 -0.015135 -0.507276 -0.861643 
1708328440.898465 -17.552084 -4.777434 -0.435474 -0.004609 -0.013774 -0.488703 -0.872329 
1708328441.000186 -17.452535 -4.689821 -0.447248 -0.001330 -0.011678 -0.476152 -0.879284 
1708328441.100189 -17.388753 -4.590512 -0.451085 0.002492 -0.012307 -0.464389 -0.885542 
1708328441.201224 -17.368631 -4.513831 -0.435372 0.002574 -0.009457 -0.449549 -0.893202 
1708328441.301873 -17.326715 -4.447667 -0.439828 0.001867 -0.006386 -0.432688 -0.901519 
1708328441.402853 -17.262286 -4.366478 -0.441920 0.000062 -0.009271 -0.417789 -0.908497 
1708328441.503772 -17.174389 -4.302134 -0.450166 -0.002327 -0.010446 -0.397880 -0.917375 
1708328441.604413 -17.086197 -4.251506 -0.442625 -0.003224 -0.008938 -0.383024 -0.923689 
1708328441.705283 -16.998466 -4.200894 -0.448923 -0.001394 -0.007461 -0.370691 -0.928725 
1708328441.806228 -16.925778 -4.127401 -0.446429 0.002033 -0.006716 -0.362225 -0.932064 
1708328441.907015 -16.876465 -4.062694 -0.438271 0.004187 -0.004286 -0.351118 -0.936312 
1708328442.007989 -16.825136 -4.016329 -0.440166 0.004712 -0.001097 -0.340978 -0.940059 
1708328442.109170 -16.749272 -3.969267 -0.422117 0.005112 -0.000938 -0.332029 -0.943255 
1708328442.209593 -16.680225 -3.913834 -0.408880 0.003163 -0.003790 -0.320268 -0.947314 
1708328442.310454 -16.623385 -3.878357 -0.417146 0.003196 -0.001804 -0.310669 -0.950511 
1708328442.411324 -16.558975 -3.827724 -0.432692 0.002907 -0.000162 -0.299836 -0.953986 
1708328442.517936 -16.464238 -3.766719 -0.438241 0.003810 -0.002800 -0.289767 -0.957085 
1708328442.613267 -16.393034 -3.710459 -0.428153 0.004398 -0.003222 -0.277699 -0.960653 
1708328442.714419 -16.331156 -3.664008 -0.421448 0.002436 -0.001679 -0.263560 -0.964639 
1708328442.814946 -16.244553 -3.616164 -0.449144 0.003199 -0.000198 -0.251236 -0.967921 
1708328442.915615 -16.135423 -3.567535 -0.448370 0.001170 -0.002569 -0.238321 -0.971182 
1708328443.016433 -16.049445 -3.552285 -0.436675 0.001003 -0.001906 -0.223525 -0.974696 
1708328443.117372 -15.965899 -3.539495 -0.429279 -0.000713 -0.001241 -0.208025 -0.978122 
1708328443.218419 -15.875918 -3.509952 -0.443451 -0.002747 -0.002475 -0.191918 -0.981404 
1708328443.320918 -15.787745 -3.472543 -0.440454 -0.001868 -0.003112 -0.177151 -0.984177 
1708328443.419952 -15.720145 -3.449281 -0.427022 -0.001018 -0.001680 -0.160669 -0.987006 
1708328443.520771 -15.649579 -3.421585 -0.427991 -0.001994 0.000310 -0.145438 -0.989365 
1708328443.621705 -15.538897 -3.399531 -0.421776 -0.000526 -0.003282 -0.131221 -0.991348 
1708328443.722525 -15.444563 -3.365680 -0.417331 -0.003496 -0.002052 -0.113956 -0.993478 
1708328443.823447 -15.376267 -3.344612 -0.417802 -0.002790 -0.000043 -0.099437 -0.995040 
1708328443.924169 -15.292017 -3.316459 -0.433640 -0.003062 0.000590 -0.085670 -0.996319 
1708328444.025866 -15.185340 -3.291615 -0.437806 0.001005 -0.002816 -0.076284 -0.997082 
1708328444.125957 -15.113662 -3.274297 -0.425648 0.002551 -0.001091 -0.066747 -0.997766 
1708328444.226977 -15.058011 -3.256979 -0.423128 0.002048 0.000511 -0.056901 -0.998378 
1708328444.329432 -14.960973 -3.250797 -0.444276 0.005387 0.001108 -0.047603 -0.998851 
1708328444.431284 -14.863176 -3.225664 -0.425957 0.003385 -0.001706 -0.038567 -0.999249 
1708328444.529659 -14.789085 -3.200302 -0.409122 0.004915 -0.000675 -0.034489 -0.999393 
1708328444.630436 -14.705350 -3.178231 -0.414556 0.005101 0.001925 -0.034820 -0.999379 
1708328444.731201 -14.593235 -3.171281 -0.431412 0.010553 -0.000992 -0.034385 -0.999352 
1708328444.832020 -14.495490 -3.174154 -0.416907 0.013851 -0.000489 -0.034204 -0.999319 
1708328444.932909 -14.415215 -3.172876 -0.409296 0.013382 0.001746 -0.034443 -0.999316 
1708328445.033734 -14.321687 -3.161173 -0.416102 0.013969 0.002310 -0.036223 -0.999243 
1708328445.134535 -14.202721 -3.161785 -0.427430 0.012386 0.000166 -0.034419 -0.999331 
1708328445.235436 -14.118665 -3.161371 -0.420689 0.012839 0.002335 -0.035757 -0.999275 
1708328445.336225 -14.039866 -3.155300 -0.410956 0.012586 0.003958 -0.035322 -0.999289 
1708328445.437089 -13.928620 -3.142063 -0.419035 0.014492 0.003350 -0.035155 -0.999271 
1708328445.537969 -13.833659 -3.124882 -0.422175 0.012463 0.001582 -0.034991 -0.999309 
1708328445.639060 -13.760793 -3.106302 -0.412939 0.013106 0.003183 -0.034370 -0.999318 
1708328445.739648 -13.674105 -3.098294 -0.401611 0.015718 0.004357 -0.035620 -0.999232 
1708328445.840605 -13.566557 -3.086644 -0.410226 0.015185 0.003866 -0.035214 -0.999257 
1708328445.941450 -13.470664 -3.067273 -0.400406 0.012231 0.003033 -0.035283 -0.999298 
1708328446.042356 -13.395095 -3.051123 -0.401881 0.011491 0.004912 -0.035691 -0.999285 
1708328446.143144 -13.303869 -3.039386 -0.399343 0.011345 0.007345 -0.035432 -0.999281 
1708328446.243940 -13.187403 -3.030299 -0.401527 0.014703 0.003315 -0.034999 -0.999274 
1708328446.344858 -13.109443 -3.018096 -0.400801 0.013390 0.004796 -0.034378 -0.999308 
1708328446.445764 -13.027588 -3.001046 -0.402815 0.010402 0.005344 -0.034429 -0.999339 
1708328446.546761 -12.920418 -2.992845 -0.424344 0.013894 0.004838 -0.035388 -0.999265 
1708328446.647701 -12.820519 -2.997854 -0.428174 0.012304 0.003630 -0.034453 -0.999324 
1708328446.748378 -12.742571 -2.987568 -0.411311 0.011824 0.004736 -0.035634 -0.999284 
1708328446.849388 -12.651847 -2.973146 -0.411316 0.009839 0.006479 -0.035852 -0.999288 
1708328446.950048 -12.540286 -2.953220 -0.414647 0.011357 0.002485 -0.034554 -0.999335 
1708328447.050807 -12.457379 -2.931723 -0.410854 0.012972 0.003887 -0.034659 -0.999307 
1708328447.151777 -12.383061 -2.919887 -0.405945 0.012834 0.004899 -0.034505 -0.999310 
1708328447.252546 -12.286421 -2.907875 -0.402221 0.014765 0.003617 -0.036567 -0.999216 
1708328447.353705 -12.190869 -2.899660 -0.399615 0.012241 0.002461 -0.035053 -0.999307 
1708328447.454766 -12.103690 -2.899371 -0.401162 0.011231 0.003571 -0.035886 -0.999286 
1708328447.555103 -12.026995 -2.890892 -0.404793 0.010913 0.004677 -0.035926 -0.999284 
1708328447.656063 -11.928392 -2.881177 -0.392272 0.014396 0.002654 -0.035940 -0.999247 
1708328447.756856 -11.828221 -2.852498 -0.402851 0.012761 0.001255 -0.035168 -0.999299 
1708328447.857867 -11.753845 -2.832803 -0.399360 0.012681 0.002999 -0.034889 -0.999306 
1708328447.958534 -11.660700 -2.813485 -0.394272 0.015001 0.003201 -0.034953 -0.999271 
1708328448.059554 -11.566161 -2.793795 -0.398301 0.016607 -0.000269 -0.035183 -0.999243 
1708328448.160350 -11.477063 -2.783593 -0.394647 0.013138 0.000993 -0.035012 -0.999300 
1708328448.261390 -11.400304 -2.766581 -0.395551 0.011995 0.003533 -0.035722 -0.999284 
1708328448.362748 -11.297285 -2.754021 -0.391632 0.013275 0.003921 -0.035491 -0.999274 
1708328448.462972 -11.196465 -2.735141 -0.388348 0.016184 0.000912 -0.034967 -0.999257 
1708328448.565918 -11.113705 -2.719578 -0.379070 0.013899 0.002277 -0.034275 -0.999313 
1708328448.664683 -11.041937 -2.710937 -0.380608 0.015828 0.003262 -0.035174 -0.999251 
1708328448.765694 -10.937283 -2.691369 -0.387757 0.015323 0.000953 -0.035579 -0.999249 
1708328448.866284 -10.832342 -2.664097 -0.395057 0.013985 0.000026 -0.033749 -0.999332 
1708328448.967351 -10.754390 -2.649654 -0.383826 0.012895 0.001504 -0.035873 -0.999272 
1708328449.067972 -10.662559 -2.635601 -0.386780 0.011082 0.003829 -0.035940 -0.999285 
1708328449.169162 -10.551568 -2.619209 -0.390111 0.013818 -0.000021 -0.034725 -0.999301 
1708328449.269832 -10.467061 -2.606756 -0.390829 0.014308 0.001330 -0.035112 -0.999280 
1708328449.370584 -10.395451 -2.591632 -0.381188 0.013916 0.003205 -0.034423 -0.999305 
1708328449.471936 -10.299255 -2.582735 -0.376682 0.015068 0.002461 -0.035165 -0.999265 
1708328449.572354 -10.193773 -2.568926 -0.375555 0.013180 -0.000248 -0.034579 -0.999315 
1708328449.673202 -10.118262 -2.564476 -0.371528 0.013469 0.002864 -0.036444 -0.999241 
1708328449.773989 -10.042077 -2.555615 -0.371742 0.012388 0.004611 -0.036599 -0.999243 
1708328449.875206 -9.941212 -2.535411 -0.362715 0.015798 0.002350 -0.035357 -0.999247 
1708328449.975734 -9.834806 -2.510324 -0.371974 0.014068 0.001911 -0.035158 -0.999281 
1708328450.078344 -9.762924 -2.490659 -0.367619 0.014432 0.004353 -0.035469 -0.999257 
1708328450.177570 -9.687881 -2.469441 -0.368513 0.016855 0.005034 -0.036234 -0.999189 
1708328450.278471 -9.577663 -2.441553 -0.370902 0.016096 0.002784 -0.035773 -0.999226 
1708328450.379357 -9.484833 -2.423188 -0.363277 0.014875 0.003013 -0.035200 -0.999265 
1708328450.481952 -9.409927 -2.402341 -0.361403 0.013561 0.004605 -0.036873 -0.999217 
1708328450.581107 -9.319834 -2.373351 -0.354819 0.008565 0.006143 -0.036955 -0.999261 
1708328450.681919 -9.215792 -2.342760 -0.353824 0.016864 0.002268 -0.035665 -0.999219 
1708328450.783000 -9.134267 -2.316608 -0.347967 0.016426 0.003786 -0.035085 -0.999242 
1708328450.883515 -9.060581 -2.292233 -0.352231 0.013509 0.004837 -0.035635 -0.999262 
1708328450.984545 -8.961660 -2.268829 -0.348118 0.017955 0.003023 -0.036133 -0.999181 
1708328451.085259 -8.862155 -2.253790 -0.356503 0.016897 0.002362 -0.035524 -0.999223 
1708328451.186177 -8.779251 -2.240746 -0.351343 0.014606 0.003067 -0.037121 -0.999199 
1708328451.286928 -8.694789 -2.218616 -0.351688 0.011130 0.004750 -0.037990 -0.999205 
1708328451.387761 -8.582753 -2.189866 -0.356499 0.013272 0.002214 -0.037235 -0.999216 
1708328451.488749 -8.490491 -2.157266 -0.361795 0.016441 0.002247 -0.036093 -0.999211 
1708328451.589479 -8.416786 -2.135220 -0.357081 0.015907 0.003408 -0.036122 -0.999215 
1708328451.690324 -8.321429 -2.111655 -0.351704 0.015514 0.003026 -0.035483 -0.999245 
1708328451.791228 -8.216723 -2.103747 -0.346435 0.016742 -0.000242 -0.034833 -0.999253 
1708328451.892220 -8.137000 -2.108687 -0.338627 0.015014 0.001870 -0.035588 -0.999252 
1708328451.993041 -8.062174 -2.089424 -0.339886 0.012316 0.003592 -0.036644 -0.999246 
1708328452.093769 -7.963082 -2.062095 -0.330270 0.010611 0.002460 -0.030603 -0.999472 
1708328452.194693 -7.862106 -2.039409 -0.335607 0.010781 -0.000578 -0.023421 -0.999667 
1708328452.295561 -7.785873 -2.021781 -0.334540 0.005441 0.000556 -0.015584 -0.999864 
1708328452.396426 -7.699004 -2.013126 -0.344045 0.009239 0.000784 -0.012339 -0.999881 
1708328452.497364 -7.597242 -1.999251 -0.350333 0.010202 -0.000508 -0.012963 -0.999864 
1708328452.598184 -7.510330 -1.988905 -0.341554 0.009229 -0.001046 -0.014386 -0.999853 
1708328452.698931 -7.424897 -1.976397 -0.335434 0.010729 0.001288 -0.012140 -0.999868 
1708328452.800104 -7.318935 -1.962486 -0.335245 0.006484 0.001767 -0.003958 -0.999970 
1708328452.900648 -7.216856 -1.946011 -0.333626 0.006847 -0.002830 0.009773 -0.999925 
1708328453.001483 -7.137516 -1.931755 -0.323294 -0.000147 -0.000055 0.018736 -0.999824 
1708328453.102355 -7.065099 -1.925608 -0.330454 0.006018 0.002118 0.021246 -0.999754 
1708328453.203567 -6.963511 -1.920583 -0.329091 0.012756 -0.000315 0.019537 -0.999728 
1708328453.304268 -6.860675 -1.905999 -0.329159 0.010610 0.000223 0.018870 -0.999766 
1708328453.406163 -6.778212 -1.897854 -0.325672 0.011257 0.001790 0.017225 -0.999787 
1708328453.505799 -6.685411 -1.891235 -0.333335 0.009537 0.003883 0.018615 -0.999774 
1708328453.606636 -6.577818 -1.880320 -0.338583 0.011027 0.001244 0.019139 -0.999755 
1708328453.707513 -6.481577 -1.865549 -0.331206 0.006259 0.002283 0.020165 -0.999774 
1708328453.812363 -6.390629 -1.857709 -0.323870 0.010076 0.003932 0.020318 -0.999735 
1708328453.909229 -6.281780 -1.860054 -0.333665 0.015353 0.004545 0.020447 -0.999663 
1708328454.012663 -6.168669 -1.855203 -0.322496 0.008477 0.002565 0.021669 -0.999726 
1708328454.110963 -6.089252 -1.855700 -0.302832 0.010075 0.004010 0.020680 -0.999727 
1708328454.212025 -5.995164 -1.841953 -0.295936 0.006012 0.005653 0.019204 -0.999782 
1708328454.312969 -5.881214 -1.840001 -0.303384 0.010257 0.003482 0.020886 -0.999723 
1708328454.413680 -5.774435 -1.830737 -0.294394 0.011191 0.003587 0.020100 -0.999729 
1708328454.514618 -5.696193 -1.821532 -0.289448 0.012172 0.004614 0.020268 -0.999710 
1708328454.615367 -5.606634 -1.810068 -0.303344 0.012806 0.005578 0.019454 -0.999713 
1708328454.716239 -5.501400 -1.791949 -0.308669 0.010538 0.003149 0.019400 -0.999751 
1708328454.816990 -5.422097 -1.774876 -0.305973 0.014363 0.003618 0.018226 -0.999724 
1708328454.917827 -5.345318 -1.766637 -0.297730 0.008613 0.006170 0.017653 -0.999788 
1708328455.018668 -5.240513 -1.750500 -0.317396 0.008147 0.005350 0.016723 -0.999813 
1708328455.119532 -5.144061 -1.742380 -0.306280 0.011240 0.004459 0.018805 -0.999750 
1708328455.220507 -5.071078 -1.733897 -0.293785 0.012033 0.004628 0.019029 -0.999736 
1708328455.321534 -4.989299 -1.726604 -0.296538 0.013108 0.005168 0.019965 -0.999701 
1708328455.422128 -4.888233 -1.707384 -0.295185 0.011947 0.002567 0.018876 -0.999747 
1708328455.524289 -4.792979 -1.675690 -0.289970 0.013721 0.003488 0.018343 -0.999732 
1708328455.623991 -4.713851 -1.657503 -0.275107 0.006179 0.004444 0.017484 -0.999818 
1708328455.724959 -4.619685 -1.633936 -0.285199 0.005608 0.006288 0.017113 -0.999818 
1708328455.825547 -4.497441 -1.606400 -0.288474 0.011112 0.002824 0.017559 -0.999780 
1708328455.926398 -4.410241 -1.581211 -0.284305 0.014111 0.003512 0.018042 -0.999731 
1708328456.029160 -4.335615 -1.552039 -0.281533 0.009402 0.004367 0.018037 -0.999784 
1708328456.128149 -4.222943 -1.525146 -0.297077 0.011406 0.001928 0.018577 -0.999761 
1708328456.229308 -4.121448 -1.515213 -0.289593 0.014331 0.001494 0.019991 -0.999696 
1708328456.330074 -4.047593 -1.507141 -0.282322 0.012131 0.003187 0.017601 -0.999766 
1708328456.433277 -3.965217 -1.494023 -0.278525 0.007848 0.004403 0.018193 -0.999794 
1708328456.532973 -3.850492 -1.480416 -0.291206 0.012601 0.004133 0.018510 -0.999741 
1708328456.634044 -3.747796 -1.455615 -0.284896 0.014702 0.002187 0.020598 -0.999677 
1708328456.733383 -3.664323 -1.430223 -0.278298 0.011266 0.003457 0.019694 -0.999737 
1708328456.834138 -3.572953 -1.393791 -0.283438 0.012299 0.004663 0.019700 -0.999719 
1708328456.935358 -3.470253 -1.368731 -0.289216 0.012800 0.001567 0.019466 -0.999727 
1708328457.035969 -3.388292 -1.359161 -0.286147 0.014296 0.003574 0.019932 -0.999693 
1708328457.136781 -3.318626 -1.345951 -0.274865 0.009513 0.005221 0.018644 -0.999767 
1708328457.237561 -3.208287 -1.325828 -0.286614 0.010575 0.005629 0.017924 -0.999768 
1708328457.338446 -3.107657 -1.295518 -0.294454 0.016757 0.004363 0.018568 -0.999678 
1708328457.439468 -3.031324 -1.263326 -0.280083 0.009720 0.004926 0.019185 -0.999757 
1708328457.540168 -2.941381 -1.241413 -0.268829 0.006854 0.005460 0.020277 -0.999756 
1708328457.641013 -2.844840 -1.216014 -0.271380 0.010127 0.004606 0.019280 -0.999752 
1708328457.741956 -2.753849 -1.203279 -0.256127 0.009653 0.003263 0.020306 -0.999742 
1708328457.842801 -2.679211 -1.192934 -0.244608 0.004028 0.005067 0.019350 -0.999792 
1708328457.945287 -2.577230 -1.159998 -0.247242 0.004199 0.007663 0.017687 -0.999805 
1708328458.045806 -2.465684 -1.120819 -0.252393 0.009704 0.004809 0.017491 -0.999788 
1708328458.147346 -2.381345 -1.092916 -0.251561 0.009984 0.004273 0.019030 -0.999760 
1708328458.246750 -2.301589 -1.056523 -0.248099 0.004905 0.006293 0.019069 -0.999786 
1708328458.347286 -2.202564 -1.020561 -0.260520 0.011530 0.005461 0.019603 -0.999726 
1708328458.447919 -2.100357 -0.989303 -0.262947 0.011720 0.003692 0.020312 -0.999718 
1708328458.549127 -2.018939 -0.973226 -0.258795 0.008569 0.006002 0.018863 -0.999767 
1708328458.649653 -1.940136 -0.953790 -0.252447 0.001842 0.006189 0.018528 -0.999807 
1708328458.750592 -1.832078 -0.936355 -0.259115 0.009103 0.005490 0.017083 -0.999798 
1708328458.851664 -1.736546 -0.914922 -0.256514 0.009474 0.005056 0.019227 -0.999757 
1708328458.952269 -1.656135 -0.907000 -0.252955 0.008169 0.005913 0.019561 -0.999758 
1708328459.053032 -1.567891 -0.902091 -0.255168 0.010712 0.006153 0.019564 -0.999732 
1708328459.154328 -1.455559 -0.895913 -0.258017 0.009038 0.004509 0.019392 -0.999761 
1708328459.254865 -1.368875 -0.907850 -0.250611 0.006434 0.003741 0.020971 -0.999752 
1708328459.355759 -1.295083 -0.904274 -0.239520 0.003920 0.004688 0.019696 -0.999787 
1708328459.456486 -1.191541 -0.909225 -0.238313 0.002129 0.004999 0.020720 -0.999771 
1708328459.557741 -1.087204 -0.910316 -0.240766 0.006225 0.002718 0.020521 -0.999766 
1708328459.658176 -1.009219 -0.912117 -0.235647 0.003989 0.003014 0.021251 -0.999762 
1708328459.759055 -0.930300 -0.912660 -0.237043 0.002992 0.003862 0.019871 -0.999791 
1708328459.859978 -0.827019 -0.922105 -0.249988 0.004313 0.002937 0.021143 -0.999763 
1708328459.965014 -0.732659 -0.930669 -0.231968 0.003512 0.002783 0.020827 -0.999773 
1708328460.061669 -0.657858 -0.938297 -0.224182 0.004459 0.004390 0.019369 -0.999793 
1708328460.167344 -0.571936 -0.941245 -0.211716 0.009824 0.001336 0.021159 -0.999727 
1708328460.265392 -0.505091 -0.966454 -0.221422 0.010048 0.001218 0.021332 -0.999721 
1708328460.364357 -0.464787 -0.981151 -0.223782 0.006797 0.001655 0.021910 -0.999735 
1708328460.465428 -0.449772 -0.986317 -0.228331 0.006775 0.002262 0.022668 -0.999718 
1708328460.565992 -0.441682 -0.983202 -0.228698 0.006750 0.001615 0.022139 -0.999731 
1708328460.666826 -0.440069 -0.966704 -0.238252 0.006406 0.002602 0.022435 -0.999724 
1708328460.767787 -0.439746 -0.945488 -0.238847 0.007152 0.002082 0.021207 -0.999747 
1708328460.868502 -0.444609 -0.938987 -0.238184 0.007377 0.003500 0.022066 -0.999723 
1708328460.969417 -0.445736 -0.930557 -0.227529 0.009697 0.001301 0.020429 -0.999743 
1708328461.072901 -0.437965 -0.929049 -0.233692 0.011223 0.001908 0.020330 -0.999729 
1708328461.171249 -0.440623 -0.929816 -0.240277 0.011366 0.003440 0.021334 -0.999702 
1708328461.272371 -0.448057 -0.923096 -0.242459 0.010344 0.003042 0.022956 -0.999678 
1708328461.372870 -0.453485 -0.931018 -0.239297 0.009255 0.003481 0.023205 -0.999682 
1708328461.473815 -0.451011 -0.936096 -0.241847 0.008940 0.003452 0.023090 -0.999687 
1708328461.574510 -0.447966 -0.934481 -0.240639 0.008773 0.003804 0.022628 -0.999698 
1708328461.675370 -0.447725 -0.931894 -0.240477 0.009444 0.003283 0.022331 -0.999701 
1708328461.778299 -0.447290 -0.929443 -0.241186 0.009705 0.004078 0.022317 -0.999696 
1708328461.877088 -0.444358 -0.926929 -0.238983 0.009104 0.003503 0.022137 -0.999707 
1708328461.984601 -0.440519 -0.925687 -0.238867 0.009401 0.003973 0.022503 -0.999695 
1708328462.079051 -0.440416 -0.924919 -0.238344 0.009356 0.004174 0.022380 -0.999697 
1708328462.179702 -0.441386 -0.925144 -0.238537 0.009193 0.004381 0.022314 -0.999699 
1708328462.280755 -0.442143 -0.921800 -0.239188 0.010137 0.003977 0.022238 -0.999693 
1708328462.381413 -0.443986 -0.921279 -0.240222 0.008820 0.003868 0.022041 -0.999711 
1708328462.482397 -0.439803 -0.919229 -0.239180 0.008119 0.003807 0.021985 -0.999718 
1708328462.583124 -0.439964 -0.919979 -0.238770 0.007645 0.003781 0.022341 -0.999714 
1708328462.685854 -0.440295 -0.919410 -0.239071 0.007858 0.003609 0.022303 -0.999714 
1708328462.784818 -0.439099 -0.919584 -0.237803 0.008159 0.003945 0.022049 -0.999716 
1708328462.885842 -0.441492 -0.922924 -0.238547 0.007111 0.003652 0.022367 -0.999718 
1708328462.986529 -0.440819 -0.924992 -0.239330 0.007284 0.003884 0.022347 -0.999716 
1708328463.087593 -0.443355 -0.921335 -0.240678 0.007149 0.003816 0.022401 -0.999716 
1708328463.188260 -0.441744 -0.920268 -0.239929 0.007647 0.003892 0.022052 -0.999720 
