1710054041.234409 -0.002523 -0.002058 -0.000196 -0.000073 -0.000369 0.000699 1.000000 
1710054041.335273 0.005578 0.003751 -0.001527 -0.000009 0.000009 -0.000083 1.000000 
1710054041.436155 0.005343 -0.003841 -0.000068 -0.000108 -0.000151 -0.000832 1.000000 
1710054041.536995 0.007433 -0.002354 -0.003126 -0.000014 -0.000088 -0.000521 1.000000 
1710054041.637856 0.008939 -0.000998 -0.003619 0.000004 -0.000217 -0.000417 1.000000 
1710054041.739296 0.006928 -0.004315 -0.001623 -0.000079 -0.000045 -0.000680 1.000000 
1710054041.839538 0.005507 -0.004536 -0.002848 -0.000050 -0.000248 -0.000144 1.000000 
1710054041.940439 0.006073 -0.005130 -0.000945 -0.000056 0.000015 0.000092 1.000000 
1710054042.041314 0.008858 -0.002506 -0.000815 -0.000043 -0.000118 -0.000659 1.000000 
1710054042.142146 0.009032 -0.000243 0.000677 -0.000113 -0.000033 -0.000683 1.000000 
1710054042.243036 0.010234 -0.003117 -0.000506 -0.000080 -0.000168 0.000025 1.000000 
1710054042.344873 0.013877 -0.000889 -0.000109 -0.000086 -0.000158 -0.000668 1.000000 
1710054042.445109 0.012322 -0.003027 0.001094 -0.000116 -0.000149 -0.000679 1.000000 
1710054042.545998 0.011114 -0.001429 0.000211 -0.000082 -0.000247 0.000108 1.000000 
1710054042.646511 0.010920 -0.003394 -0.000040 -0.000086 -0.000125 -0.000220 1.000000 
1710054042.747320 0.009716 -0.004295 -0.001555 -0.000072 -0.000150 0.000628 1.000000 
1710054042.848420 0.011444 -0.004214 -0.003272 -0.000026 -0.000161 0.000009 1.000000 
1710054042.949163 0.011521 -0.000561 -0.004371 0.000004 -0.000191 -0.000466 1.000000 
1710054043.049975 0.015304 0.001454 -0.004469 0.000006 -0.000175 -0.000183 1.000000 
1710054043.150913 0.010420 0.002243 -0.003698 -0.000011 -0.000166 0.000188 1.000000 
1710054043.251673 0.013674 0.005744 -0.003357 0.000002 -0.000147 -0.000663 1.000000 
1710054043.352655 0.012110 -0.002028 -0.003920 0.000007 -0.000131 -0.000205 1.000000 
1710054043.453495 0.011512 -0.000283 -0.003246 -0.000008 -0.000125 -0.000326 1.000000 
1710054043.554159 0.009608 -0.000653 -0.002702 -0.000023 -0.000166 0.000000 1.000000 
1710054043.657403 0.011480 0.000530 -0.002053 -0.000025 -0.000127 -0.000111 1.000000 
1710054043.756189 0.014041 0.003970 -0.000075 -0.000068 -0.000152 -0.000802 1.000000 
1710054043.856747 0.013574 0.002188 -0.000716 -0.000091 -0.000224 0.000006 1.000000 
1710054043.957585 0.015690 0.001071 -0.002692 -0.000019 -0.000174 -0.000720 1.000000 
1710054044.062811 0.016695 -0.000222 -0.002271 -0.000041 -0.000137 -0.000523 1.000000 
1710054044.159315 0.013931 -0.000421 -0.002507 -0.000026 -0.000150 -0.000288 1.000000 
1710054044.260378 0.012012 0.000766 -0.005158 0.000032 -0.000186 0.000043 1.000000 
1710054044.361409 0.010954 0.000535 -0.006096 0.000050 -0.000181 -0.000422 1.000000 
1710054044.461925 0.011546 0.000384 -0.007259 0.000074 -0.000202 -0.000464 1.000000 
1710054044.563206 0.012615 0.002884 -0.005906 0.000034 -0.000192 -0.000045 1.000000 
1710054044.663713 0.014052 0.000900 -0.002644 -0.000036 -0.000148 0.000084 1.000000 
1710054044.764634 0.014525 -0.001021 -0.002241 -0.000036 -0.000148 0.000140 1.000000 
1710054044.865448 0.012241 -0.002286 -0.001977 -0.000053 -0.000186 0.000083 1.000000 
1710054044.966346 0.015692 -0.003170 -0.002630 -0.000035 -0.000129 -0.000257 1.000000 
1710054045.067068 0.013895 0.001595 -0.003557 0.000006 -0.000182 -0.000312 1.000000 
1710054045.168002 0.013636 0.000461 -0.003639 -0.000004 -0.000156 -0.000159 1.000000 
1710054045.268764 0.014825 0.003276 -0.004971 0.000026 -0.000164 0.000020 1.000000 
1710054045.370264 0.013561 0.005916 -0.005379 0.000048 -0.000105 -0.000695 1.000000 
1710054045.470472 0.017434 0.008659 -0.004452 0.000028 -0.000041 -0.000948 1.000000 
1710054045.571388 0.017104 0.004635 -0.004912 0.000020 -0.000157 0.000086 1.000000 
1710054045.675889 0.019137 0.005405 -0.003875 0.000003 -0.000116 -0.000505 1.000000 
1710054045.773297 0.014830 0.006078 -0.002889 -0.000025 -0.000177 0.000470 1.000000 
1710054045.873923 0.018270 0.004039 -0.002693 -0.000013 -0.000101 -0.000337 1.000000 
1710054045.974832 0.017205 0.007439 -0.004932 0.000032 -0.000170 0.000220 1.000000 
1710054046.075666 0.021992 0.006056 -0.004319 0.000006 -0.000164 -0.000307 1.000000 
1710054046.176562 0.017564 0.006075 -0.003923 0.000006 -0.000165 -0.000480 1.000000 
1710054046.277587 0.016963 0.006318 -0.004143 0.000012 -0.000155 -0.000297 1.000000 
1710054046.379704 0.022944 0.003644 -0.003673 -0.000006 -0.000099 -0.000815 1.000000 
1710054046.479170 0.019436 0.003756 -0.002913 -0.000021 -0.000134 -0.000092 1.000000 
1710054046.579969 0.020192 0.004718 -0.002760 -0.000022 -0.000130 -0.000261 1.000000 
1710054046.680854 0.018640 0.004590 -0.002986 -0.000024 -0.000099 0.000110 1.000000 
1710054046.781890 0.018402 0.003762 -0.005680 0.000056 -0.000127 -0.000137 1.000000 
1710054046.882832 0.035730 0.024028 -0.012934 0.000202 -0.000287 -0.002404 0.999997 
1710054046.983881 0.022853 0.007656 -0.006105 0.000021 -0.000197 0.001315 0.999999 
1710054047.084444 0.055093 0.011005 -0.018157 0.000218 -0.000416 -0.004982 0.999987 
1710054047.185144 0.109300 -0.028245 -0.009581 0.000320 -0.000315 -0.002229 0.999997 
1710054047.286117 0.180632 -0.049059 -0.009949 0.000201 -0.000379 -0.002604 0.999997 
1710054047.387160 0.231686 -0.051800 -0.011730 0.000087 -0.000568 -0.001638 0.999998 
1710054047.487731 0.285316 -0.048411 -0.017506 0.000217 -0.000602 0.000591 1.000000 
1710054047.589462 0.361288 -0.031692 -0.022606 0.000203 -0.000470 0.000555 1.000000 
1710054047.693845 0.418906 -0.019002 -0.027010 0.000319 -0.000508 0.001184 0.999999 
1710054047.790324 0.471050 -0.020060 -0.028607 0.000288 -0.000567 -0.000036 1.000000 
1710054047.891775 0.547334 -0.021927 -0.035849 0.000428 -0.000699 0.001086 0.999999 
1710054047.992587 0.627343 -0.022342 -0.043266 0.000556 -0.001093 -0.000429 0.999999 
1710054048.094104 0.687397 -0.028330 -0.043728 0.000555 -0.000976 0.000185 0.999999 
1710054048.193683 0.751238 -0.026828 -0.044223 0.000508 -0.001126 0.000770 0.999999 
1710054048.294685 0.845774 -0.020919 -0.047198 0.000523 -0.000983 -0.000988 0.999999 
1710054048.395462 0.897170 -0.031384 -0.037893 0.000269 -0.001278 0.001531 0.999998 
1710054048.496360 0.947185 -0.040674 -0.034636 0.000227 -0.001147 -0.003086 0.999995 
1710054048.597191 1.002769 -0.044244 -0.039569 0.000262 -0.001346 -0.011065 0.999938 
1710054048.698157 1.061088 -0.043968 -0.042055 0.000397 -0.000956 -0.025092 0.999685 
1710054048.801394 1.113119 -0.077048 -0.036071 0.000507 -0.001969 -0.040195 0.999190 
1710054048.899849 1.149813 -0.119554 -0.003854 0.000235 -0.003314 -0.054463 0.998510 
1710054049.000708 1.209860 -0.168922 0.047412 -0.000108 -0.005312 -0.071976 0.997392 
1710054049.101837 1.284451 -0.193438 0.039507 -0.000920 -0.003097 -0.090857 0.995859 
1710054049.202303 1.351897 -0.195720 0.026124 -0.000658 -0.003466 -0.103737 0.994598 
1710054049.303275 1.436616 -0.177062 0.008156 -0.000369 -0.003587 -0.112155 0.993684 
1710054049.404068 1.495647 -0.161843 -0.024081 0.000136 -0.002919 -0.117589 0.993058 
1710054049.504897 1.531733 -0.162895 -0.034997 0.000442 -0.003403 -0.127050 0.991890 
1710054049.605978 1.553602 -0.171188 -0.043459 0.000831 -0.003980 -0.135183 0.990812 
1710054049.706735 1.586899 -0.184651 -0.049766 0.000879 -0.004021 -0.147747 0.989017 
1710054049.807527 1.620844 -0.205652 -0.045067 0.000762 -0.003942 -0.166156 0.986091 
1710054049.908308 1.647006 -0.225170 -0.036065 0.001008 -0.004932 -0.183510 0.983005 
1710054050.009169 1.670553 -0.239928 -0.025149 0.001122 -0.005612 -0.198038 0.980178 
1710054050.110170 1.722110 -0.264382 -0.036512 0.000877 -0.004858 -0.212957 0.977049 
1710054050.211487 1.784496 -0.318077 -0.037599 0.001278 -0.005780 -0.225865 0.974141 
1710054050.311857 1.836668 -0.348932 -0.015804 0.000993 -0.006277 -0.228643 0.973490 
1710054050.412676 1.928917 -0.366392 -0.013567 0.000439 -0.005583 -0.231039 0.972928 
1710054050.513528 2.034140 -0.377628 -0.030487 0.000575 -0.005798 -0.230829 0.972977 
1710054050.614515 2.117742 -0.379214 -0.038467 0.000507 -0.005719 -0.233598 0.972316 
1710054050.715302 2.171358 -0.387549 -0.033168 0.000665 -0.006152 -0.241235 0.970447 
1710054050.816207 2.231756 -0.415262 -0.030762 0.000779 -0.006493 -0.253937 0.967199 
1710054050.917571 2.303476 -0.452610 -0.058195 0.019720 -0.012304 -0.273824 0.961499 
1710054051.018600 2.355165 -0.486170 -0.055426 0.019033 -0.005286 -0.295002 0.955292 
1710054051.118780 2.390331 -0.503611 -0.054010 0.018926 -0.004009 -0.312002 0.949884 
1710054051.220186 2.474248 -0.550039 -0.053887 0.018243 -0.002227 -0.328013 0.944494 
1710054051.320366 2.550706 -0.572554 -0.046120 0.019199 -0.005337 -0.344030 0.938747 
1710054051.421230 2.607114 -0.590100 -0.031439 0.019056 -0.006118 -0.364400 0.931027 
1710054051.522048 2.669988 -0.628111 -0.019098 0.022975 -0.011679 -0.384310 0.922844 
1710054051.622979 2.731913 -0.671684 -0.012514 0.023965 -0.013220 -0.405336 0.913758 
1710054051.724725 2.756842 -0.742259 -0.012007 0.023816 -0.012764 -0.428947 0.902925 
1710054051.824652 2.820387 -0.808323 -0.021923 0.021118 -0.015538 -0.455599 0.889799 
1710054051.932114 2.850607 -0.871478 -0.043581 0.015146 -0.013690 -0.475649 0.879398 
1710054052.026393 2.884528 -0.936698 -0.075590 0.008178 -0.012351 -0.491719 0.870628 
1710054052.129232 2.929370 -1.001523 -0.096502 0.003507 -0.011403 -0.504138 0.863541 
1710054052.228308 2.969376 -1.044797 -0.103982 0.004176 -0.011077 -0.510863 0.859580 
1710054052.328964 3.016285 -1.104608 -0.105713 0.004379 -0.011464 -0.519598 0.854323 
1710054052.430045 3.043890 -1.171210 -0.113292 0.004233 -0.011180 -0.532089 0.846604 
1710054052.530679 3.073118 -1.228323 -0.109488 0.002639 -0.011587 -0.545013 0.838343 
1710054052.631705 3.105085 -1.278951 -0.098415 0.002445 -0.011799 -0.555730 0.831275 
1710054052.732455 3.150239 -1.337970 -0.098014 0.006363 -0.012819 -0.565408 0.824687 
1710054052.833211 3.182104 -1.382235 -0.084216 0.009773 -0.013399 -0.577315 0.816353 
1710054052.934210 3.205901 -1.441207 -0.069378 0.010786 -0.014099 -0.588373 0.808395 
1710054053.035101 3.232418 -1.517118 -0.093273 0.005616 -0.012618 -0.599162 0.800508 
1710054053.137475 3.263172 -1.577682 -0.076503 0.012018 -0.013763 -0.610098 0.792116 
1710054053.236634 3.283310 -1.631775 -0.065684 0.010949 -0.014546 -0.620500 0.783995 
1710054053.337509 3.297997 -1.681304 -0.072272 0.011487 -0.014503 -0.630418 0.776036 
1710054053.438430 3.320945 -1.746363 -0.075753 0.013697 -0.014850 -0.638939 0.768992 
1710054053.539335 3.341954 -1.798528 -0.095828 0.012624 -0.014370 -0.647856 0.761523 
1710054053.640936 3.348352 -1.865646 -0.079266 0.010741 -0.014654 -0.655682 0.754818 
1710054053.741089 3.358649 -1.941241 -0.082325 0.009331 -0.014274 -0.661337 0.749895 
1710054053.841909 3.373694 -2.040105 -0.095342 0.009344 -0.014427 -0.666836 0.745007 
1710054053.942941 3.388740 -2.123420 -0.086515 0.010353 -0.014844 -0.672741 0.739657 
1710054054.043520 3.398786 -2.199819 -0.083080 0.007378 -0.015070 -0.673967 0.738571 
1710054054.144409 3.405598 -2.307598 -0.080859 0.004874 -0.015206 -0.672913 0.739549 
1710054054.245400 3.426473 -2.419215 -0.094957 0.002502 -0.014785 -0.672643 0.739815 
1710054054.346108 3.452655 -2.509354 -0.078304 0.004440 -0.015519 -0.675323 0.737345 
1710054054.447093 3.464585 -2.591587 -0.072167 0.004315 -0.015577 -0.676104 0.736629 
1710054054.547944 3.472430 -2.689401 -0.064153 0.003249 -0.016208 -0.673224 0.739254 
1710054054.648853 3.487785 -2.794285 -0.057083 0.006272 -0.017109 -0.674625 0.737936 
1710054054.749752 3.502232 -2.866116 -0.035280 0.006734 -0.017787 -0.674582 0.737955 
1710054054.850396 3.508843 -2.945009 -0.019768 0.004548 -0.017882 -0.672987 0.739424 
1710054054.951305 3.524821 -3.054107 -0.021389 0.004155 -0.018006 -0.674224 0.738296 
1710054055.052125 3.553855 -3.149672 -0.007926 0.006051 -0.019009 -0.676371 0.736291 
1710054055.153009 3.569706 -3.211798 -0.003052 0.004743 -0.018620 -0.683864 0.729357 
1710054055.253840 3.583827 -3.300995 0.018208 0.006440 -0.019833 -0.691164 0.722397 
1710054055.354739 3.605091 -3.415678 0.000712 0.002500 -0.019143 -0.701355 0.712550 
1710054055.455669 3.595734 -3.512240 0.022025 0.004363 -0.019660 -0.709291 0.704628 
1710054055.556484 3.580925 -3.593278 0.037456 0.003682 -0.020392 -0.710229 0.703666 
1710054055.657377 3.571717 -3.696302 0.049324 0.005013 -0.020988 -0.713624 0.700196 
1710054055.758130 3.528836 -3.790617 0.037630 0.007266 -0.021898 -0.705993 0.707843 
1710054055.859042 3.514834 -3.866690 0.056561 0.005541 -0.021879 -0.707348 0.706505 
1710054055.959860 3.495348 -3.946562 0.067587 0.009546 -0.023956 -0.705522 0.708219 
1710054056.060704 3.471606 -4.050312 0.058951 0.011268 -0.024772 -0.702783 0.710884 
1710054056.161821 3.438014 -4.149332 0.054005 0.010016 -0.025024 -0.700394 0.713248 
1710054056.262528 3.414301 -4.228473 0.076353 0.013559 -0.026849 -0.701230 0.712301 
1710054056.363422 3.398589 -4.304391 0.071327 0.006239 -0.024473 -0.699818 0.713875 
1710054056.464363 3.405461 -4.410818 0.061933 0.009769 -0.025318 -0.699594 0.714025 
1710054056.565107 3.385626 -4.501011 0.056653 0.011174 -0.026111 -0.700160 0.713421 
1710054056.666051 3.367433 -4.577911 0.060536 0.007960 -0.025169 -0.698523 0.715101 
1710054056.766870 3.369079 -4.669249 0.042844 0.002506 -0.021690 -0.699001 0.714788 
1710054056.867678 3.367083 -4.755128 0.047708 0.008758 -0.025463 -0.699923 0.713710 
1710054056.968554 3.372653 -4.821699 0.061383 0.004913 -0.024748 -0.698365 0.715297 
1710054057.069475 3.416290 -4.896504 0.071547 0.003145 -0.024198 -0.702385 0.711379 
1710054057.170192 3.431866 -4.993560 0.073395 0.009640 -0.027209 -0.702658 0.710942 
1710054057.271020 3.432435 -5.064531 0.060862 0.007759 -0.025403 -0.700888 0.712776 
1710054057.371893 3.424207 -5.147943 0.052207 0.003715 -0.024992 -0.701067 0.712648 
1710054057.472803 3.459011 -5.249809 0.031948 -0.004575 -0.020806 -0.705277 0.708612 
1710054057.573730 3.470906 -5.369421 0.016904 -0.003654 -0.021416 -0.705284 0.708592 
1710054057.674667 3.492520 -5.462055 0.013918 -0.002271 -0.022136 -0.706805 0.707058 
1710054057.775305 3.507102 -5.564800 -0.001454 -0.008308 -0.019071 -0.709352 0.704548 
1710054057.876174 3.533157 -5.690919 0.000053 -0.005509 -0.021371 -0.711067 0.702777 
1710054057.977018 3.561068 -5.808192 -0.003034 -0.004618 -0.021228 -0.714370 0.699431 
1710054058.077932 3.577598 -5.893794 0.008042 -0.008898 -0.020250 -0.715322 0.698445 
1710054058.178757 3.578251 -5.982171 0.015933 -0.010050 -0.019200 -0.714675 0.699121 
1710054058.279806 3.584242 -6.100324 0.007459 -0.007619 -0.019881 -0.714330 0.699485 
1710054058.380544 3.575825 -6.199113 0.001394 -0.006959 -0.021489 -0.715168 0.698587 
1710054058.481655 3.571543 -6.281433 -0.001089 -0.009406 -0.019149 -0.714741 0.699064 
1710054058.582390 3.571544 -6.374708 -0.005648 -0.009425 -0.018590 -0.713224 0.700626 
1710054058.684562 3.569827 -6.479804 -0.012139 -0.009669 -0.019905 -0.713974 0.699822 
1710054058.783914 3.577579 -6.555366 -0.004942 -0.007715 -0.024758 -0.713979 0.699687 
1710054058.884894 3.583619 -6.617817 -0.000267 -0.009119 -0.022227 -0.715447 0.698254 
1710054058.988052 3.587670 -6.698162 0.017088 -0.010202 -0.021507 -0.714715 0.699011 
1710054059.087831 3.590232 -6.766889 0.019791 -0.012200 -0.023889 -0.715394 0.698206 
1710054059.189241 3.589058 -6.827757 0.018732 -0.011257 -0.021731 -0.715031 0.698664 
1710054059.288221 3.586161 -6.890484 0.024332 -0.010644 -0.021238 -0.715065 0.698654 
1710054059.389071 3.589583 -6.951067 0.022558 -0.010143 -0.018139 -0.716419 0.697360 
1710054059.489978 3.606449 -7.009454 0.019120 -0.010568 -0.019254 -0.714976 0.698804 
1710054059.590879 3.614341 -7.051814 0.025005 -0.010817 -0.021214 -0.714419 0.699313 
1710054059.692808 3.622705 -7.104572 0.030392 -0.008061 -0.019636 -0.715122 0.698677 
1710054059.792505 3.608465 -7.157559 0.028208 -0.008243 -0.019052 -0.715762 0.698035 
1710054059.893432 3.582874 -7.204129 0.033657 -0.015322 -0.020206 -0.716012 0.697627 
1710054059.994384 3.571108 -7.256053 0.029923 -0.017441 -0.018596 -0.716370 0.697254 
1710054060.095104 3.588251 -7.327791 0.008441 -0.010468 -0.014816 -0.715940 0.697927 
1710054060.196468 3.607295 -7.423377 0.020548 -0.017192 -0.020896 -0.714622 0.698987 
1710054060.296995 3.618699 -7.495542 0.039095 -0.015761 -0.023341 -0.715156 0.698397 
1710054060.398559 3.623876 -7.586087 0.052147 -0.014695 -0.022849 -0.715556 0.698027 
1710054060.498799 3.613134 -7.692396 0.034245 -0.014634 -0.023571 -0.714722 0.698858 
1710054060.603288 3.590218 -7.779585 0.046443 -0.015742 -0.024953 -0.715554 0.697934 
1710054060.700855 3.580326 -7.860960 0.062426 -0.016227 -0.026553 -0.714907 0.698527 
1710054060.801092 3.580250 -7.951924 0.065828 -0.011911 -0.026541 -0.716335 0.697150 
1710054060.902184 3.598232 -8.052547 0.056523 -0.008362 -0.023692 -0.716037 0.697610 
1710054061.003017 3.610065 -8.135493 0.073420 -0.010005 -0.025039 -0.714864 0.698744 
1710054061.103882 3.620261 -8.233395 0.078651 -0.017581 -0.027633 -0.710947 0.702482 
1710054061.204528 3.639064 -8.355547 0.078083 -0.015267 -0.024752 -0.701300 0.712273 
1710054061.305401 3.650695 -8.462827 0.079519 -0.009081 -0.023781 -0.689707 0.723641 
1710054061.406262 3.658291 -8.565189 0.093488 -0.019222 -0.024636 -0.671175 0.740640 
1710054061.507377 3.670846 -8.662073 0.091739 -0.024468 -0.022427 -0.653701 0.756025 
1710054061.608213 3.697946 -8.783185 0.090945 -0.024410 -0.021659 -0.638183 0.769193 
1710054061.708953 3.713225 -8.871058 0.111646 -0.025839 -0.020876 -0.620422 0.783564 
1710054061.809764 3.727270 -8.953182 0.132147 -0.026022 -0.024519 -0.604506 0.795798 
1710054061.911334 3.750097 -9.053837 0.132394 -0.028075 -0.024548 -0.588853 0.807379 
1710054062.015287 3.785557 -9.130465 0.128484 -0.027593 -0.022309 -0.570530 0.820510 
1710054062.112267 3.813962 -9.196042 0.127092 -0.026321 -0.023663 -0.549184 0.834951 
1710054062.213280 3.845886 -9.240997 0.097877 -0.029044 -0.022781 -0.524781 0.850436 
1710054062.314134 3.863036 -9.284926 0.084070 -0.030560 -0.020304 -0.500200 0.865132 
1710054062.415037 3.881156 -9.302132 0.103515 -0.024067 -0.021576 -0.470279 0.881926 
1710054062.516012 3.895381 -9.302552 0.105541 -0.023174 -0.023112 -0.432507 0.901036 
1710054062.616657 3.904806 -9.284054 0.135732 -0.019443 -0.026017 -0.401948 0.915086 
1710054062.717435 3.904556 -9.254827 0.147298 -0.022921 -0.024177 -0.368456 0.929048 
1710054062.819518 3.916607 -9.206278 0.157540 -0.023003 -0.025945 -0.335854 0.941276 
1710054062.919587 3.932246 -9.199451 0.159742 -0.026990 -0.027398 -0.311144 0.949584 
1710054063.020071 3.967111 -9.204571 0.141510 -0.031657 -0.023044 -0.292342 0.955512 
1710054063.120979 4.008754 -9.203361 0.138480 -0.033883 -0.021226 -0.284314 0.957897 
1710054063.221719 4.043862 -9.216200 0.133365 -0.034063 -0.019513 -0.281286 0.958821 
1710054063.322587 4.077963 -9.233968 0.118518 -0.031413 -0.023059 -0.280827 0.958967 
1710054063.423734 4.127018 -9.283092 0.088375 -0.029228 -0.023073 -0.285677 0.957602 
1710054063.524522 4.172182 -9.296602 0.112265 -0.024822 -0.024574 -0.281654 0.958880 
1710054063.625463 4.190681 -9.295386 0.122162 -0.027541 -0.019409 -0.279082 0.959676 
1710054063.726321 4.216793 -9.303304 0.121043 -0.024845 -0.020693 -0.277744 0.960111 
1710054063.827389 4.247425 -9.309467 0.143458 -0.028960 -0.016589 -0.275773 0.960643 
1710054063.927744 4.273636 -9.327653 0.151332 -0.029197 -0.018229 -0.273980 0.961119 
1710054064.028613 4.296349 -9.349819 0.163362 -0.031290 -0.015663 -0.270795 0.962001 
1710054064.131622 4.345297 -9.391137 0.150454 -0.029795 -0.019616 -0.260088 0.964926 
1710054064.231391 4.408872 -9.423963 0.138373 -0.027708 -0.024930 -0.242988 0.969313 
1710054064.331297 4.450197 -9.422095 0.131239 -0.030025 -0.023838 -0.215797 0.975685 
1710054064.432359 4.493976 -9.420667 0.132191 -0.031314 -0.027084 -0.196694 0.979590 
1710054064.533088 4.553437 -9.477680 0.125305 -0.049798 -0.013224 -0.191173 0.980203 
1710054064.633850 4.606320 -9.514102 0.105352 -0.034566 -0.018309 -0.185592 0.981848 
1710054064.734881 4.643210 -9.525309 0.110239 -0.031319 -0.022085 -0.185107 0.981971 
1710054064.835482 4.680870 -9.544052 0.113565 -0.029323 -0.023213 -0.185273 0.981975 
1710054064.936498 4.729683 -9.544172 0.118357 -0.022265 -0.026600 -0.183150 0.982473 
1710054065.037604 4.773111 -9.568447 0.126391 -0.022817 -0.030221 -0.185326 0.981947 
1710054065.138042 4.817650 -9.600598 0.128471 -0.025423 -0.030094 -0.185634 0.981829 
1710054065.239303 4.857482 -9.632145 0.153096 -0.032271 -0.024788 -0.186349 0.981641 
1710054065.339771 4.921899 -9.645380 0.155557 -0.026406 -0.025444 -0.186776 0.981718 
1710054065.440626 4.977925 -9.651433 0.151335 -0.026633 -0.025514 -0.187467 0.981578 
1710054065.541763 5.033837 -9.676220 0.150858 -0.027175 -0.017631 -0.187327 0.981763 
1710054065.644843 5.112020 -9.690189 0.143802 -0.027053 -0.020517 -0.185915 0.981979 
1710054065.743210 5.180208 -9.715785 0.136734 -0.021814 -0.013687 -0.186598 0.982099 
1710054065.844176 5.233908 -9.729586 0.118467 -0.024175 -0.023856 -0.186816 0.981808 
1710054065.944924 5.278684 -9.688984 0.103862 -0.019752 -0.021090 -0.196405 0.980097 
1710054066.045771 5.342563 -9.695259 0.103334 -0.010559 -0.023186 -0.216417 0.975969 
1710054066.146636 5.396557 -9.759133 0.112779 -0.006047 -0.026173 -0.244466 0.969286 
1710054066.247595 5.437916 -9.771659 0.128808 0.007202 -0.037378 -0.279320 0.959443 
1710054066.348537 5.499180 -9.810323 0.145983 0.010405 -0.038320 -0.315863 0.947973 
1710054066.449399 5.572385 -9.857475 0.153361 0.012935 -0.043578 -0.347728 0.936493 
1710054066.550260 5.615853 -9.911887 0.176127 0.005610 -0.040851 -0.386065 0.921550 
1710054066.650923 5.654050 -9.975056 0.201734 0.010825 -0.051739 -0.418127 0.906849 
1710054066.751913 5.695532 -10.047689 0.211437 0.009293 -0.049613 -0.450984 0.891103 
1710054066.852741 5.750438 -10.131731 0.234396 0.009185 -0.044850 -0.483986 0.873877 
1710054066.953704 5.781945 -10.199341 0.261306 0.012586 -0.048144 -0.518443 0.853663 
1710054067.054583 5.800171 -10.258893 0.281036 0.013910 -0.050671 -0.549898 0.833577 
1710054067.155318 5.837050 -10.330535 0.280894 0.013836 -0.053798 -0.579341 0.813190 
1710054067.256166 5.861801 -10.390327 0.298890 0.023347 -0.053074 -0.609603 0.790584 
1710054067.358769 5.877543 -10.462668 0.317962 0.020003 -0.054259 -0.637282 0.768458 
1710054067.458185 5.918433 -10.525640 0.328892 0.011183 -0.050205 -0.658608 0.750726 
1710054067.561133 5.962662 -10.627016 0.321933 0.009307 -0.042363 -0.671234 0.739976 
1710054067.659553 5.989645 -10.710059 0.314291 0.012462 -0.047122 -0.676757 0.734591 
1710054067.764100 6.007879 -10.788484 0.328433 -0.001057 -0.037894 -0.679674 0.732534 
1710054067.862509 6.012013 -10.870794 0.329294 -0.003536 -0.032878 -0.678918 0.733469 
1710054067.962116 6.006185 -11.010409 0.331752 -0.005410 -0.030485 -0.679006 0.733480 
1710054068.062991 5.993772 -11.107955 0.341800 -0.006844 -0.031304 -0.678000 0.734363 
1710054068.163908 5.992725 -11.183311 0.362013 -0.000689 -0.034796 -0.676488 0.735631 
1710054068.266242 6.001917 -11.261019 0.361726 0.000818 -0.036047 -0.677151 0.734960 
1710054068.365893 6.014159 -11.357747 0.363675 0.001351 -0.032334 -0.676414 0.735810 
1710054068.466702 6.033012 -11.438980 0.370733 -0.002314 -0.032704 -0.678421 0.733941 
1710054068.567497 6.045709 -11.541536 0.377928 -0.004536 -0.033491 -0.687948 0.724972 
1710054068.668288 6.044233 -11.653091 0.370728 0.009975 -0.041394 -0.698318 0.714520 
1710054068.768973 6.045330 -11.743326 0.393518 0.015906 -0.044654 -0.704541 0.708079 
1710054068.869973 6.043291 -11.826216 0.418438 0.008547 -0.039936 -0.706221 0.706812 
1710054068.970771 6.029113 -11.926420 0.410014 0.006091 -0.041470 -0.706681 0.706290 
1710054069.071655 6.007538 -12.042777 0.398101 0.005701 -0.035379 -0.706445 0.706860 
1710054069.172540 6.003364 -12.133725 0.386717 0.004387 -0.036267 -0.705719 0.707550 
1710054069.273354 6.003479 -12.216778 0.381141 0.003710 -0.038951 -0.706719 0.706411 
1710054069.374151 6.004517 -12.307080 0.378708 -0.001301 -0.035806 -0.705470 0.707833 
1710054069.475698 5.998192 -12.417334 0.366119 -0.000861 -0.035803 -0.706251 0.707055 
1710054069.576283 5.992304 -12.498375 0.386158 0.002263 -0.038746 -0.705284 0.707861 
1710054069.676855 5.998319 -12.587099 0.382593 -0.002038 -0.037900 -0.705875 0.707319 
1710054069.777589 6.011354 -12.696779 0.376149 0.002469 -0.039319 -0.706292 0.706823 
1710054069.878557 6.023116 -12.792252 0.371600 -0.000175 -0.034968 -0.706173 0.707175 
1710054069.979543 6.033453 -12.865764 0.387032 -0.002856 -0.036005 -0.707171 0.706120 
1710054070.080204 6.040419 -12.947661 0.393298 -0.004056 -0.038205 -0.707122 0.706047 
1710054070.182473 6.044220 -13.055520 0.391769 -0.002247 -0.035618 -0.706438 0.706875 
1710054070.281977 6.046427 -13.134941 0.412490 -0.001182 -0.036628 -0.707201 0.706062 
1710054070.382881 6.053979 -13.210321 0.426187 0.002500 -0.041253 -0.705438 0.707566 
1710054070.483776 6.061992 -13.305759 0.431827 0.003583 -0.044080 -0.705615 0.707214 
1710054070.584517 6.058351 -13.404470 0.451434 0.004262 -0.038847 -0.706084 0.707049 
1710054070.685454 6.056120 -13.485314 0.471848 0.003827 -0.038560 -0.705896 0.707254 
1710054070.786182 6.056719 -13.556785 0.487104 0.001447 -0.038576 -0.706530 0.706629 
1710054070.887257 6.057823 -13.658027 0.481992 -0.001458 -0.037481 -0.705034 0.708181 
1710054070.987993 6.055265 -13.742140 0.492431 0.004414 -0.038279 -0.705792 0.707370 
1710054071.088762 6.057379 -13.808745 0.514229 0.005171 -0.041513 -0.705521 0.707453 
1710054071.189776 6.059522 -13.900466 0.525314 0.005982 -0.043659 -0.705291 0.707547 
1710054071.290462 6.067457 -14.025559 0.507732 0.005956 -0.040313 -0.706147 0.706891 
1710054071.395583 6.076325 -14.110394 0.540857 0.004157 -0.037818 -0.706617 0.706573 
1710054071.492216 6.087867 -14.194699 0.524674 0.004581 -0.043488 -0.706439 0.706422 
1710054071.594223 6.085696 -14.310501 0.530909 0.004758 -0.042026 -0.705572 0.707374 
1710054071.693928 6.081223 -14.433179 0.534515 0.011202 -0.046534 -0.704820 0.707769 
1710054071.794982 6.072842 -14.539151 0.540439 0.007571 -0.043600 -0.704435 0.708387 
1710054071.895858 6.083124 -14.643937 0.535750 0.004261 -0.042547 -0.705797 0.707122 
1710054071.996524 6.089683 -14.771751 0.528721 0.007950 -0.040312 -0.705907 0.707112 
1710054072.097322 6.096999 -14.873489 0.527105 0.004691 -0.038132 -0.706506 0.706663 
1710054072.198396 6.101602 -14.964222 0.539018 0.005587 -0.041153 -0.706525 0.706468 
1710054072.299226 6.102786 -15.059372 0.536401 0.001329 -0.035665 -0.706031 0.707281 
1710054072.401277 6.094730 -15.154964 0.534651 0.002983 -0.034314 -0.707043 0.706331 
1710054072.502383 6.084441 -15.243475 0.546066 0.003222 -0.038892 -0.705421 0.707713 
1710054072.602027 6.083810 -15.323077 0.554768 0.001555 -0.039430 -0.706119 0.706993 
1710054072.702530 6.088470 -15.413036 0.561500 0.005300 -0.038519 -0.706414 0.706730 
1710054072.803596 6.090059 -15.512578 0.558803 0.003907 -0.039081 -0.705929 0.707193 
1710054072.906376 6.093017 -15.596408 0.570988 0.003079 -0.040139 -0.706798 0.706270 
1710054073.005187 6.091351 -15.679179 0.590689 -0.000380 -0.036258 -0.706720 0.706563 
1710054073.105930 6.090175 -15.774032 0.578204 -0.001539 -0.035601 -0.706672 0.706643 
1710054073.206874 6.090950 -15.879060 0.575618 0.000074 -0.038887 -0.706462 0.706682 
1710054073.307675 6.091142 -15.965418 0.587037 0.000611 -0.040010 -0.706028 0.707052 
1710054073.408526 6.101004 -16.065637 0.579774 0.001918 -0.041664 -0.707511 0.705470 
1710054073.509584 6.114712 -16.168431 0.571680 0.000903 -0.035982 -0.707146 0.706151 
1710054073.610403 6.133900 -16.254527 0.563798 -0.001554 -0.038322 -0.708973 0.704192 
1710054073.712022 6.145011 -16.335051 0.570365 -0.000493 -0.042202 -0.708275 0.704674 
1710054073.811956 6.142631 -16.437321 0.569070 0.004579 -0.041837 -0.707086 0.705874 
1710054073.912846 6.132730 -16.537032 0.557785 0.000935 -0.041191 -0.707986 0.705024 
1710054074.013677 6.126160 -16.618436 0.574444 -0.002920 -0.038682 -0.707573 0.705574 
1710054074.114583 6.121982 -16.707230 0.589309 -0.005764 -0.037961 -0.708402 0.704764 
1710054074.215481 6.115600 -16.807620 0.583564 -0.000972 -0.038011 -0.707853 0.705335 
1710054074.316426 6.123318 -16.895806 0.599820 -0.001206 -0.037008 -0.708212 0.705028 
1710054074.417112 6.132100 -16.979925 0.623777 -0.001233 -0.039495 -0.708820 0.704282 
1710054074.518683 6.139264 -17.069799 0.627687 0.000709 -0.041542 -0.707502 0.705488 
1710054074.619332 6.137010 -17.168596 0.632444 0.003361 -0.040564 -0.707960 0.705079 
1710054074.720182 6.135087 -17.247585 0.649894 0.002077 -0.041507 -0.707713 0.705277 
1710054074.820941 6.130352 -17.323210 0.662359 0.002464 -0.043340 -0.707714 0.705165 
1710054074.921421 6.118619 -17.426957 0.657454 0.000895 -0.036595 -0.707671 0.705593 
1710054075.022353 6.108890 -17.522426 0.679061 -0.001167 -0.034066 -0.707181 0.706210 
1710054075.123834 6.098488 -17.597208 0.693695 0.000456 -0.037913 -0.707268 0.705928 
1710054075.223976 6.096630 -17.675966 0.695468 -0.002663 -0.036531 -0.706886 0.706378 
1710054075.325085 6.099408 -17.771992 0.707649 -0.002905 -0.031877 -0.707568 0.705920 
1710054075.425706 6.126703 -17.859087 0.733960 0.004189 -0.040270 -0.707415 0.705638 
1710054075.526654 6.133358 -17.933957 0.735420 0.007104 -0.043990 -0.706483 0.706326 
1710054075.627592 6.129687 -18.033822 0.733835 0.005464 -0.044706 -0.707055 0.705723 
1710054075.728301 6.132763 -18.140362 0.723976 0.004021 -0.036652 -0.707744 0.705506 
1710054075.829752 6.139963 -18.231422 0.735102 0.001642 -0.036638 -0.708336 0.704922 
1710054075.930038 6.132918 -18.309933 0.742517 -0.000519 -0.039241 -0.708085 0.705036 
1710054076.031039 6.131678 -18.415433 0.741579 0.003849 -0.037769 -0.706297 0.706897 
1710054076.131948 6.133661 -18.512712 0.755075 0.003578 -0.039096 -0.707521 0.705601 
1710054076.232773 6.130001 -18.593487 0.781548 0.000096 -0.037655 -0.707234 0.705976 
1710054076.333687 6.125236 -18.681503 0.798392 -0.000219 -0.037729 -0.707762 0.705443 
1710054076.434342 6.126813 -18.787597 0.806240 0.003991 -0.037741 -0.707365 0.705829 
1710054076.535166 6.122293 -18.875196 0.812586 0.001243 -0.036269 -0.707305 0.705976 
1710054076.636087 6.120877 -18.951322 0.820594 -0.002119 -0.035963 -0.708326 0.704966 
1710054076.736860 6.119745 -19.048826 0.816635 -0.005031 -0.036278 -0.707417 0.705847 
1710054076.837934 6.130787 -19.156928 0.815592 -0.000200 -0.035388 -0.707922 0.705404 
1710054076.938675 6.142552 -19.238291 0.825664 -0.001007 -0.036529 -0.708395 0.704870 
1710054077.039515 6.136712 -19.320042 0.818744 -0.000878 -0.038634 -0.707640 0.705516 
1710054077.140306 6.139762 -19.430393 0.798016 0.001129 -0.038535 -0.707198 0.705964 
1710054077.241157 6.127306 -19.529436 0.794531 -0.002661 -0.034584 -0.707073 0.706289 
1710054077.342021 6.119586 -19.604636 0.814807 -0.004391 -0.035432 -0.708073 0.705237 
1710054077.442929 6.112291 -19.688345 0.827401 -0.005052 -0.034799 -0.706540 0.706799 
1710054077.544024 6.106541 -19.794860 0.829946 -0.003714 -0.033702 -0.706921 0.706479 
1710054077.644673 6.108410 -19.883832 0.853499 -0.004847 -0.033579 -0.707345 0.706054 
1710054077.745452 6.106428 -19.965769 0.880704 0.001404 -0.037963 -0.705334 0.707857 
1710054077.846376 6.104579 -20.053476 0.894178 -0.001171 -0.037678 -0.706032 0.707176 
1710054077.947191 6.108656 -20.168242 0.876542 -0.000986 -0.032906 -0.705872 0.707574 
1710054078.048289 6.114903 -20.253171 0.882568 -0.003483 -0.030595 -0.707299 0.706244 
1710054078.149065 6.120802 -20.331259 0.886744 -0.001729 -0.036157 -0.706865 0.706422 
1710054078.249996 6.096661 -20.435198 0.869250 -0.011137 -0.024657 -0.705552 0.708142 
1710054078.350698 6.102331 -20.534871 0.854779 -0.001369 -0.035078 -0.706714 0.706628 
1710054078.452896 6.108248 -20.616248 0.861378 -0.007068 -0.031393 -0.706555 0.706926 
1710054078.552414 6.109275 -20.703875 0.868033 -0.006798 -0.031644 -0.706665 0.706808 
1710054078.653244 6.129281 -20.820794 0.852745 0.001520 -0.037907 -0.706236 0.706959 
1710054078.754131 6.137451 -20.911200 0.861099 -0.000167 -0.037586 -0.706617 0.706598 
1710054078.855231 6.139769 -20.988050 0.875193 -0.002639 -0.036643 -0.707666 0.705591 
1710054078.955809 6.129770 -21.077984 0.879660 -0.005208 -0.035970 -0.705957 0.707321 
1710054079.057070 6.121872 -21.190221 0.857365 -0.004532 -0.034516 -0.707079 0.706277 
1710054079.157507 6.121105 -21.268488 0.889701 -0.003000 -0.034347 -0.706678 0.706695 
1710054079.258446 6.122763 -21.347234 0.897552 -0.002516 -0.037058 -0.705973 0.707264 
1710054079.359198 6.124857 -21.453168 0.892325 -0.002862 -0.034421 -0.706575 0.706794 
1710054079.460086 6.127000 -21.558352 0.899031 -0.003234 -0.031060 -0.705891 0.707631 
1710054079.561312 6.131308 -21.639316 0.902052 -0.001985 -0.037526 -0.706167 0.707048 
1710054079.661848 6.134264 -21.722569 0.899478 -0.009372 -0.032746 -0.707312 0.706081 
1710054079.762692 6.134663 -21.828201 0.905493 -0.005802 -0.030493 -0.706735 0.706797 
1710054079.863539 6.123133 -21.922525 0.908339 -0.006422 -0.033085 -0.706888 0.706522 
1710054079.964381 6.116389 -22.005109 0.924681 -0.009752 -0.030650 -0.705696 0.707784 
1710054080.065567 6.112109 -22.108406 0.928673 -0.014817 -0.028532 -0.706895 0.706588 
1710054080.166486 6.119900 -22.205433 0.952735 -0.005785 -0.027766 -0.706620 0.707025 
1710054080.267272 6.123879 -22.276621 0.971722 -0.010764 -0.024965 -0.707404 0.706286 
1710054080.367912 6.134084 -22.345621 0.998826 -0.006741 -0.030706 -0.706873 0.706641 
1710054080.468745 6.140418 -22.442280 0.990681 -0.006096 -0.031148 -0.705069 0.708428 
1710054080.569652 6.128546 -22.546244 0.988449 -0.006000 -0.027705 -0.706498 0.707147 
1710054080.670840 6.118713 -22.624289 1.008245 -0.007251 -0.029715 -0.705585 0.707965 
1710054080.772589 6.121930 -22.715052 1.021914 -0.007977 -0.031214 -0.705927 0.707551 
1710054080.872192 6.136778 -22.816614 1.022926 -0.003622 -0.029797 -0.706991 0.706585 
1710054080.972972 6.165179 -22.911467 1.028020 -0.002186 -0.032518 -0.706889 0.706574 
1710054081.073883 6.171370 -22.987538 1.062580 0.000193 -0.035377 -0.707474 0.705854 
1710054081.174688 6.173665 -23.083455 1.067031 0.003630 -0.039191 -0.706169 0.706949 
1710054081.275593 6.171170 -23.182384 1.063446 0.001336 -0.035517 -0.706915 0.706405 
1710054081.376489 6.165136 -23.264353 1.064122 0.002779 -0.038361 -0.706336 0.706831 
1710054081.477384 6.169010 -23.335532 1.057413 0.002544 -0.040552 -0.706575 0.706471 
1710054081.580194 6.163290 -23.434339 1.052974 0.002348 -0.041032 -0.706816 0.706202 
1710054081.683975 6.159160 -23.525981 1.055023 -0.000949 -0.032531 -0.706864 0.706601 
1710054081.780246 6.158966 -23.597229 1.071912 -0.003950 -0.032671 -0.708008 0.705437 
1710054081.880848 6.164889 -23.681651 1.091645 0.000393 -0.039494 -0.706405 0.706705 
1710054081.981717 6.149145 -23.789845 1.064679 -0.013194 -0.025461 -0.705283 0.708346 
1710054082.082532 6.120491 -23.891156 1.064146 -0.013670 -0.025976 -0.706109 0.707494 
1710054082.187868 6.106032 -23.984333 1.079490 -0.011553 -0.028790 -0.705358 0.708172 
1710054082.284249 6.109642 -24.069238 1.080684 -0.011050 -0.032285 -0.705701 0.707688 
1710054082.385091 6.124771 -24.175893 1.072804 -0.011825 -0.029526 -0.705328 0.708167 
1710054082.485851 6.140862 -24.263126 1.073523 -0.011927 -0.030078 -0.705485 0.707986 
1710054082.586944 6.153565 -24.341092 1.077209 -0.010793 -0.034118 -0.706723 0.706585 
1710054082.687623 6.158201 -24.435199 1.074698 -0.013150 -0.034259 -0.705286 0.707973 
1710054082.788609 6.145421 -24.534437 1.062493 -0.011485 -0.031115 -0.706657 0.706779 
1710054082.889578 6.135747 -24.617097 1.075760 -0.011348 -0.031438 -0.705412 0.708009 
1710054082.990176 6.145162 -24.696158 1.086542 -0.009676 -0.035133 -0.705423 0.707849 
1710054083.091355 6.157850 -24.805363 1.092308 -0.007137 -0.031017 -0.706103 0.707394 
1710054083.192059 6.168663 -24.895539 1.102623 -0.008381 -0.028966 -0.705836 0.707733 
1710054083.292717 6.177603 -24.965159 1.127575 -0.010233 -0.031030 -0.706500 0.706958 
1710054083.393589 6.165991 -25.056200 1.136500 -0.011764 -0.031432 -0.706221 0.707195 
1710054083.494519 6.157915 -25.161307 1.146381 -0.008453 -0.028380 -0.705514 0.708078 
1710054083.595304 6.145490 -25.248247 1.161062 -0.009640 -0.030123 -0.706314 0.707192 
1710054083.696324 6.143828 -25.324096 1.175843 -0.011861 -0.027534 -0.705569 0.708006 
1710054083.797049 6.154679 -25.423848 1.173769 -0.010424 -0.031663 -0.706131 0.707296 
1710054083.897927 6.156645 -25.521367 1.185868 -0.007125 -0.027262 -0.705624 0.708025 
1710054083.998765 6.165314 -25.603200 1.195289 -0.009146 -0.028725 -0.706178 0.707393 
1710054084.099976 6.163067 -25.688075 1.198650 -0.010954 -0.031006 -0.706261 0.707187 
1710054084.200728 6.159268 -25.792330 1.197111 -0.011009 -0.027835 -0.705286 0.708291 
1710054084.301615 6.166109 -25.889684 1.205800 -0.006837 -0.030190 -0.705880 0.707655 
1710054084.402183 6.154674 -25.965501 1.221813 -0.008258 -0.031047 -0.704820 0.708658 
1710054084.507846 6.164579 -26.053426 1.226903 -0.010076 -0.030153 -0.705948 0.707550 
1710054084.605595 6.172057 -26.164402 1.226444 -0.009422 -0.026172 -0.706449 0.707217 
1710054084.704817 6.184393 -26.268654 1.224274 -0.008604 -0.030432 -0.705889 0.707616 
1710054084.805834 6.191447 -26.348950 1.230644 -0.010024 -0.030597 -0.706796 0.706684 
1710054084.906647 6.185376 -26.449860 1.224053 -0.011799 -0.030007 -0.705636 0.707841 
1710054085.007400 6.170096 -26.555446 1.226547 -0.010517 -0.029392 -0.706381 0.707143 
1710054085.108354 6.157503 -26.637455 1.242730 -0.009701 -0.029751 -0.705367 0.708151 
1710054085.209045 6.156083 -26.713679 1.245522 -0.010232 -0.031648 -0.705369 0.708060 
1710054085.309897 6.156310 -26.812188 1.259627 -0.007177 -0.030898 -0.705382 0.708117 
1710054085.410843 6.176687 -26.904811 1.269195 -0.007958 -0.026162 -0.705426 0.708256 
1710054085.511882 6.183754 -26.974959 1.278187 -0.010460 -0.028737 -0.706857 0.706696 
1710054085.612720 6.192084 -27.059546 1.288102 -0.010154 -0.032085 -0.705879 0.707533 
1710054085.713485 6.187309 -27.167994 1.289489 -0.007563 -0.028685 -0.705210 0.708377 
1710054085.814291 6.176421 -27.270996 1.292742 -0.008901 -0.029624 -0.705828 0.707708 
1710054085.915173 6.176011 -27.345392 1.301313 -0.010298 -0.029633 -0.705091 0.708422 
1710054086.015924 6.175743 -27.446886 1.289014 -0.011432 -0.032457 -0.705602 0.707772 
1710054086.116814 6.186195 -27.553948 1.287615 -0.009595 -0.028643 -0.705930 0.707637 
1710054086.217775 6.191012 -27.631468 1.306983 -0.009065 -0.028034 -0.706240 0.707360 
1710054086.318714 6.195264 -27.708978 1.310230 -0.010245 -0.030934 -0.706205 0.707257 
1710054086.419366 6.196425 -27.813749 1.312560 -0.010357 -0.029392 -0.705106 0.708417 
1710054086.520726 6.203235 -27.900484 1.320304 -0.005918 -0.029575 -0.706372 0.707198 
1710054086.621114 6.205431 -27.980137 1.340825 -0.007516 -0.029826 -0.705775 0.707768 
1710054086.722129 6.200369 -28.069178 1.332327 -0.010379 -0.030637 -0.706211 0.707262 
1710054086.823002 6.194361 -28.187337 1.333674 -0.010485 -0.026600 -0.706407 0.707228 
1710054086.923654 6.205061 -28.278884 1.349654 -0.009253 -0.027849 -0.706306 0.707298 
1710054087.024533 6.210217 -28.351713 1.357770 -0.009474 -0.029875 -0.706816 0.706703 
1710054087.125371 6.205809 -28.469804 1.364911 -0.010465 -0.028196 -0.705925 0.707648 
1710054087.226227 6.221084 -28.567808 1.373452 -0.008701 -0.029636 -0.706758 0.706781 
1710054087.327095 6.226842 -28.651802 1.387870 -0.008982 -0.030321 -0.706100 0.707405 
1710054087.428081 6.229082 -28.746519 1.401927 -0.009001 -0.031457 -0.706320 0.707136 
1710054087.528882 6.231861 -28.857663 1.393423 -0.007523 -0.029306 -0.707077 0.706489 
1710054087.629692 6.221954 -28.949722 1.413779 -0.007635 -0.027346 -0.706383 0.707261 
1710054087.730649 6.221129 -29.031270 1.429079 -0.008807 -0.030580 -0.706454 0.707043 
1710054087.831599 6.216855 -29.123258 1.427626 -0.007744 -0.028201 -0.705961 0.707647 
1710054087.932375 6.224630 -29.227399 1.426597 -0.006049 -0.029283 -0.706105 0.707476 
1710054088.033128 6.230974 -29.312032 1.435170 -0.008196 -0.030860 -0.706524 0.706969 
1710054088.135423 6.232080 -29.386576 1.457193 -0.007281 -0.029488 -0.706598 0.706963 
1710054088.235695 6.235073 -29.492674 1.441184 -0.006685 -0.028992 -0.706429 0.707159 
1710054088.335685 6.235198 -29.597664 1.432160 -0.008145 -0.029596 -0.706356 0.707191 
1710054088.436538 6.239138 -29.678770 1.442604 -0.008972 -0.029868 -0.706944 0.706582 
1710054088.537529 6.239428 -29.763214 1.448391 -0.009977 -0.030844 -0.706183 0.707287 
1710054088.638284 6.226254 -29.875130 1.448384 -0.009903 -0.028400 -0.705789 0.707784 
1710054088.739458 6.222061 -29.967415 1.443815 -0.009341 -0.031056 -0.706209 0.707260 
1710054088.840166 6.228030 -30.049424 1.447068 -0.010044 -0.030914 -0.706445 0.707021 
1710054088.941181 6.235359 -30.142562 1.446508 -0.008842 -0.029567 -0.706767 0.706773 
1710054089.041709 6.242590 -30.255963 1.444950 -0.009807 -0.026401 -0.706603 0.707050 
1710054089.142564 6.247097 -30.337327 1.449201 -0.012484 -0.029924 -0.706756 0.706714 
1710054089.243417 6.254299 -30.413390 1.462324 -0.011796 -0.031692 -0.706780 0.706625 
1710054089.344368 6.251856 -30.516378 1.465279 -0.008951 -0.028019 -0.706532 0.707069 
1710054089.445320 6.236247 -30.611035 1.477791 -0.011116 -0.029459 -0.706109 0.707403 
1710054089.546204 6.233387 -30.686770 1.497397 -0.010546 -0.029831 -0.705914 0.707591 
1710054089.647029 6.237176 -30.777463 1.501607 -0.011400 -0.031148 -0.705901 0.707533 
1710054089.748045 6.242934 -30.881265 1.493604 -0.008770 -0.030111 -0.706013 0.707504 
1710054089.848833 6.243144 -30.971464 1.506719 -0.010478 -0.029132 -0.705889 0.707645 
1710054089.949577 6.250521 -31.050996 1.523274 -0.011195 -0.030556 -0.706376 0.707088 
1710054090.050525 6.250072 -31.145856 1.525128 -0.010992 -0.030619 -0.704936 0.708524 
1710054090.152607 6.252483 -31.255794 1.523813 -0.007766 -0.029488 -0.705518 0.708036 
1710054090.252330 6.247897 -31.336478 1.532933 -0.010434 -0.031244 -0.704784 0.708657 
1710054090.352858 6.240301 -31.419532 1.540611 -0.011219 -0.032054 -0.705208 0.708186 
1710054090.453919 6.248196 -31.523390 1.536611 -0.009991 -0.029722 -0.705708 0.707808 
1710054090.554707 6.250583 -31.626345 1.534976 -0.010813 -0.028330 -0.705572 0.707989 
1710054090.655444 6.258672 -31.709081 1.546180 -0.012192 -0.031866 -0.703857 0.709522 
1710054090.756805 6.274054 -31.792853 1.558005 -0.018376 -0.026388 -0.693922 0.719332 
1710054090.857228 6.305859 -31.898464 1.563633 -0.022027 -0.021604 -0.681322 0.731334 
1710054090.958045 6.323675 -31.991046 1.578058 -0.027115 -0.020022 -0.662878 0.747968 
1710054091.058916 6.336815 -32.064981 1.587891 -0.032086 -0.016940 -0.646292 0.762227 
1710054091.159777 6.360643 -32.162121 1.594139 -0.029221 -0.019449 -0.631259 0.774777 
1710054091.260600 6.381352 -32.265664 1.609917 -0.031240 -0.013133 -0.614017 0.788565 
1710054091.361454 6.411318 -32.348753 1.619573 -0.031400 -0.018031 -0.597713 0.800892 
1710054091.463885 6.442795 -32.422229 1.623824 -0.033815 -0.016642 -0.580840 0.813145 
1710054091.563301 6.478735 -32.514398 1.627994 -0.032929 -0.015042 -0.562623 0.825921 
1710054091.666070 6.516403 -32.610178 1.637067 -0.032112 -0.014859 -0.543967 0.838360 
1710054091.765115 6.552122 -32.682637 1.657635 -0.035846 -0.014925 -0.520223 0.853147 
1710054091.865877 6.595127 -32.766461 1.647202 -0.040598 -0.017135 -0.496264 0.867052 
1710054091.966631 6.658333 -32.858852 1.645207 -0.040676 -0.011751 -0.474802 0.879073 
1710054092.067521 6.702443 -32.937808 1.645903 -0.043789 -0.012105 -0.450583 0.891578 
1710054092.168512 6.757953 -33.001294 1.664435 -0.045451 -0.013878 -0.426935 0.903033 
1710054092.270392 6.828106 -33.062851 1.666673 -0.049632 -0.012087 -0.400329 0.914946 
1710054092.370072 6.910578 -33.135972 1.668895 -0.047476 -0.012094 -0.375172 0.925660 
1710054092.470917 6.986972 -33.191779 1.688031 -0.048349 -0.011740 -0.344362 0.937518 
1710054092.571775 7.060534 -33.228992 1.695595 -0.054883 -0.012249 -0.306856 0.950093 
1710054092.672642 7.162422 -33.278770 1.697863 -0.056338 -0.013267 -0.273018 0.960266 
1710054092.774022 7.262511 -33.331138 1.698492 -0.061895 -0.009784 -0.235300 0.969901 
1710054092.874480 7.334711 -33.359135 1.705192 -0.061700 -0.012225 -0.200794 0.977612 
1710054092.975231 7.421514 -33.383713 1.706587 -0.067133 -0.012439 -0.162514 0.984341 
1710054093.076437 7.526999 -33.394882 1.696785 -0.067685 -0.011696 -0.128586 0.989317 
1710054093.176929 7.592194 -33.402033 1.719402 -0.064470 -0.010206 -0.087974 0.993982 
1710054093.277819 7.663990 -33.395195 1.740206 -0.064396 -0.013213 -0.048838 0.996641 
1710054093.378663 7.747661 -33.385073 1.739999 -0.062278 -0.014660 -0.011357 0.997887 
1710054093.479526 7.858272 -33.368808 1.730067 -0.067434 -0.011099 0.022275 0.997413 
1710054093.580435 7.933898 -33.332780 1.733229 -0.065554 -0.012789 0.055950 0.996197 
1710054093.681447 7.996803 -33.302099 1.727924 -0.058479 -0.013162 0.073641 0.995482 
1710054093.782306 8.083389 -33.260801 1.725791 -0.052813 -0.012424 0.091989 0.994281 
1710054093.883237 8.171234 -33.233382 1.712695 -0.043348 -0.008137 0.095435 0.994458 
1710054093.984009 8.252592 -33.213005 1.736797 -0.034666 -0.008912 0.095063 0.994828 
1710054094.084824 8.344809 -33.192683 1.737673 -0.030253 -0.009055 0.094209 0.995051 
1710054094.185708 8.452860 -33.154085 1.747857 -0.029238 -0.006717 0.090590 0.995436 
1710054094.286510 8.534497 -33.119045 1.737767 -0.023508 -0.006873 0.075339 0.996857 
1710054094.387361 8.604324 -33.092352 1.737615 -0.015472 -0.009416 0.052383 0.998463 
1710054094.488096 8.694484 -33.089355 1.732802 -0.010033 -0.010974 0.026665 0.999534 
1710054094.589050 8.784491 -33.083727 1.726750 -0.008455 -0.009347 0.004237 0.999912 
1710054094.689831 8.880304 -33.125602 1.732747 -0.007215 -0.011984 -0.019192 0.999718 
1710054094.790776 8.967737 -33.147198 1.734999 -0.014391 -0.012169 -0.028572 0.999414 
1710054094.891666 9.075478 -33.163928 1.753746 -0.020095 -0.014377 -0.034394 0.999103 
1710054094.992432 9.192433 -33.179482 1.749883 -0.029760 -0.009984 -0.032488 0.998979 
1710054095.093424 9.263075 -33.174360 1.763037 -0.029177 -0.009774 -0.034205 0.998941 
1710054095.194120 9.348650 -33.186187 1.756383 -0.031822 -0.013012 -0.033075 0.998861 
1710054095.294977 9.448735 -33.187941 1.760057 -0.029240 -0.012438 -0.032025 0.998982 
1710054095.395889 9.532466 -33.190611 1.771343 -0.027576 -0.011235 -0.033387 0.998999 
1710054095.496850 9.600695 -33.189590 1.781024 -0.028332 -0.013022 -0.031869 0.999006 
1710054095.597570 9.698705 -33.193578 1.788479 -0.033039 -0.015465 -0.026460 0.998984 
1710054095.698470 9.828337 -33.195217 1.797041 -0.043009 -0.010855 -0.013591 0.998923 
1710054095.799523 9.923313 -33.180374 1.811543 -0.046373 -0.011582 0.002739 0.998853 
1710054095.900288 9.990644 -33.157761 1.819098 -0.049982 -0.013333 0.016084 0.998532 
1710054096.001019 10.085964 -33.132468 1.820103 -0.048002 -0.013979 0.022009 0.998507 
1710054096.102011 10.188435 -33.109284 1.825372 -0.037763 -0.010991 0.020925 0.999007 
1710054096.202985 10.250244 -33.093808 1.829601 -0.035167 -0.012003 0.022940 0.999046 
1710054096.303783 10.326929 -33.061734 1.805727 -0.027141 -0.013775 0.016340 0.999403 
1710054096.404453 10.453231 -33.054164 1.806325 -0.026011 -0.012337 0.014599 0.999479 
1710054096.505289 10.537238 -33.039122 1.799427 -0.028233 -0.010918 0.013698 0.999448 
1710054096.606175 10.623040 -33.039629 1.801413 -0.030209 -0.012940 0.012028 0.999387 
1710054096.707118 10.700758 -33.042139 1.815856 -0.028957 -0.014316 0.012219 0.999403 
1710054096.808192 10.807615 -33.056260 1.800191 -0.030347 -0.011821 0.012099 0.999396 
1710054096.908732 10.896304 -33.074841 1.800924 -0.031280 -0.013453 0.012529 0.999342 
1710054097.011868 10.977124 -33.079004 1.815526 -0.031009 -0.014145 0.013336 0.999330 
1710054097.110780 11.078854 -33.081783 1.820723 -0.028184 -0.015123 0.013665 0.999395 
1710054097.212094 11.198602 -33.064432 1.813662 -0.030752 -0.013067 0.012985 0.999357 
1710054097.313682 11.275378 -33.050377 1.817626 -0.031251 -0.013534 0.012218 0.999345 
1710054097.419963 11.350699 -33.045489 1.830366 -0.030128 -0.014849 0.012750 0.999354 
1710054097.516084 11.464173 -33.040206 1.826821 -0.029184 -0.014181 0.013654 0.999380 
1710054097.614958 11.561139 -33.037174 1.824873 -0.028388 -0.011694 0.012608 0.999449 
1710054097.715943 11.646642 -33.034816 1.826303 -0.030069 -0.013097 0.013315 0.999373 
1710054097.816673 11.747038 -33.025654 1.817293 -0.028859 -0.014542 0.012738 0.999397 
1710054097.917467 11.874678 -33.016658 1.779510 -0.031523 -0.013544 0.013066 0.999326 
1710054098.018266 11.964249 -32.998955 1.771565 -0.030488 -0.014393 0.015702 0.999308 
1710054098.119533 12.040308 -32.994690 1.775380 -0.030264 -0.014327 0.014383 0.999336 
1710054098.220251 12.145268 -32.985153 1.770901 -0.030895 -0.014837 0.015031 0.999299 
1710054098.320821 12.261379 -33.004224 1.763011 -0.030619 -0.013950 0.014903 0.999323 
1710054098.421635 12.339827 -33.034836 1.766726 -0.030745 -0.014773 0.009971 0.999368 
1710054098.522482 12.423299 -33.046859 1.776729 -0.025227 -0.013509 -0.005717 0.999574 
1710054098.623334 12.491696 -33.075453 1.760864 -0.017190 -0.013779 -0.027324 0.999384 
1710054098.724352 12.545656 -33.078454 1.795211 -0.008485 -0.011544 -0.059184 0.998144 
1710054098.827573 12.588386 -33.087905 1.840348 0.002236 -0.014690 -0.097443 0.995130 
1710054098.925965 12.659004 -33.117390 1.854322 0.000088 -0.016517 -0.131657 0.991158 
1710054099.026909 12.775870 -33.170704 1.869605 0.003075 -0.015615 -0.161383 0.986763 
1710054099.127705 12.838396 -33.216011 1.889482 0.001983 -0.016799 -0.195437 0.980570 
1710054099.229856 12.909425 -33.274922 1.884718 -0.002169 -0.022757 -0.227938 0.973407 
1710054099.329354 12.981937 -33.340187 1.875641 -0.002770 -0.023322 -0.260111 0.965293 
1710054099.430604 13.081297 -33.412912 1.872500 -0.002820 -0.023384 -0.288094 0.957312 
1710054099.531164 13.119006 -33.466861 1.887505 -0.001993 -0.023143 -0.317891 0.947843 
1710054099.632220 13.242177 -33.536252 1.912847 -0.005400 -0.022382 -0.340425 0.939990 
1710054099.732946 13.332034 -33.613631 1.892113 -0.013212 -0.021754 -0.346737 0.937617 
1710054099.833994 13.410878 -33.669312 1.891777 -0.017381 -0.021213 -0.346331 0.937711 
1710054099.934509 13.465659 -33.730403 1.903298 -0.023924 -0.021300 -0.345296 0.937947 
1710054100.035393 13.540998 -33.781581 1.904267 -0.021915 -0.019645 -0.345245 0.938051 
1710054100.137082 13.621684 -33.857106 1.900180 -0.031485 -0.016988 -0.346228 0.937468 
1710054100.237185 13.676711 -33.914561 1.920594 -0.028098 -0.019217 -0.346213 0.937538 
1710054100.337965 13.739599 -33.971830 1.931814 -0.024711 -0.021506 -0.345307 0.937918 
1710054100.438897 13.834890 -34.027379 1.919528 -0.026356 -0.018287 -0.344885 0.938097 
1710054100.539667 13.918268 -34.077263 1.931799 -0.023888 -0.020333 -0.345137 0.938028 
1710054100.640683 13.981570 -34.113321 1.949265 -0.025905 -0.019676 -0.341159 0.939442 
1710054100.742135 14.060712 -34.160179 1.958363 -0.028737 -0.020535 -0.330003 0.943319 
1710054100.842531 14.172803 -34.202716 1.934658 -0.035530 -0.016282 -0.313771 0.948694 
1710054100.943160 14.274691 -34.228092 1.944633 -0.043418 -0.014098 -0.293438 0.954888 
1710054101.044193 14.353229 -34.255364 1.956887 -0.045887 -0.015689 -0.274760 0.960289 
1710054101.145033 14.462471 -34.281595 1.950741 -0.048773 -0.015585 -0.255260 0.965516 
1710054101.245683 14.567316 -34.299753 1.948382 -0.047345 -0.012109 -0.236849 0.970317 
1710054101.346560 14.642365 -34.337324 1.960612 -0.048819 -0.015605 -0.215107 0.975245 
1710054101.448571 14.717997 -34.369773 1.981738 -0.048637 -0.018201 -0.195605 0.979307 
1710054101.548390 14.811433 -34.414128 1.978737 -0.045376 -0.015071 -0.175440 0.983328 
1710054101.651504 14.916868 -34.433726 1.970216 -0.051006 -0.013740 -0.154989 0.986503 
1710054101.750005 14.981862 -34.458051 1.979644 -0.050685 -0.016231 -0.136763 0.989173 
1710054101.850908 15.074994 -34.465533 1.987857 -0.051876 -0.016681 -0.117689 0.991554 
1710054101.951706 15.170620 -34.480827 1.984880 -0.051937 -0.014330 -0.098996 0.993628 
1710054102.052646 15.249540 -34.490184 2.010081 -0.051473 -0.014217 -0.077514 0.995560 
1710054102.153645 15.333130 -34.477717 2.030434 -0.049803 -0.015034 -0.057150 0.997009 
1710054102.254342 15.428335 -34.477391 2.029940 -0.046716 -0.019506 -0.035395 0.998090 
1710054102.355224 15.556873 -34.469273 2.028691 -0.055259 -0.013363 -0.009950 0.998333 
1710054102.456015 15.659190 -34.452900 2.029872 -0.059073 -0.015379 0.019453 0.997946 
1710054102.557775 15.747409 -34.424462 2.029738 -0.061259 -0.017381 0.053255 0.996549 
1710054102.657711 15.831708 -34.371736 2.015647 -0.069820 -0.016140 0.089237 0.993429 
1710054102.759868 15.927486 -34.329486 2.019180 -0.070071 -0.014740 0.126043 0.989437 
1710054102.860371 15.986390 -34.295008 2.029761 -0.067911 -0.016807 0.163652 0.984034 
1710054102.960305 16.071239 -34.223561 2.035673 -0.063596 -0.019395 0.197211 0.978104 
1710054103.061149 16.147549 -34.145255 2.040180 -0.072620 -0.016080 0.228614 0.970672 
1710054103.162157 16.224722 -34.074059 2.024570 -0.070191 -0.017273 0.262969 0.962093 
1710054103.262863 16.269151 -34.007127 2.025480 -0.066419 -0.018662 0.294580 0.953133 
1710054103.363743 16.320098 -33.923213 2.021898 -0.069710 -0.018492 0.324807 0.943027 
1710054103.465500 16.380609 -33.843619 2.017700 -0.070807 -0.015944 0.354220 0.932341 
1710054103.565782 16.432025 -33.766042 2.021444 -0.066171 -0.014870 0.387567 0.919343 
1710054103.666313 16.466313 -33.688852 2.013948 -0.060877 -0.015451 0.415909 0.907235 
1710054103.767165 16.504063 -33.578246 2.017724 -0.057794 -0.013917 0.438525 0.896751 
1710054103.868089 16.541725 -33.488011 2.010229 -0.063535 -0.011651 0.457905 0.886652 
1710054103.968874 16.543349 -33.418689 2.004340 -0.053740 -0.010464 0.470304 0.880804 
1710054104.069844 16.562437 -33.340908 1.989098 -0.043811 -0.007447 0.474645 0.879055 
1710054104.170689 16.575306 -33.231584 1.973195 -0.042507 -0.000745 0.471952 0.880599 
1710054104.271458 16.588792 -33.145261 1.960660 -0.033150 0.002470 0.459269 0.887675 
1710054104.372315 16.599882 -33.062330 1.972381 -0.018882 0.007451 0.440320 0.897612 
1710054104.473160 16.641152 -32.977212 1.956704 -0.010295 0.007096 0.413850 0.910259 
1710054104.574020 16.671203 -32.885528 1.952132 -0.009846 0.008637 0.381232 0.924387 
1710054104.674882 16.728383 -32.847153 1.968620 -0.007777 0.010525 0.341451 0.939808 
1710054104.775998 16.793693 -32.782078 1.979072 -0.004847 0.007495 0.304947 0.952328 
1710054104.876984 16.884629 -32.693075 1.965893 -0.008985 0.004839 0.272309 0.962156 
1710054104.977490 16.963889 -32.629816 1.948934 -0.005946 0.009484 0.234113 0.972145 
1710054105.078348 17.031935 -32.584202 1.958193 -0.004860 0.008935 0.198893 0.979968 
1710054105.179189 17.112097 -32.551980 1.955926 -0.005206 0.010291 0.160078 0.987037 
1710054105.280558 17.229366 -32.486051 1.954463 -0.008504 0.015752 0.129197 0.991457 
1710054105.381103 17.324709 -32.459288 1.948421 -0.008882 0.021462 0.093762 0.995324 
1710054105.481977 17.428910 -32.430709 1.952085 -0.011464 0.022793 0.069951 0.997224 
1710054105.582708 17.559730 -32.402200 1.974312 -0.025561 0.022087 0.057032 0.997801 
1710054105.683499 17.687301 -32.366906 1.958960 -0.032912 0.024434 0.053295 0.997737 
1710054105.784548 17.788334 -32.347964 1.955632 -0.039607 0.026699 0.051573 0.997526 
1710054105.885292 17.861032 -32.314616 1.937394 -0.041702 0.027171 0.053568 0.997323 
1710054105.986112 17.949967 -32.295532 1.917757 -0.038885 0.026920 0.052819 0.997484 
1710054106.087062 18.051930 -32.261941 1.906224 -0.042773 0.029675 0.052396 0.997269 
1710054106.187871 18.127646 -32.237401 1.901494 -0.043222 0.030673 0.051693 0.997256 
1710054106.289921 18.200427 -32.218340 1.888934 -0.037512 0.031910 0.049247 0.997572 
1710054106.389517 18.294574 -32.190597 1.887211 -0.041201 0.031567 0.045891 0.997597 
1710054106.490344 18.374064 -32.158036 1.868083 -0.039728 0.034782 0.042277 0.997710 
1710054106.591303 18.466290 -32.131485 1.874568 -0.038834 0.030014 0.045692 0.997749 
1710054106.693668 18.536917 -32.106141 1.884735 -0.034181 0.025562 0.045744 0.998041 
1710054106.793142 18.649189 -32.076308 1.885734 -0.032732 0.021042 0.040065 0.998439 
1710054106.893871 18.727546 -32.007764 1.892434 -0.027758 0.020769 0.025831 0.999065 
1710054106.994654 18.809105 -31.998140 1.873334 -0.017992 0.016395 0.007542 0.999675 
1710054107.095711 18.912941 -32.005401 1.830577 -0.022825 0.009004 0.000906 0.999699 
1710054107.196378 19.011836 -32.000869 1.820592 -0.028503 0.009100 -0.000633 0.999552 
1710054107.297272 19.100180 -31.995502 1.849260 -0.035909 0.003388 0.000815 0.999349 
1710054107.398364 19.183235 -31.978124 1.863217 -0.035050 0.001188 0.002325 0.999382 
1710054107.499150 19.300243 -31.975646 1.820530 -0.041266 -0.000287 0.000496 0.999148 
1710054107.599936 19.394230 -31.967544 1.803539 -0.043540 0.002380 0.003955 0.999041 
1710054107.700808 19.457210 -31.942525 1.817769 -0.043494 0.002949 0.017077 0.998903 
1710054107.801533 19.514294 -31.945456 1.812736 -0.050835 0.002793 0.035455 0.998074 
1710054107.902471 19.600740 -31.917457 1.824950 -0.058947 0.002552 0.059582 0.996478 
1710054108.003375 19.681046 -31.884589 1.844231 -0.060127 0.002941 0.087153 0.994374 
1710054108.104170 19.749413 -31.843117 1.871382 -0.059741 0.000073 0.113422 0.991749 
1710054108.206114 19.843627 -31.793396 1.883680 -0.052330 -0.000561 0.126300 0.990611 
1710054108.305821 19.983887 -31.726595 1.858269 -0.048717 0.004088 0.131918 0.990054 
1710054108.406702 20.087899 -31.658157 1.862576 -0.044594 0.005187 0.130606 0.990417 
1710054108.507574 20.163399 -31.612038 1.850162 -0.036810 0.004196 0.129978 0.990824 
1710054108.608472 20.233743 -31.571925 1.830070 -0.037329 0.005732 0.128720 0.990962 
1710054108.709437 20.369701 -31.507025 1.823719 -0.041271 0.009474 0.131478 0.990414 
1710054108.810211 20.423486 -31.463383 1.832458 -0.042273 0.009939 0.129073 0.990684 
1710054108.911489 20.496876 -31.428530 1.835360 -0.041002 0.011198 0.131033 0.990466 
1710054109.011843 20.597436 -31.397633 1.806105 -0.038222 0.011825 0.129663 0.990751 
1710054109.112695 20.683472 -31.366070 1.781771 -0.040448 0.011309 0.129248 0.990723 
1710054109.213576 20.764909 -31.337576 1.790651 -0.040081 0.011201 0.128777 0.990800 
1710054109.314605 20.831721 -31.305292 1.800429 -0.037189 0.010257 0.129741 0.990797 
1710054109.415383 20.938524 -31.292084 1.791348 -0.037260 0.011284 0.129576 0.990805 
1710054109.516355 21.041850 -31.290879 1.776365 -0.035240 0.009649 0.129873 0.990857 
1710054109.617063 21.108606 -31.265594 1.764871 -0.034049 0.005627 0.132154 0.990628 
1710054109.717864 21.160257 -31.221931 1.765396 -0.038177 0.002471 0.137959 0.989699 
1710054109.818699 21.193753 -31.135195 1.760966 -0.044608 0.002873 0.149616 0.987733 
1710054109.919639 21.246461 -31.079522 1.777722 -0.050932 0.000106 0.169395 0.984231 
1710054110.020511 21.265821 -31.022286 1.778516 -0.053656 -0.004957 0.188853 0.980526 
1710054110.121312 21.345071 -30.974659 1.781373 -0.057586 -0.003667 0.211538 0.975665 
1710054110.222154 21.441164 -30.914580 1.782421 -0.057480 -0.004105 0.233378 0.970677 
1710054110.323021 21.530140 -30.888143 1.807893 -0.055961 -0.004420 0.251582 0.966207 
1710054110.423906 21.684164 -30.907817 1.817355 -0.050854 -0.003674 0.263355 0.963351 
1710054110.524723 21.852814 -30.911688 1.800136 -0.043323 -0.000234 0.265807 0.963052 
1710054110.625586 21.978732 -30.889633 1.789883 -0.039373 0.000791 0.264908 0.963469 
1710054110.726547 22.071736 -30.858604 1.795452 -0.036552 0.000063 0.264942 0.963571 
1710054110.827442 22.165003 -30.818418 1.786101 -0.037239 -0.001825 0.265877 0.963286 
1710054110.928612 22.275303 -30.758605 1.783825 -0.038559 0.002706 0.268562 0.962487 
1710054111.029072 22.386280 -30.692156 1.786501 -0.040700 0.001031 0.280210 0.959075 
1710054111.129953 22.488718 -30.650315 1.797395 -0.050228 -0.003056 0.301550 0.952122 
1710054111.230773 22.585336 -30.584987 1.801929 -0.055975 -0.002800 0.323530 0.944557 
1710054111.331822 22.659530 -30.523734 1.795596 -0.062265 -0.002492 0.345244 0.936442 
1710054111.432702 22.678251 -30.479102 1.794884 -0.059534 -0.004733 0.360365 0.930898 
1710054111.533955 22.713788 -30.431061 1.781061 -0.054454 -0.005018 0.369897 0.927462 
1710054111.634410 22.750702 -30.369083 1.748029 -0.046789 -0.000215 0.372535 0.926838 
1710054111.735044 22.804132 -30.308645 1.754429 -0.040677 0.001365 0.370908 0.927777 
1710054111.835916 22.856882 -30.250929 1.762930 -0.037932 0.002882 0.371922 0.927484 
1710054111.937246 22.917927 -30.193907 1.758665 -0.035481 0.001596 0.370943 0.927976 
1710054112.037710 23.006023 -30.119132 1.756670 -0.039392 0.005079 0.371122 0.927734 
1710054112.138670 23.080138 -30.051760 1.763576 -0.040246 0.004313 0.373165 0.926882 
1710054112.240003 23.155994 -29.986122 1.782474 -0.043804 0.002677 0.383575 0.922467 
1710054112.341838 23.252526 -29.896183 1.775130 -0.052278 -0.001123 0.402657 0.913856 
1710054112.441358 23.332237 -29.808130 1.763010 -0.056220 0.000716 0.420679 0.905466 
1710054112.541990 23.358266 -29.745037 1.762088 -0.057326 -0.001688 0.434673 0.898761 
1710054112.642776 23.376285 -29.695077 1.743371 -0.052421 -0.000656 0.439735 0.896596 
1710054112.743995 23.402652 -29.634379 1.731943 -0.047577 0.004244 0.440140 0.896658 
1710054112.844571 23.452629 -29.573806 1.720456 -0.043417 0.006638 0.439446 0.897195 
1710054112.945438 23.514138 -29.505145 1.722263 -0.039498 0.006579 0.441919 0.896161 
1710054113.046370 23.586245 -29.407399 1.740216 -0.047012 0.003511 0.452800 0.890365 
1710054113.147168 23.648562 -29.308676 1.733337 -0.053629 0.002619 0.468027 0.882082 
1710054113.248270 23.676123 -29.237146 1.729474 -0.052732 0.002773 0.476448 0.877616 
1710054113.348999 23.691844 -29.190530 1.717278 -0.049487 0.003543 0.478912 0.876460 
1710054113.449971 23.720018 -29.106558 1.705344 -0.041777 0.006424 0.478094 0.877291 
1710054113.550574 23.768212 -29.019588 1.702863 -0.045240 0.009625 0.477147 0.877605 
1710054113.651421 23.802515 -28.951545 1.706960 -0.042387 0.008696 0.477293 0.877678 
1710054113.752258 23.841359 -28.879292 1.700236 -0.040931 0.007199 0.477222 0.877799 
1710054113.853358 23.893967 -28.793842 1.680508 -0.040824 0.009924 0.478628 0.877012 
1710054113.954018 23.954879 -28.717591 1.683615 -0.041016 0.010307 0.477213 0.877769 
1710054114.054902 24.011130 -28.654295 1.702279 -0.040423 0.007808 0.478249 0.877259 
1710054114.155847 24.066763 -28.585584 1.686433 -0.037997 0.007395 0.478120 0.877441 
1710054114.260099 24.130045 -28.480194 1.670884 -0.040753 0.009813 0.477284 0.877749 
1710054114.357383 24.164180 -28.394324 1.657819 -0.040415 0.008036 0.477567 0.877629 
1710054114.458251 24.213475 -28.327561 1.659910 -0.039453 0.006096 0.477110 0.877937 
1710054114.559103 24.269576 -28.236027 1.652411 -0.039280 0.005285 0.479620 0.876581 
1710054114.660089 24.333325 -28.156829 1.646436 -0.039894 0.008600 0.477361 0.877759 
1710054114.760831 24.386873 -28.092934 1.653411 -0.040210 0.007616 0.477888 0.877467 
1710054114.861692 24.440618 -28.014707 1.655514 -0.040760 0.006067 0.480443 0.876057 
1710054114.962612 24.514976 -27.885351 1.671771 -0.045455 0.005140 0.490166 0.870428 
1710054115.064426 24.561857 -27.776638 1.656873 -0.054515 0.002963 0.505909 0.860857 
1710054115.164352 24.574408 -27.708605 1.638386 -0.054571 -0.000485 0.519908 0.852477 
1710054115.265286 24.609624 -27.642235 1.623945 -0.051164 -0.002427 0.525674 0.849142 
1710054115.366434 24.645353 -27.591273 1.623567 -0.045959 0.004565 0.526918 0.848660 
1710054115.467024 24.695564 -27.523918 1.628272 -0.041586 0.006944 0.525753 0.849592 
1710054115.567852 24.737407 -27.471430 1.627458 -0.038878 0.007535 0.527334 0.848735 
1710054115.668632 24.779237 -27.399522 1.609703 -0.035508 0.007195 0.527136 0.849008 
1710054115.769483 24.824703 -27.304710 1.611991 -0.040485 0.010032 0.527089 0.848786 
1710054115.870362 24.856463 -27.234263 1.620453 -0.040498 0.009063 0.526550 0.849131 
1710054115.971328 24.890338 -27.152447 1.610890 -0.040008 0.007905 0.526370 0.849277 
1710054116.072225 24.932049 -27.039811 1.593366 -0.041458 0.007770 0.529348 0.847355 
1710054116.172873 24.957209 -26.927170 1.577006 -0.044261 0.008216 0.537855 0.841835 
1710054116.274026 24.965144 -26.818918 1.579301 -0.050768 0.003448 0.553025 0.831610 
1710054116.374613 25.012163 -26.728502 1.577252 -0.051442 0.000236 0.569568 0.820333 
1710054116.475434 25.060207 -26.639274 1.572192 -0.053376 0.003787 0.578593 0.813859 
1710054116.576289 25.101159 -26.582291 1.585161 -0.050255 0.005049 0.583445 0.810580 
1710054116.677382 25.139682 -26.518813 1.578916 -0.044431 0.008482 0.582360 0.811672 
1710054116.778189 25.177329 -26.431845 1.573354 -0.044706 0.007945 0.583760 0.810655 
1710054116.878879 25.215368 -26.338674 1.559906 -0.042196 0.010253 0.583554 0.810912 
1710054116.979835 25.239234 -26.247907 1.548116 -0.042746 0.010838 0.585955 0.809143 
1710054117.080653 25.250655 -26.168982 1.530065 -0.045164 0.007769 0.596406 0.801373 
1710054117.181703 25.275781 -26.070676 1.509522 -0.051701 0.005176 0.610026 0.790676 
1710054117.282481 25.287698 -25.963861 1.526072 -0.056208 0.003331 0.624736 0.778803 
1710054117.383634 25.299483 -25.896337 1.537678 -0.052393 0.004779 0.628273 0.776212 
1710054117.484302 25.331937 -25.803487 1.526413 -0.049724 0.008213 0.629301 0.775526 
1710054117.585061 25.355156 -25.675742 1.509052 -0.045493 0.014026 0.629285 0.775715 
1710054117.685744 25.368607 -25.599864 1.498460 -0.044456 0.014343 0.631086 0.774305 
1710054117.786649 25.366690 -25.531343 1.482634 -0.045887 0.011689 0.641637 0.765546 
1710054117.887470 25.362119 -25.461235 1.451007 -0.050906 0.008833 0.655900 0.753077 
1710054117.988731 25.383948 -25.335687 1.450189 -0.057344 0.005776 0.668529 0.741449 
1710054118.096600 25.390751 -25.263236 1.476211 -0.055822 0.008467 0.675077 0.735584 
1710054118.190907 25.386059 -25.177834 1.467047 -0.051982 0.012758 0.675794 0.735145 
1710054118.291878 25.389776 -25.045617 1.461815 -0.050020 0.014983 0.677221 0.733925 
1710054118.391789 25.401389 -24.937405 1.446555 -0.046593 0.020085 0.675454 0.735655 
1710054118.492654 25.405567 -24.847796 1.437360 -0.044876 0.020239 0.676165 0.735104 
1710054118.593477 25.413675 -24.764497 1.429037 -0.045039 0.020785 0.675243 0.735925 
1710054118.694521 25.417735 -24.651995 1.409747 -0.046701 0.022983 0.674717 0.736239 
1710054118.795267 25.413419 -24.570228 1.400990 -0.047358 0.019910 0.675675 0.735408 
1710054118.896059 25.419255 -24.504375 1.399782 -0.046720 0.019398 0.674798 0.736266 
1710054118.997027 25.425483 -24.421834 1.379082 -0.048943 0.020148 0.675838 0.735147 
1710054119.097805 25.439328 -24.332529 1.371717 -0.048232 0.020233 0.679291 0.732003 
1710054119.198795 25.469737 -24.251587 1.379396 -0.050520 0.016761 0.683718 0.727802 
1710054119.299590 25.486103 -24.166630 1.378466 -0.050579 0.016006 0.682549 0.728912 
1710054119.400634 25.490502 -24.064826 1.352040 -0.049122 0.019374 0.680733 0.730626 
1710054119.503917 25.497102 -23.960007 1.350022 -0.048362 0.020268 0.682343 0.729149 
1710054119.602078 25.480315 -23.894531 1.345332 -0.047436 0.018475 0.685113 0.726656 
1710054119.702933 25.470755 -23.802791 1.338273 -0.048685 0.014666 0.691439 0.720644 
1710054119.807853 25.477008 -23.700156 1.321100 -0.048864 0.018522 0.690320 0.721615 
1710054119.904771 25.480557 -23.612806 1.311633 -0.047291 0.020242 0.690225 0.721764 
1710054120.005847 25.505136 -23.530169 1.308949 -0.045887 0.019650 0.690622 0.721491 
1710054120.106622 25.514365 -23.430070 1.293705 -0.046070 0.020626 0.689103 0.722903 
1710054120.207449 25.515236 -23.330192 1.283296 -0.047805 0.020092 0.689655 0.722279 
1710054120.308132 25.518811 -23.244000 1.278586 -0.045399 0.020312 0.690279 0.721832 
1710054120.410124 25.529251 -23.153939 1.273931 -0.045683 0.018554 0.690455 0.721693 
1710054120.509818 25.536427 -23.052708 1.262549 -0.046857 0.019265 0.690059 0.721978 
1710054120.610660 25.521444 -22.955822 1.271166 -0.045482 0.020258 0.690530 0.721588 
1710054120.711542 25.515598 -22.889166 1.268725 -0.044635 0.019657 0.690636 0.721556 
1710054120.815070 25.518685 -22.803465 1.255204 -0.043620 0.018887 0.691012 0.721279 
1710054120.913258 25.534803 -22.698486 1.246037 -0.047649 0.019482 0.689606 0.722353 
1710054121.014452 25.552291 -22.607121 1.256338 -0.047630 0.018606 0.690451 0.721569 
1710054121.115139 25.550394 -22.523743 1.248705 -0.045588 0.018000 0.689266 0.722849 
1710054121.215844 25.533060 -22.427354 1.216644 -0.045245 0.019064 0.689998 0.722144 
1710054121.316894 25.520995 -22.324593 1.213756 -0.045826 0.019576 0.689788 0.722294 
1710054121.417818 25.521152 -22.242408 1.220671 -0.045265 0.018045 0.690247 0.721931 
1710054121.521204 25.517383 -22.143441 1.203598 -0.043237 0.017009 0.690531 0.721809 
1710054121.619356 25.519364 -22.033423 1.178689 -0.045429 0.018678 0.689171 0.722932 
1710054121.720201 25.524631 -21.929041 1.173336 -0.045030 0.018486 0.689634 0.722520 
1710054121.820958 25.534715 -21.845494 1.180886 -0.044122 0.016929 0.690901 0.721404 
1710054121.921832 25.535499 -21.753879 1.183605 -0.049491 0.008323 0.698905 0.713451 
1710054122.022830 25.533090 -21.635942 1.171159 -0.053302 0.009965 0.710012 0.702099 
1710054122.123615 25.531426 -21.557298 1.151081 -0.051761 0.009772 0.718019 0.694027 
1710054122.224490 25.525740 -21.493612 1.139871 -0.048265 0.010672 0.720645 0.691540 
1710054122.325336 25.516889 -21.405603 1.137776 -0.046596 0.015737 0.719608 0.692637 
1710054122.426132 25.500763 -21.297873 1.122274 -0.046543 0.016843 0.718953 0.693294 
1710054122.526987 25.492169 -21.233295 1.122712 -0.042543 0.017332 0.719329 0.693149 
1710054122.628569 25.489181 -21.157165 1.127797 -0.043868 0.016051 0.718657 0.693794 
1710054122.732906 25.495202 -21.042873 1.109795 -0.043932 0.018028 0.719324 0.693049 
1710054122.829585 25.503065 -20.940438 1.112158 -0.043657 0.016788 0.719215 0.693212 
1710054122.930465 25.498064 -20.870334 1.112512 -0.042540 0.016548 0.719827 0.692651 
1710054123.031470 25.501731 -20.762236 1.090865 -0.040137 0.015667 0.718215 0.694486 
1710054123.132188 25.492140 -20.644052 1.073955 -0.043668 0.016912 0.719165 0.693260 
1710054123.233094 25.471445 -20.556406 1.073875 -0.042715 0.016976 0.719000 0.693489 
1710054123.333909 25.463496 -20.481897 1.079380 -0.042736 0.016598 0.718506 0.694008 
1710054123.434765 25.455140 -20.373956 1.062673 -0.041307 0.017031 0.720049 0.692483 
1710054123.535601 25.459838 -20.270433 1.046979 -0.042287 0.017657 0.718687 0.693822 
1710054123.636700 25.466862 -20.189959 1.050032 -0.041572 0.017359 0.719421 0.693112 
1710054123.737330 25.467700 -20.111419 1.042225 -0.041186 0.016959 0.719161 0.693414 
1710054123.838388 25.469023 -20.005316 1.035094 -0.043030 0.018159 0.718599 0.693854 
1710054123.939038 25.457856 -19.908512 1.016978 -0.042856 0.017992 0.719024 0.693429 
1710054124.040216 25.441212 -19.836761 1.016573 -0.041698 0.017314 0.718261 0.694307 
1710054124.140882 25.447394 -19.739887 1.014841 -0.042672 0.014514 0.718570 0.693992 
1710054124.241603 25.444996 -19.626283 1.003339 -0.042389 0.017020 0.719051 0.693454 
1710054124.342711 25.443728 -19.542098 1.004965 -0.042429 0.017399 0.719071 0.693422 
1710054124.443319 25.439474 -19.473515 0.995885 -0.041568 0.016183 0.719205 0.693364 
1710054124.544171 25.436209 -19.368158 0.984498 -0.042796 0.016492 0.718444 0.694071 
1710054124.645159 25.419434 -19.273358 0.974519 -0.043631 0.016119 0.718701 0.693762 
1710054124.746167 25.412904 -19.205860 0.976668 -0.041991 0.015871 0.718477 0.694100 
1710054124.846887 25.411978 -19.128514 0.968860 -0.041442 0.015066 0.718472 0.694157 
1710054124.947641 25.404532 -19.021005 0.941963 -0.041739 0.016653 0.719740 0.692788 
1710054125.048826 25.409760 -18.927784 0.951088 -0.041194 0.016132 0.718603 0.694012 
1710054125.149516 25.404057 -18.848221 0.963790 -0.038936 0.014121 0.719274 0.693491 
1710054125.252979 25.390643 -18.755281 0.946034 -0.036441 0.012960 0.719415 0.693503 
1710054125.351932 25.384328 -18.633139 0.921827 -0.038593 0.012854 0.718880 0.693943 
1710054125.452136 25.386465 -18.547787 0.915024 -0.038183 0.012460 0.719438 0.693395 
1710054125.552775 25.390470 -18.466922 0.912951 -0.036222 0.010404 0.719093 0.693891 
1710054125.653800 25.389719 -18.362092 0.908336 -0.037025 0.008799 0.720596 0.692310 
1710054125.754757 25.392991 -18.255459 0.897031 -0.037249 0.012730 0.719031 0.693862 
1710054125.855336 25.386264 -18.168152 0.902002 -0.037287 0.011640 0.719638 0.693250 
1710054125.956252 25.373170 -18.086420 0.891041 -0.035176 0.009701 0.719326 0.693713 
1710054126.057419 25.364981 -17.983162 0.887831 -0.038440 0.010760 0.719279 0.693574 
1710054126.157934 25.361260 -17.894353 0.872388 -0.039954 0.011219 0.719416 0.693338 
1710054126.258795 25.350529 -17.829415 0.869347 -0.037013 0.011082 0.718800 0.694142 
1710054126.359634 25.352000 -17.733321 0.862304 -0.036594 0.009187 0.719708 0.693251 
1710054126.460495 25.343335 -17.641124 0.868012 -0.038274 0.013059 0.720087 0.692705 
1710054126.561431 25.346465 -17.550002 0.877886 -0.038071 0.012217 0.719335 0.693512 
1710054126.662316 25.343961 -17.474343 0.876322 -0.037642 0.011950 0.719846 0.693009 
1710054126.763310 25.333036 -17.375095 0.853205 -0.035116 0.011060 0.719301 0.693722 
1710054126.863961 25.319861 -17.266992 0.840873 -0.039063 0.012646 0.719394 0.693387 
1710054126.964795 25.314054 -17.188429 0.842043 -0.038682 0.012075 0.719186 0.693635 
1710054127.065905 25.311637 -17.102957 0.824606 -0.037417 0.010658 0.719099 0.693818 
1710054127.167334 25.302173 -17.000602 0.807709 -0.038187 0.012819 0.720636 0.692143 
1710054127.267474 25.311982 -16.894334 0.787442 -0.037851 0.013525 0.719355 0.693479 
1710054127.368445 25.319508 -16.819606 0.792126 -0.038167 0.011724 0.719747 0.693088 
1710054127.469206 25.312669 -16.729560 0.791699 -0.037376 0.012436 0.719096 0.693794 
1710054127.569967 25.296056 -16.619600 0.781552 -0.039314 0.013860 0.719242 0.693508 
1710054127.670821 25.276620 -16.541238 0.780001 -0.038636 0.013388 0.719213 0.693585 
1710054127.771669 25.270439 -16.464743 0.774010 -0.037988 0.012415 0.718740 0.694129 
1710054127.876255 25.280644 -16.360003 0.777174 -0.038575 0.010929 0.719746 0.693079 
1710054127.974521 25.292329 -16.250215 0.768808 -0.038188 0.013678 0.719459 0.693350 
1710054128.076068 25.281417 -16.163172 0.762890 -0.037809 0.013961 0.719633 0.693184 
1710054128.179889 25.270614 -16.082821 0.754299 -0.037438 0.012466 0.718971 0.693919 
1710054128.276667 25.254081 -15.977884 0.742562 -0.040322 0.012635 0.718919 0.693809 
1710054128.386555 25.252559 -15.877580 0.733853 -0.039815 0.012594 0.719122 0.693628 
1710054128.477699 25.252272 -15.811461 0.730582 -0.038364 0.012719 0.718754 0.694089 
1710054128.578548 25.254296 -15.722643 0.710516 -0.038956 0.011186 0.719843 0.692953 
1710054128.679613 25.264664 -15.625103 0.708892 -0.039145 0.012866 0.719474 0.693296 
1710054128.780533 25.266074 -15.546735 0.720012 -0.038912 0.012958 0.719339 0.693447 
1710054128.881112 25.260638 -15.454741 0.708820 -0.038408 0.012203 0.719141 0.693694 
1710054128.981985 25.251303 -15.345202 0.680643 -0.038571 0.013484 0.718764 0.694052 
1710054129.083167 25.243533 -15.231788 0.678553 -0.039515 0.013899 0.719523 0.693204 
1710054129.183734 25.236832 -15.137915 0.678759 -0.039280 0.012165 0.719260 0.693523 
1710054129.284806 25.207633 -15.055479 0.664031 -0.039013 0.012005 0.718726 0.694094 
1710054129.385422 25.213463 -14.939550 0.644865 -0.039292 0.013196 0.720046 0.692687 
1710054129.486536 25.202835 -14.854312 0.639577 -0.038025 0.014872 0.719946 0.692828 
1710054129.587131 25.199375 -14.777668 0.644509 -0.039055 0.013668 0.719572 0.693184 
1710054129.688833 25.197853 -14.683631 0.623868 -0.038799 0.012856 0.718649 0.694171 
1710054129.788993 25.189859 -14.584204 0.611602 -0.040595 0.012531 0.718819 0.693898 
1710054129.889724 25.203642 -14.492773 0.609444 -0.039416 0.013200 0.719151 0.693609 
1710054129.990604 25.193412 -14.419829 0.610996 -0.038897 0.012994 0.718485 0.694333 
1710054130.091785 25.188304 -14.332649 0.606591 -0.039592 0.013297 0.719747 0.692979 
1710054130.192384 25.203929 -14.236616 0.613716 -0.039600 0.013220 0.719652 0.693079 
1710054130.295096 25.200345 -14.170733 0.619368 -0.039135 0.013102 0.720212 0.692525 
1710054130.394000 25.186617 -14.079408 0.608200 -0.037962 0.012762 0.719363 0.693479 
1710054130.500996 25.176106 -13.972250 0.589960 -0.039044 0.013963 0.719234 0.693530 
1710054130.595764 25.177628 -13.888416 0.598059 -0.039141 0.012445 0.719477 0.693301 
1710054130.696861 25.169954 -13.812338 0.596461 -0.037808 0.011728 0.718812 0.694076 
1710054130.797529 25.157982 -13.723422 0.562152 -0.037983 0.012137 0.719554 0.693291 
1710054130.898484 25.148740 -13.608091 0.558882 -0.037597 0.012587 0.719451 0.693411 
1710054130.999312 25.144465 -13.535959 0.580833 -0.034810 0.009797 0.720658 0.692347 
1710054131.101755 25.156976 -13.453508 0.599938 -0.034251 0.008171 0.719242 0.693866 
1710054131.201031 25.138611 -13.361210 0.566683 -0.034491 0.009729 0.719410 0.693660 
1710054131.301902 25.127792 -13.264036 0.569257 -0.034554 0.007646 0.719582 0.693506 
1710054131.402802 25.119642 -13.176701 0.589260 -0.032275 0.006850 0.718571 0.694671 
1710054131.503484 25.118503 -13.096219 0.582764 -0.031892 0.005292 0.719771 0.693459 
1710054131.606311 25.123751 -12.983048 0.583283 -0.031506 0.006802 0.719658 0.693580 
1710054131.705411 25.121824 -12.885241 0.587644 -0.030538 0.007285 0.719623 0.693654 
1710054131.806044 25.121833 -12.809751 0.576871 -0.028156 0.003977 0.720227 0.693155 
1710054131.906886 25.116454 -12.714456 0.569068 -0.028233 0.005676 0.719183 0.694224 
1710054132.007778 25.109451 -12.610704 0.547695 -0.033117 0.007624 0.719691 0.693463 
1710054132.108814 25.106815 -12.523279 0.541443 -0.034195 0.006740 0.719461 0.693657 
1710054132.209630 25.107662 -12.440936 0.535719 -0.033591 0.007083 0.719114 0.694043 
1710054132.310846 25.091883 -12.351192 0.507708 -0.034793 0.007739 0.720095 0.692960 
1710054132.411201 25.084880 -12.244591 0.500724 -0.036334 0.010714 0.719778 0.693170 
1710054132.512057 25.070993 -12.167058 0.509733 -0.035976 0.010841 0.719726 0.693241 
1710054132.613006 25.069993 -12.065807 0.503755 -0.035311 0.010972 0.720148 0.692835 
1710054132.713796 25.068573 -11.953977 0.472329 -0.037708 0.011489 0.719308 0.693572 
1710054132.814860 25.056375 -11.847445 0.462840 -0.038042 0.011756 0.719656 0.693189 
1710054132.915499 25.047494 -11.769240 0.467750 -0.037563 0.011216 0.719134 0.693765 
1710054133.016379 25.044469 -11.684024 0.463808 -0.037679 0.009576 0.720016 0.692868 
1710054133.117297 25.045629 -11.575871 0.448939 -0.037610 0.013389 0.719801 0.693032 
1710054133.218241 25.055514 -11.478855 0.441394 -0.037438 0.012839 0.720101 0.692740 
1710054133.319084 25.047747 -11.403565 0.438961 -0.036917 0.011755 0.720278 0.692602 
1710054133.419983 25.056837 -11.295214 0.440848 -0.037551 0.011497 0.719772 0.693099 
1710054133.520759 25.042166 -11.201025 0.427723 -0.039180 0.012315 0.719826 0.692938 
1710054133.621596 25.023172 -11.115350 0.424395 -0.037679 0.012324 0.719394 0.693470 
1710054133.722362 25.019432 -11.035135 0.425879 -0.037133 0.011177 0.720028 0.692860 
1710054133.823241 25.006733 -10.932298 0.410064 -0.038072 0.012334 0.720323 0.692483 
1710054133.924508 24.991745 -10.834427 0.422269 -0.037413 0.012907 0.719820 0.693031 
1710054134.025192 24.984666 -10.763017 0.424636 -0.037295 0.013391 0.720239 0.692593 
1710054134.125871 24.975036 -10.670342 0.410848 -0.036446 0.012797 0.719725 0.693184 
1710054134.226973 24.973571 -10.553536 0.388718 -0.038556 0.013050 0.720184 0.692588 
1710054134.327568 24.978881 -10.474097 0.385001 -0.037952 0.012209 0.719579 0.693265 
1710054134.428444 24.983154 -10.396089 0.385663 -0.037483 0.011147 0.719487 0.693404 
1710054134.529257 24.987359 -10.302283 0.376321 -0.038184 0.011016 0.721639 0.691128 
1710054134.630195 24.974660 -10.203441 0.360075 -0.037653 0.013240 0.719104 0.693755 
1710054134.733861 24.960749 -10.118420 0.364697 -0.037339 0.011378 0.720635 0.692215 
1710054134.832040 24.942662 -10.045024 0.362144 -0.036218 0.010048 0.720164 0.692785 
1710054134.932757 24.920395 -9.947675 0.357710 -0.037765 0.010506 0.719360 0.693530 
1710054135.033591 24.894483 -9.856354 0.342430 -0.037529 0.009490 0.719970 0.692925 
1710054135.134834 24.868828 -9.772930 0.339670 -0.036128 0.009322 0.719111 0.693892 
1710054135.235743 24.849643 -9.673253 0.350430 -0.037022 0.005987 0.720036 0.692923 
1710054135.336421 24.841700 -9.578200 0.340863 -0.037393 0.008789 0.719552 0.693375 
1710054135.437345 24.842209 -9.497226 0.339881 -0.036297 0.009659 0.720076 0.692878 
1710054135.537844 24.841086 -9.438946 0.332502 -0.035059 0.009174 0.720705 0.692294 
1710054135.638697 24.831751 -9.331781 0.330620 -0.034052 0.008744 0.720649 0.692408 
1710054135.739558 24.820003 -9.199698 0.326203 -0.036343 0.007981 0.720499 0.692457 
1710054135.840435 24.814962 -9.129913 0.330173 -0.035633 0.008606 0.720000 0.693005 
1710054135.941516 24.803903 -9.051174 0.326587 -0.035726 0.008163 0.719679 0.693339 
1710054136.042212 24.780102 -8.939640 0.301969 -0.036857 0.008493 0.720603 0.692315 
1710054136.143058 24.766793 -8.848204 0.287927 -0.036858 0.009857 0.719348 0.693601 
1710054136.244002 24.766172 -8.767914 0.290891 -0.036243 0.008650 0.720638 0.692310 
1710054136.344715 24.761987 -8.689597 0.280548 -0.034955 0.009409 0.720557 0.692451 
1710054136.445564 24.745712 -8.569564 0.266055 -0.036547 0.010833 0.720106 0.692817 
1710054136.546457 24.743008 -8.477888 0.261337 -0.036721 0.011122 0.719946 0.692969 
1710054136.647393 24.737672 -8.406858 0.257269 -0.036132 0.009120 0.719750 0.693233 
1710054136.748187 24.736839 -8.307163 0.259622 -0.036789 0.006966 0.720312 0.692639 
1710054136.849018 24.722517 -8.193585 0.245435 -0.036614 0.010480 0.719984 0.692944 
1710054136.949884 24.721688 -8.111241 0.237490 -0.036055 0.010348 0.720008 0.692952 
1710054137.050737 24.708328 -8.040395 0.232257 -0.035380 0.009643 0.720307 0.692685 
1710054137.151639 24.691573 -7.932563 0.244010 -0.034736 0.009157 0.720250 0.692784 
1710054137.254975 24.678695 -7.837650 0.232835 -0.036511 0.010089 0.719329 0.693636 
1710054137.353465 24.659627 -7.763748 0.226958 -0.035154 0.009713 0.719350 0.693690 
1710054137.454398 24.655327 -7.684402 0.226814 -0.035672 0.007519 0.719974 0.693043 
1710054137.555079 24.641977 -7.581461 0.213169 -0.035972 0.010637 0.720136 0.692818 
1710054137.656201 24.640467 -7.490042 0.210775 -0.035268 0.010267 0.720345 0.692643 
1710054137.756761 24.634853 -7.410349 0.204731 -0.034934 0.009318 0.720738 0.692264 
1710054137.857592 24.621340 -7.310053 0.189835 -0.033959 0.009626 0.720489 0.692567 
1710054137.958760 24.600303 -7.175917 0.180899 -0.035959 0.007732 0.719413 0.693608 
1710054138.059568 24.579701 -7.057158 0.168772 -0.036742 0.007822 0.719283 0.693701 
1710054138.160450 24.563831 -6.987790 0.163392 -0.035776 0.011118 0.719674 0.693301 
1710054138.261036 24.542698 -6.893926 0.160200 -0.037001 0.007916 0.720520 0.692401 
1710054138.362111 24.526351 -6.815825 0.152878 -0.042978 0.011753 0.719585 0.692973 
1710054138.463365 24.511928 -6.728690 0.152893 -0.039289 0.011389 0.719446 0.693342 
1710054138.563694 24.491408 -6.649586 0.133802 -0.037094 0.012641 0.720322 0.692532 
1710054138.664579 24.472462 -6.533931 0.118974 -0.036605 0.012193 0.720909 0.691955 
1710054138.765476 24.421493 -6.426394 0.109677 -0.040080 0.010789 0.718940 0.693832 
1710054138.866374 24.395729 -6.365706 0.118998 -0.042927 0.012781 0.719644 0.692897 
1710054138.967590 24.368602 -6.280347 0.108064 -0.040729 0.012272 0.719068 0.693637 
1710054139.067927 24.356320 -6.180381 0.091866 -0.040801 0.011009 0.720350 0.692322 
1710054139.171914 24.359592 -6.101224 0.095295 -0.042112 0.012821 0.719224 0.693382 
1710054139.269743 24.366086 -6.029305 0.101763 -0.038222 0.011424 0.719839 0.692993 
1710054139.370512 24.347175 -5.930120 0.076190 -0.036343 0.010961 0.720157 0.692772 
1710054139.471360 24.326099 -5.817299 0.065877 -0.039999 0.011560 0.720049 0.692673 
1710054139.572273 24.305996 -5.743393 0.084650 -0.039586 0.011288 0.719785 0.692976 
1710054139.673071 24.280098 -5.656667 0.085254 -0.038564 0.010168 0.718967 0.693899 
1710054139.773964 24.266722 -5.545897 0.071970 -0.039059 0.009037 0.719420 0.693418 
1710054139.874826 24.246866 -5.451583 0.069082 -0.038458 0.010754 0.719031 0.693829 
1710054139.975945 24.239779 -5.381300 0.067182 -0.037455 0.010658 0.720169 0.692705 
1710054140.076545 24.234953 -5.294823 0.055520 -0.034815 0.010264 0.719262 0.693791 
1710054140.177349 24.244167 -5.191439 0.033063 -0.037770 0.011410 0.719317 0.693560 
1710054140.278222 24.250399 -5.090767 0.034816 -0.038740 0.011608 0.718709 0.694133 
1710054140.379122 24.248117 -5.013024 0.032623 -0.036815 0.010493 0.718911 0.694048 
1710054140.484685 24.231447 -4.911125 0.018369 -0.038104 0.011607 0.719731 0.693109 
1710054140.580983 24.226821 -4.799973 0.012483 -0.037383 0.012415 0.719407 0.693471 
1710054140.681907 24.218371 -4.725639 0.013292 -0.037391 0.011756 0.719389 0.693501 
1710054140.782635 24.216281 -4.646765 0.006966 -0.036804 0.011657 0.719492 0.693426 
1710054140.883589 24.209948 -4.529763 -0.020585 -0.036239 0.012168 0.718910 0.694051 
1710054140.984569 24.207306 -4.428270 -0.027837 -0.037855 0.011694 0.719735 0.693117 
1710054141.085878 24.200820 -4.351804 -0.020483 -0.037622 0.011837 0.719235 0.693646 
1710054141.186017 24.195163 -4.257700 -0.034751 -0.036892 0.011965 0.718621 0.694319 
1710054141.286895 24.201540 -4.135638 -0.047274 -0.037113 0.011585 0.718633 0.694302 
1710054141.387695 24.199468 -4.055253 -0.053657 -0.036840 0.011696 0.718870 0.694070 
1710054141.488714 24.197323 -3.978773 -0.051921 -0.036910 0.012321 0.719183 0.693730 
1710054141.589391 24.191352 -3.887129 -0.074889 -0.036622 0.011377 0.718237 0.694741 
1710054141.690272 24.170141 -3.764848 -0.085343 -0.039431 0.013861 0.718737 0.694025 
1710054141.793139 24.160366 -3.695043 -0.088337 -0.042736 0.015863 0.719787 0.692696 
1710054141.893560 24.151242 -3.629954 -0.092891 -0.042623 0.016104 0.719145 0.693365 
1710054141.992884 24.149394 -3.542852 -0.107943 -0.047919 0.016259 0.720613 0.691488 
1710054142.093694 24.144053 -3.445674 -0.099823 -0.048412 0.018336 0.718527 0.693570 
1710054142.194655 24.135955 -3.368159 -0.094499 -0.049699 0.020702 0.719721 0.692173 
1710054142.295400 24.128489 -3.278518 -0.109477 -0.048456 0.019811 0.720408 0.691572 
1710054142.396263 24.095202 -3.196604 -0.154366 -0.051284 0.021018 0.723980 0.687590 
1710054142.497264 24.044990 -3.141729 -0.151831 -0.054584 0.019471 0.733287 0.677445 
1710054142.598839 24.019699 -3.088932 -0.153267 -0.055289 0.009334 0.745732 0.663882 
1710054142.701473 24.008155 -3.023134 -0.168882 -0.056706 0.005592 0.759613 0.647874 
1710054142.799908 24.005207 -2.906982 -0.181937 -0.056982 0.008255 0.767406 0.638571 
1710054142.900929 24.015677 -2.803691 -0.168390 -0.053673 0.018366 0.770738 0.634622 
1710054143.001508 24.015986 -2.706284 -0.172844 -0.047696 0.019518 0.770118 0.635816 
1710054143.102314 23.991027 -2.600654 -0.192407 -0.048956 0.022423 0.769586 0.636269 
1710054143.203208 23.938216 -2.486785 -0.220858 -0.050929 0.022032 0.769410 0.636340 
1710054143.304178 23.896585 -2.398149 -0.229168 -0.048473 0.022212 0.769786 0.636072 
1710054143.404880 23.868213 -2.323902 -0.235157 -0.046569 0.017344 0.769919 0.636204 
1710054143.505854 23.839937 -2.222398 -0.247183 -0.050320 0.021952 0.770080 0.635580 
1710054143.606615 23.800838 -2.138476 -0.240292 -0.048736 0.021591 0.769262 0.636706 
1710054143.707508 23.779734 -2.059273 -0.242473 -0.047511 0.022309 0.770344 0.635465 
1710054143.808327 23.774170 -1.958645 -0.251340 -0.045071 0.020504 0.770527 0.635481 
1710054143.909850 23.759043 -1.832977 -0.264535 -0.048829 0.023447 0.769868 0.635901 
1710054144.010167 23.734402 -1.752032 -0.263249 -0.048013 0.022877 0.769933 0.635905 
1710054144.110919 23.716819 -1.665794 -0.264555 -0.046961 0.020218 0.769714 0.636338 
1710054144.211800 23.693961 -1.569833 -0.303778 -0.048293 0.022891 0.769199 0.636771 
1710054144.312584 23.672966 -1.467995 -0.310946 -0.047534 0.023912 0.769315 0.636650 
1710054144.413546 23.660499 -1.391329 -0.306760 -0.046815 0.021291 0.770181 0.635749 
1710054144.514402 23.657190 -1.314065 -0.321740 -0.046146 0.022427 0.769997 0.635981 
1710054144.619314 23.633805 -1.200878 -0.350291 -0.047922 0.022786 0.769503 0.636435 
1710054144.716179 23.614972 -1.112654 -0.356429 -0.047307 0.022587 0.769684 0.636269 
1710054144.817016 23.601102 -1.040518 -0.349835 -0.045902 0.020023 0.768920 0.637381 
1710054144.917787 23.588794 -0.934909 -0.358030 -0.046421 0.019614 0.769655 0.636468 
1710054145.018893 23.561995 -0.822980 -0.374078 -0.047047 0.022433 0.770471 0.635341 
1710054145.119497 23.527549 -0.728742 -0.366766 -0.046413 0.020876 0.775067 0.629826 
1710054145.220564 23.487107 -0.648771 -0.372649 -0.045725 0.018677 0.784947 0.617591 
1710054145.321461 23.417435 -0.544762 -0.377221 -0.047244 0.019070 0.796275 0.602786 
1710054145.422074 23.392094 -0.460848 -0.425919 -0.053343 0.005937 0.810832 0.582812 
1710054145.523015 23.359078 -0.375914 -0.435842 -0.049135 0.001504 0.825091 0.562858 
1710054145.623905 23.321827 -0.315727 -0.448119 -0.047380 -0.000468 0.838394 0.543001 
1710054145.724653 23.282104 -0.224507 -0.453086 -0.045004 0.000793 0.847836 0.528345 
1710054145.825479 23.259423 -0.145998 -0.434040 -0.042679 0.006405 0.851699 0.522252 
1710054145.926856 23.234266 -0.095111 -0.446146 -0.037505 0.012212 0.852762 0.520807 
1710054146.027300 23.188458 -0.032139 -0.451726 -0.031683 0.016434 0.852093 0.522171 
1710054146.128117 23.129484 0.048164 -0.472193 -0.032955 0.012673 0.850966 0.524033 
1710054146.228996 23.087824 0.117998 -0.461648 -0.036162 0.019523 0.851423 0.522867 
1710054146.329772 23.042485 0.190250 -0.465721 -0.033909 0.017923 0.851601 0.522786 
1710054146.430810 22.996505 0.301434 -0.484020 -0.035881 0.014950 0.851567 0.522802 
1710054146.531770 22.943993 0.394555 -0.482252 -0.040014 0.021124 0.851798 0.521912 
1710054146.632628 22.898024 0.454360 -0.473255 -0.039189 0.020302 0.856370 0.514473 
1710054146.733455 22.848130 0.519994 -0.469992 -0.039078 0.012181 0.864161 0.501548 
1710054146.834191 22.790226 0.613857 -0.479658 -0.039667 0.011368 0.866821 0.496910 
1710054146.934937 22.739245 0.690737 -0.499163 -0.039664 0.018226 0.868826 0.493190 
1710054147.035831 22.700027 0.743528 -0.503197 -0.035388 0.018315 0.867291 0.496204 
1710054147.136696 22.668999 0.814870 -0.500094 -0.031992 0.015396 0.867118 0.496836 
1710054147.239794 22.611502 0.925632 -0.503855 -0.034054 0.017281 0.867835 0.495382 
1710054147.338405 22.574856 0.999645 -0.498093 -0.032156 0.017692 0.867585 0.495932 
1710054147.439244 22.548918 1.067858 -0.503632 -0.031558 0.015844 0.868386 0.494630 
1710054147.540162 22.497832 1.159155 -0.514783 -0.029734 0.013717 0.868488 0.494628 
1710054147.641071 22.427260 1.248773 -0.527933 -0.035164 0.015464 0.873118 0.485994 
1710054147.741847 22.387273 1.318822 -0.531763 -0.035818 0.011563 0.879911 0.473645 
1710054147.842674 22.363323 1.396526 -0.541619 -0.032685 0.006364 0.882956 0.468273 
1710054147.943572 22.294159 1.480250 -0.573552 -0.031349 0.009335 0.884090 0.466171 
1710054148.044413 22.226468 1.537742 -0.564187 -0.029868 0.014105 0.882820 0.468548 
1710054148.145254 22.188448 1.602798 -0.537360 -0.027739 0.013181 0.883598 0.467239 
1710054148.246261 22.148674 1.659350 -0.531623 -0.027175 0.013893 0.884328 0.465868 
1710054148.347014 22.078394 1.743309 -0.555147 -0.031341 0.007889 0.888584 0.457574 
1710054148.447829 22.027776 1.826494 -0.557271 -0.032217 0.000852 0.897375 0.440090 
1710054148.548859 21.975376 1.881085 -0.567309 -0.030507 -0.005154 0.907560 0.418782 
1710054148.649727 21.902416 1.985941 -0.570061 -0.028385 -0.008866 0.915762 0.400620 
1710054148.750540 21.833545 2.046848 -0.570053 -0.028307 -0.003751 0.920924 0.388694 
1710054148.851274 21.782754 2.103085 -0.554225 -0.025390 0.002504 0.923510 0.382724 
1710054148.952303 21.727665 2.172007 -0.549402 -0.021418 0.007553 0.923930 0.381888 
1710054149.053094 21.638050 2.222762 -0.562174 -0.019542 0.013954 0.923283 0.383370 
1710054149.153840 21.572181 2.272354 -0.575870 -0.023466 0.014010 0.922992 0.383848 
1710054149.254921 21.516173 2.321866 -0.583930 -0.020524 0.010401 0.923589 0.382693 
1710054149.355859 21.454919 2.371902 -0.596469 -0.019065 0.004286 0.927946 0.372203 
1710054149.456585 21.370079 2.450672 -0.615236 -0.022962 0.001601 0.934395 0.355493 
1710054149.557417 21.309335 2.500565 -0.601603 -0.022238 -0.001262 0.939144 0.342800 
1710054149.658138 21.244347 2.550956 -0.584395 -0.020022 -0.000614 0.941264 0.337077 
1710054149.759015 21.152738 2.599914 -0.569386 -0.018156 0.005699 0.941708 0.335894 
1710054149.860036 21.074172 2.676430 -0.574717 -0.018535 0.007407 0.941481 0.336474 
1710054149.960851 21.009873 2.711315 -0.587033 -0.016896 0.009515 0.945092 0.326227 
1710054150.061585 20.944037 2.774442 -0.601416 -0.016200 0.004542 0.951380 0.307561 
1710054150.162496 20.870586 2.830668 -0.600745 -0.017767 0.000686 0.956387 0.291562 
1710054150.263430 20.784598 2.861776 -0.595637 -0.019198 0.002282 0.958639 0.283969 
1710054150.364211 20.706917 2.893424 -0.587836 -0.016627 0.007638 0.960102 0.279051 
1710054150.468290 20.632523 2.946194 -0.591935 -0.014684 0.010081 0.959788 0.280161 
1710054150.567599 20.535150 3.004108 -0.603811 -0.017123 0.011665 0.959701 0.280260 
1710054150.666801 20.469793 3.054869 -0.602067 -0.017794 0.011461 0.959743 0.280083 
1710054150.767794 20.397021 3.098561 -0.601922 -0.015381 0.012449 0.959349 0.281530 
1710054150.868619 20.306374 3.167335 -0.601941 -0.014607 0.012844 0.959815 0.279959 
1710054150.969303 20.217874 3.223052 -0.604541 -0.015210 0.014091 0.959649 0.280435 
1710054151.070253 20.150823 3.253949 -0.598474 -0.015474 0.013577 0.959555 0.280766 
1710054151.171166 20.071337 3.302128 -0.607457 -0.012185 0.014901 0.959629 0.280611 
1710054151.272261 19.967477 3.361445 -0.613476 -0.014356 0.012788 0.959583 0.280767 
1710054151.372974 19.880562 3.415192 -0.629788 -0.015688 0.013738 0.959445 0.281124 
1710054151.473614 19.818488 3.454750 -0.626186 -0.013163 0.013825 0.959442 0.281257 
1710054151.574462 19.752202 3.514251 -0.626003 -0.012428 0.009603 0.959493 0.281296 
1710054151.675319 19.662018 3.586457 -0.621632 -0.014106 0.013026 0.959471 0.281153 
1710054151.776181 19.591465 3.646221 -0.617442 -0.013015 0.014537 0.959616 0.280637 
1710054151.877229 19.529376 3.701349 -0.604739 -0.012338 0.010912 0.959812 0.280160 
1710054151.978030 19.439968 3.761319 -0.617414 -0.012315 0.010068 0.959577 0.280995 
1710054152.078773 19.344879 3.806390 -0.620365 -0.013608 0.010322 0.959502 0.281185 
1710054152.179642 19.269104 3.839461 -0.605407 -0.013033 0.011160 0.959465 0.281306 
1710054152.280737 19.184465 3.865946 -0.621983 -0.010920 0.011392 0.959524 0.281183 
1710054152.381526 19.086440 3.934275 -0.627513 -0.012335 0.009941 0.959561 0.281056 
1710054152.482353 19.020761 3.976530 -0.625165 -0.012700 0.012670 0.959547 0.280976 
1710054152.583461 18.952163 4.028921 -0.618188 -0.011571 0.012852 0.959484 0.281234 
1710054152.684266 18.875645 4.084756 -0.635887 -0.013252 0.013108 0.959504 0.281077 
1710054152.784778 18.780553 4.148240 -0.646751 -0.015185 0.011931 0.959681 0.280426 
1710054152.885654 18.706177 4.199430 -0.649303 -0.012718 0.012617 0.959656 0.280604 
1710054152.986558 18.651259 4.237612 -0.657437 -0.011791 0.012278 0.959541 0.281054 
1710054153.087348 18.557784 4.290806 -0.664486 -0.013732 0.010744 0.959783 0.280201 
1710054153.188379 18.471528 4.351440 -0.673701 -0.013029 0.012572 0.959596 0.280800 
1710054153.289386 18.399270 4.380205 -0.666896 -0.012894 0.012483 0.959569 0.280902 
1710054153.389930 18.321896 4.431758 -0.667710 -0.012745 0.012563 0.959414 0.281433 
1710054153.490788 18.210389 4.484430 -0.691307 -0.014259 0.013450 0.959368 0.281475 
1710054153.591720 18.131176 4.534206 -0.684013 -0.015447 0.014090 0.959507 0.280907 
1710054153.692541 18.080248 4.575626 -0.677481 -0.014193 0.014213 0.959255 0.281829 
1710054153.793393 17.991598 4.609633 -0.699878 -0.014799 0.014181 0.959737 0.280150 
1710054153.894593 17.891949 4.662951 -0.717348 -0.016260 0.016726 0.959455 0.280894 
1710054153.995344 17.830353 4.721499 -0.716595 -0.016126 0.016815 0.959758 0.279860 
1710054154.095949 17.763943 4.785112 -0.713348 -0.015459 0.015887 0.959608 0.280465 
1710054154.197985 17.675843 4.827814 -0.724021 -0.018817 0.019541 0.959372 0.280838 
1710054154.297854 17.587164 4.870420 -0.730840 -0.019787 0.016442 0.959520 0.280461 
1710054154.398715 17.507515 4.910794 -0.730792 -0.017766 0.017980 0.959382 0.280974 
1710054154.499553 17.434020 4.955550 -0.731710 -0.017449 0.017375 0.959476 0.280711 
1710054154.600456 17.337395 5.017300 -0.729092 -0.019081 0.018366 0.959403 0.280793 
1710054154.701278 17.252397 5.055721 -0.712932 -0.019391 0.018683 0.959327 0.281011 
1710054154.802036 17.193560 5.093775 -0.712407 -0.018016 0.017733 0.959808 0.279518 
1710054154.902909 17.111361 5.146135 -0.733642 -0.016964 0.019293 0.959157 0.281704 
1710054155.003684 17.041174 5.210015 -0.738351 -0.023329 0.016010 0.959548 0.280121 
1710054155.104529 16.993741 5.273655 -0.728244 -0.021483 0.013211 0.959524 0.280496 
1710054155.205599 16.928987 5.320237 -0.733905 -0.016807 0.014965 0.959544 0.280657 
1710054155.306566 16.831677 5.383117 -0.747547 -0.020535 0.014725 0.959823 0.279465 
1710054155.407173 16.750995 5.441224 -0.747811 -0.019148 0.016976 0.959851 0.279340 
1710054155.508014 16.694568 5.473776 -0.738680 -0.016870 0.015860 0.959972 0.279138 
1710054155.608852 16.602370 5.512817 -0.744059 -0.014726 0.013292 0.959899 0.279644 
1710054155.709741 16.495487 5.552154 -0.761068 -0.017120 0.010693 0.961963 0.272432 
1710054155.810819 16.418088 5.589566 -0.749483 -0.019617 0.004052 0.966368 0.256383 
1710054155.911467 16.351168 5.602503 -0.732556 -0.017062 0.000232 0.971084 0.238127 
1710054156.015368 16.256862 5.632671 -0.751127 -0.012878 -0.005583 0.975603 0.219095 
1710054156.113133 16.171737 5.689445 -0.757250 -0.014778 0.000163 0.977872 0.208680 
1710054156.214044 16.112729 5.727828 -0.771737 -0.011108 0.008872 0.978421 0.206133 
1710054156.315140 16.062247 5.766882 -0.760128 -0.009658 0.012531 0.978414 0.206050 
1710054156.415867 15.969949 5.797714 -0.772775 -0.011845 0.015662 0.978113 0.207145 
1710054156.516693 15.873939 5.827218 -0.778858 -0.014086 0.014433 0.977605 0.209481 
1710054156.617455 15.803478 5.862888 -0.775403 -0.010885 0.019281 0.974832 0.221838 
1710054156.718862 15.723297 5.893848 -0.789757 -0.008274 0.028471 0.969460 0.243452 
1710054156.819145 15.632749 5.936960 -0.796361 -0.014079 0.029136 0.964560 0.261872 
1710054156.920246 15.553864 5.986380 -0.787591 -0.013395 0.033149 0.959677 0.278823 
1710054157.020968 15.491050 6.027129 -0.778796 -0.014527 0.031984 0.955729 0.292144 
1710054157.121726 15.416539 6.082894 -0.787724 -0.014872 0.033152 0.949170 0.312659 
1710054157.222770 15.320873 6.150394 -0.796889 -0.020114 0.032213 0.943130 0.330248 
1710054157.325175 15.248497 6.204436 -0.795035 -0.021285 0.031233 0.938661 0.342763 
1710054157.424371 15.179880 6.261032 -0.795654 -0.021063 0.024821 0.937204 0.347258 
1710054157.525175 15.106537 6.340522 -0.823014 -0.024602 0.018942 0.938008 0.345220 
1710054157.626096 15.033853 6.400477 -0.811984 -0.027519 0.017673 0.937993 0.345109 
1710054157.726896 14.977828 6.459775 -0.800788 -0.025666 0.016304 0.937892 0.345591 
1710054157.827762 14.914915 6.508560 -0.810450 -0.024826 0.015307 0.937717 0.346173 
1710054157.928749 14.824564 6.578540 -0.832714 -0.028510 0.014846 0.937765 0.345781 
1710054158.029500 14.776159 6.651886 -0.833487 -0.027223 0.014688 0.938310 0.344409 
1710054158.130336 14.702900 6.699381 -0.835137 -0.024829 0.015948 0.937834 0.345827 
1710054158.231405 14.634061 6.767295 -0.843853 -0.024804 0.011694 0.938303 0.344724 
1710054158.332336 14.550709 6.839991 -0.853133 -0.026082 0.014747 0.938177 0.344858 
1710054158.433003 14.487717 6.894215 -0.845229 -0.026891 0.014921 0.938184 0.344768 
1710054158.533856 14.422132 6.932345 -0.848518 -0.025588 0.014229 0.938206 0.344837 
1710054158.634801 14.335730 6.982099 -0.862636 -0.026431 0.017228 0.937783 0.345786 
1710054158.735540 14.253989 7.039930 -0.869561 -0.030342 0.017642 0.937935 0.345030 
1710054158.836340 14.191231 7.089580 -0.861709 -0.028350 0.015869 0.937613 0.346158 
1710054158.937373 14.119767 7.153698 -0.867540 -0.024722 0.015503 0.937866 0.345770 
1710054159.038294 14.050274 7.220593 -0.886570 -0.027682 0.013969 0.938286 0.344468 
1710054159.139000 13.969032 7.279545 -0.872792 -0.026503 0.015134 0.937748 0.345973 
1710054159.239832 13.909570 7.319294 -0.869712 -0.025171 0.014912 0.938250 0.344718 
1710054159.341326 13.831876 7.381598 -0.883028 -0.023699 0.016104 0.938273 0.344706 
1710054159.441475 13.756986 7.448262 -0.905868 -0.027407 0.015095 0.937391 0.346871 
1710054159.542745 13.693771 7.500226 -0.905513 -0.026196 0.015757 0.937802 0.345821 
1710054159.647267 13.635284 7.551648 -0.902562 -0.024448 0.015321 0.937631 0.346433 
1710054159.745669 13.556923 7.623701 -0.915529 -0.025115 0.012993 0.938307 0.344646 
1710054159.845005 13.478241 7.695215 -0.926071 -0.026397 0.017219 0.937970 0.345281 
1710054159.947349 13.431910 7.763422 -0.924279 -0.024393 0.015464 0.938503 0.344060 
1710054160.046707 13.376530 7.841155 -0.928404 -0.024504 0.015718 0.938590 0.343804 
1710054160.147632 13.312177 7.909381 -0.936800 -0.025293 0.019960 0.937468 0.346578 
1710054160.248393 13.244170 7.977071 -0.922706 -0.029549 0.017084 0.938273 0.344207 
1710054160.349428 13.189091 8.035161 -0.921412 -0.027730 0.017421 0.938020 0.345032 
1710054160.450185 13.130368 8.094725 -0.936562 -0.025163 0.016733 0.938032 0.345228 
1710054160.551023 13.060578 8.190492 -0.949269 -0.026107 0.020031 0.937896 0.345353 
1710054160.652051 12.993652 8.265684 -0.950214 -0.025727 0.018600 0.938052 0.345037 
1710054160.752654 12.937986 8.331805 -0.960318 -0.025105 0.017276 0.938424 0.344138 
1710054160.853594 12.857656 8.411257 -0.981089 -0.023719 0.019040 0.938503 0.343929 
1710054160.954372 12.781377 8.467633 -0.992990 -0.027516 0.020845 0.938401 0.343819 
1710054161.055266 12.728266 8.517940 -0.987245 -0.026413 0.018604 0.938107 0.344835 
1710054161.156226 12.668710 8.571752 -0.994891 -0.023591 0.015261 0.937920 0.345712 
1710054161.257198 12.593802 8.652702 -1.004294 -0.025811 0.016739 0.938207 0.344705 
1710054161.357876 12.527977 8.721462 -1.002303 -0.025368 0.020249 0.938051 0.344974 
1710054161.459828 12.474535 8.798047 -0.998147 -0.023710 0.018037 0.938377 0.344328 
1710054161.559527 12.402907 8.876430 -1.013718 -0.023333 0.016751 0.938196 0.344911 
1710054161.660438 12.321167 8.945879 -1.033540 -0.026358 0.019093 0.938162 0.344662 
1710054161.761243 12.254850 8.999914 -1.043700 -0.024998 0.018863 0.938347 0.344274 
1710054161.862291 12.209096 9.057448 -1.048808 -0.023486 0.017225 0.938055 0.345259 
1710054161.963171 12.135853 9.127458 -1.049009 -0.022563 0.014397 0.937890 0.345899 
1710054162.063864 12.079431 9.200230 -1.051320 -0.024265 0.017808 0.937939 0.345492 
1710054162.164881 12.020133 9.248232 -1.052787 -0.023339 0.017963 0.938146 0.344984 
1710054162.265666 11.961445 9.301570 -1.049913 -0.022859 0.018864 0.937979 0.345422 
1710054162.366493 11.872279 9.382316 -1.062134 -0.026264 0.016867 0.937854 0.345624 
1710054162.467299 11.789217 9.427397 -1.064422 -0.027859 0.018502 0.938042 0.344905 
1710054162.568348 11.732422 9.478953 -1.067788 -0.025203 0.016308 0.937695 0.346160 
1710054162.669078 11.655348 9.542557 -1.068921 -0.025514 0.014362 0.938059 0.345236 
1710054162.769864 11.566508 9.622419 -1.083825 -0.024951 0.017577 0.938144 0.344899 
1710054162.870749 11.510817 9.678279 -1.087680 -0.025071 0.015322 0.938192 0.344866 
1710054162.971573 11.442421 9.739817 -1.099587 -0.024212 0.015626 0.938194 0.344908 
1710054163.072416 11.367267 9.812049 -1.118423 -0.025236 0.014311 0.937561 0.346609 
1710054163.173553 11.308493 9.874611 -1.106368 -0.028907 0.018416 0.937842 0.345366 
1710054163.274280 11.259879 9.925913 -1.112030 -0.026572 0.018260 0.937722 0.345888 
1710054163.375186 11.186625 9.973618 -1.117552 -0.028546 0.014985 0.938038 0.345030 
1710054163.475998 11.104476 10.044146 -1.115178 -0.029841 0.016331 0.938277 0.344209 
1710054163.576746 11.035854 10.095661 -1.118774 -0.028729 0.019466 0.937899 0.345169 
1710054163.678049 10.962976 10.142115 -1.117133 -0.028743 0.018308 0.938198 0.344418 
1710054163.778449 10.877403 10.197055 -1.132508 -0.031173 0.017016 0.937381 0.346489 
1710054163.879539 10.785723 10.271135 -1.151422 -0.030942 0.017456 0.937627 0.345822 
1710054163.980170 10.706263 10.322617 -1.155880 -0.028278 0.016481 0.937573 0.346245 
1710054164.081070 10.630075 10.370684 -1.172003 -0.027432 0.016202 0.937764 0.345809 
1710054164.182025 10.550098 10.444339 -1.180364 -0.028075 0.016222 0.937988 0.345147 
1710054164.282912 10.484929 10.505021 -1.189384 -0.027854 0.016009 0.937965 0.345240 
1710054164.383631 10.430424 10.553713 -1.194073 -0.027399 0.016990 0.938260 0.344426 
1710054164.484587 10.365322 10.619038 -1.199425 -0.028043 0.018585 0.937875 0.345340 
1710054164.585432 10.271399 10.681679 -1.211305 -0.030566 0.017904 0.937664 0.345734 
1710054164.686437 10.203534 10.735780 -1.208756 -0.029216 0.016024 0.937802 0.345569 
1710054164.787139 10.138928 10.786150 -1.207725 -0.025892 0.014559 0.937705 0.346161 
1710054164.887982 10.065161 10.840770 -1.215730 -0.028084 0.015854 0.938153 0.344715 
1710054164.988815 9.990845 10.913568 -1.213027 -0.027028 0.018241 0.937864 0.345467 
1710054165.089600 9.940937 10.967344 -1.200916 -0.026193 0.017846 0.936105 0.350289 
1710054165.190641 9.869028 11.036510 -1.213992 -0.024241 0.017733 0.932961 0.358723 
1710054165.293472 9.809815 11.118340 -1.236747 -0.026630 0.018058 0.930178 0.365697 
1710054165.392278 9.766850 11.183858 -1.237574 -0.025748 0.021707 0.926749 0.374168 
1710054165.493137 9.712843 11.241202 -1.230954 -0.024288 0.021051 0.925622 0.377083 
1710054165.593908 9.630712 11.297616 -1.237022 -0.027328 0.016739 0.926562 0.374775 
1710054165.694754 9.547847 11.361706 -1.243276 -0.028769 0.016769 0.926305 0.375300 
1710054165.799277 9.484914 11.414900 -1.238860 -0.027666 0.016300 0.926303 0.375408 
1710054165.896522 9.431956 11.458090 -1.240485 -0.026917 0.015581 0.926160 0.375846 
1710054165.997415 9.354158 11.517489 -1.260696 -0.029252 0.016449 0.925986 0.376063 
1710054166.098293 9.275952 11.601858 -1.270055 -0.030356 0.014257 0.926536 0.374709 
1710054166.199863 9.216187 11.656036 -1.270103 -0.027483 0.015015 0.925916 0.376429 
1710054166.300087 9.152693 11.716130 -1.276083 -0.025440 0.013742 0.925878 0.376715 
1710054166.400904 9.073122 11.795256 -1.289156 -0.026556 0.015722 0.926450 0.375152 
1710054166.502395 8.987633 11.842557 -1.288683 -0.025293 0.016525 0.926078 0.376120 
1710054166.602702 8.937304 11.897417 -1.288917 -0.024912 0.015818 0.926810 0.374370 
1710054166.703386 8.895068 11.974892 -1.308016 -0.022092 0.018783 0.926609 0.374907 
1710054166.804641 8.827996 12.059416 -1.319511 -0.027170 0.018698 0.926006 0.376066 
1710054166.905094 8.757809 12.119681 -1.311087 -0.027272 0.017667 0.926441 0.375035 
1710054167.006190 8.698371 12.183358 -1.307187 -0.024076 0.015236 0.926283 0.375750 
1710054167.106791 8.630486 12.262108 -1.327216 -0.025759 0.015252 0.926853 0.374228 
1710054167.209599 8.555727 12.346603 -1.330891 -0.024309 0.016924 0.926443 0.375269 
1710054167.308785 8.510326 12.397877 -1.317372 -0.023424 0.016325 0.926479 0.375261 
1710054167.409456 8.445047 12.459996 -1.324232 -0.023713 0.015739 0.926732 0.374645 
1710054167.510263 8.359598 12.542085 -1.342689 -0.027542 0.015423 0.926281 0.375510 
1710054167.611096 8.304223 12.609591 -1.356265 -0.025901 0.014871 0.926489 0.375134 
1710054167.712013 8.253184 12.658981 -1.354326 -0.024284 0.014937 0.926215 0.375916 
1710054167.812886 8.192998 12.714932 -1.360302 -0.024621 0.013489 0.926564 0.375088 
1710054167.913912 8.114119 12.783463 -1.371904 -0.025811 0.015330 0.926643 0.374742 
1710054168.014567 8.053681 12.835688 -1.361338 -0.025250 0.014878 0.926410 0.375375 
1710054168.115657 7.998197 12.887491 -1.358209 -0.024986 0.014642 0.926679 0.374737 
1710054168.216602 7.922747 12.951117 -1.373260 -0.024998 0.015894 0.926202 0.375861 
1710054168.317107 7.846786 13.022555 -1.388841 -0.028258 0.015682 0.926254 0.375512 
1710054168.418006 7.794335 13.079873 -1.382415 -0.027136 0.015152 0.926241 0.375647 
1710054168.524329 7.729145 13.141885 -1.385036 -0.025376 0.014933 0.926330 0.375562 
1710054168.619725 7.662998 13.211026 -1.399985 -0.027870 0.014863 0.926688 0.374503 
1710054168.724217 7.608280 13.290142 -1.396012 -0.027044 0.016875 0.926187 0.375714 
1710054168.822254 7.559013 13.346262 -1.397996 -0.027374 0.016063 0.926689 0.374486 
1710054168.923904 7.481574 13.408044 -1.412562 -0.027246 0.016040 0.926450 0.375087 
1710054169.023129 7.395524 13.476918 -1.431603 -0.031036 0.015752 0.926226 0.375359 
1710054169.124097 7.346319 13.530594 -1.433064 -0.029805 0.016594 0.926270 0.375314 
1710054169.224891 7.293473 13.578280 -1.431734 -0.028722 0.017249 0.926011 0.376008 
1710054169.325712 7.223581 13.633267 -1.452264 -0.029413 0.016110 0.926660 0.374401 
1710054169.426745 7.134209 13.694985 -1.462015 -0.031755 0.017654 0.926036 0.375683 
1710054169.527407 7.066323 13.754768 -1.451752 -0.029882 0.016846 0.926386 0.375009 
1710054169.628274 7.012149 13.813932 -1.453304 -0.029050 0.016547 0.926417 0.375013 
1710054169.729133 6.918985 13.891726 -1.461837 -0.031635 0.017161 0.925832 0.376218 
1710054169.830116 6.861625 13.969712 -1.478648 -0.031752 0.016957 0.926347 0.374948 
1710054169.930953 6.809380 14.029931 -1.479430 -0.029364 0.016297 0.926185 0.375572 
1710054170.031916 6.743485 14.094131 -1.482275 -0.027742 0.015247 0.926756 0.374327 
1710054170.132699 6.680440 14.163432 -1.480715 -0.029164 0.016274 0.926862 0.373913 
1710054170.233579 6.607629 14.223589 -1.477431 -0.028487 0.016388 0.926246 0.375485 
1710054170.335017 6.543034 14.270630 -1.481518 -0.027217 0.015217 0.926922 0.373956 
1710054170.435264 6.457021 14.316815 -1.507312 -0.026129 0.014432 0.929480 0.367662 
1710054170.536153 6.366168 14.368037 -1.531896 -0.028957 0.015419 0.930206 0.365568 
1710054170.637847 6.295409 14.408625 -1.521784 -0.026220 0.014645 0.929452 0.367719 
1710054170.737832 6.230819 14.468233 -1.525027 -0.025002 0.014414 0.929616 0.367397 
1710054170.838937 6.155302 14.542119 -1.544428 -0.027499 0.014827 0.930500 0.364958 
1710054170.939454 6.078161 14.604722 -1.537383 -0.026895 0.015031 0.929503 0.367524 
1710054171.040350 6.016923 14.663122 -1.527478 -0.025735 0.015120 0.930043 0.366236 
1710054171.141670 5.969423 14.723976 -1.531979 -0.024915 0.015162 0.929934 0.366569 
1710054171.242379 5.899452 14.797026 -1.543272 -0.028113 0.015536 0.929525 0.367357 
1710054171.343082 5.832643 14.850466 -1.549247 -0.027534 0.015330 0.929867 0.366543 
1710054171.451847 5.768335 14.909216 -1.543637 -0.025463 0.014822 0.929385 0.367933 
1710054171.544623 5.713764 14.988062 -1.546495 -0.024039 0.014444 0.930045 0.366373 
1710054171.645466 5.642288 15.071656 -1.553823 -0.025214 0.014945 0.929891 0.366666 
1710054171.747408 5.589476 15.126560 -1.549639 -0.024065 0.014605 0.929959 0.366585 
1710054171.847290 5.530456 15.187278 -1.549360 -0.022173 0.014298 0.930204 0.366092 
1710054171.948193 5.456697 15.264406 -1.557010 -0.021829 0.014957 0.929658 0.367471 
1710054172.048907 5.376232 15.326327 -1.563098 -0.024841 0.015016 0.929901 0.366662 
1710054172.149844 5.316855 15.374203 -1.563525 -0.023065 0.014075 0.929829 0.366998 
1710054172.250734 5.241459 15.429172 -1.567168 -0.020821 0.013288 0.930001 0.366726 
1710054172.352144 5.164303 15.504462 -1.571563 -0.023475 0.013801 0.929843 0.366949 
1710054172.455954 5.099629 15.576201 -1.572854 -0.021382 0.014183 0.930045 0.366548 
1710054172.553509 5.046832 15.630280 -1.572393 -0.021734 0.013997 0.929780 0.367207 
1710054172.654134 4.967938 15.692591 -1.590580 -0.021343 0.013289 0.929550 0.367838 
1710054172.754919 4.874152 15.751306 -1.605776 -0.023836 0.014134 0.929842 0.366915 
1710054172.855781 4.828187 15.793935 -1.601223 -0.021168 0.013051 0.931967 0.361690 
1710054172.956690 4.766772 15.829177 -1.626228 -0.019099 0.011901 0.937202 0.348060 
1710054173.057533 4.700747 15.907281 -1.615367 -0.022805 0.003450 0.940936 0.337797 
1710054173.158462 4.636767 15.956891 -1.607026 -0.024026 0.010287 0.942449 0.333328 
1710054173.259228 4.577746 16.001388 -1.606897 -0.020313 0.012382 0.942266 0.334021 
1710054173.360347 4.498242 16.077822 -1.606469 -0.019196 0.013244 0.942291 0.333982 
1710054173.461006 4.400306 16.147475 -1.615424 -0.022386 0.013344 0.942163 0.334139 
1710054173.561790 4.302170 16.196537 -1.625659 -0.021107 0.012874 0.942339 0.333746 
1710054173.662787 4.238176 16.232124 -1.636510 -0.019414 0.012853 0.942136 0.334422 
1710054173.763626 4.173690 16.296432 -1.639783 -0.018432 0.012783 0.942390 0.333762 
1710054173.864614 4.091102 16.364312 -1.634940 -0.018915 0.013443 0.942195 0.334260 
1710054173.966418 4.034613 16.418875 -1.632965 -0.019355 0.013142 0.942528 0.333306 
1710054174.066332 3.971913 16.471559 -1.635904 -0.017532 0.013209 0.942392 0.333788 
1710054174.167048 3.897565 16.542235 -1.653515 -0.018760 0.013515 0.942008 0.334792 
1710054174.267941 3.821803 16.604810 -1.655404 -0.019881 0.014169 0.942223 0.334096 
1710054174.368656 3.759017 16.659089 -1.652178 -0.017889 0.013602 0.942157 0.334419 
1710054174.469844 3.720887 16.707835 -1.683564 -0.019817 0.010103 0.944992 0.326337 
1710054174.580101 3.672687 16.769312 -1.661101 -0.025063 0.007244 0.949489 0.312713 
1710054174.671615 3.655812 16.807168 -1.655200 -0.022338 0.000276 0.956432 0.291100 
1710054174.772088 3.594690 16.844021 -1.660747 -0.020614 -0.005668 0.963641 0.266344 
1710054174.873061 3.505030 16.880150 -1.671328 -0.021979 -0.006186 0.968809 0.246753 
1710054174.973906 3.414417 16.913255 -1.684690 -0.018742 -0.006238 0.975201 0.220438 
1710054175.074706 3.345634 16.933514 -1.670795 -0.016747 -0.004859 0.979971 0.198376 
1710054175.175594 3.273456 16.956348 -1.676267 -0.015390 -0.006455 0.984440 0.174924 
1710054175.276672 3.157637 17.002149 -1.663162 -0.013303 -0.005511 0.988171 0.152679 
1710054175.377246 3.051836 17.032709 -1.656962 -0.011151 -0.004038 0.991423 0.130156 
1710054175.478359 2.957382 17.057365 -1.653212 -0.009297 -0.003114 0.994137 0.107678 
1710054175.579114 2.857678 17.083198 -1.666177 -0.004024 0.000157 0.996053 0.088667 
1710054175.679882 2.734044 17.098292 -1.678248 -0.009325 -0.002064 0.997748 0.066386 
1710054175.780878 2.648127 17.104708 -1.666370 -0.006551 -0.002923 0.998956 0.045121 
1710054175.881818 2.575976 17.091518 -1.670860 -0.002977 -0.002968 0.999723 0.023148 
1710054175.982721 2.483731 17.096292 -1.683981 -0.001429 -0.003464 0.999992 0.001520 
1710054176.083940 2.379669 17.084205 -1.677349 -0.001500 -0.000822 0.999803 -0.019783 
1710054176.184487 2.303988 17.068602 -1.662486 0.002713 0.000945 0.999049 -0.043512 
1710054176.284979 2.205315 17.050623 -1.671833 0.007763 0.001813 0.997941 -0.063646 
1710054176.386476 2.100054 17.019691 -1.693337 0.005307 0.000960 0.996519 -0.083196 
1710054176.486827 2.001288 16.987242 -1.687814 0.006639 0.002222 0.994334 -0.106069 
1710054176.587702 1.919290 16.969682 -1.670746 0.007887 0.003193 0.991902 -0.126721 
1710054176.688542 1.834267 16.951318 -1.665651 0.010327 0.003372 0.989145 -0.146540 
1710054176.789313 1.716401 16.937914 -1.670361 0.009300 0.005464 0.985972 -0.166564 
1710054176.890255 1.620270 16.906255 -1.662468 0.007400 0.007774 0.982424 -0.186352 
1710054176.991220 1.545807 16.882508 -1.655174 0.009843 0.007526 0.978480 -0.205971 
1710054177.092077 1.460304 16.844041 -1.660252 0.006564 0.009325 0.974875 -0.222460 
1710054177.192946 1.353868 16.793431 -1.666552 0.004797 0.006261 0.970056 -0.242753 
1710054177.293631 1.278952 16.754893 -1.660718 0.007698 0.007952 0.965285 -0.260963 
1710054177.394486 1.214397 16.704555 -1.658525 0.009427 0.006700 0.959938 -0.279975 
1710054177.495361 1.116205 16.648741 -1.658195 0.007996 0.007869 0.955127 -0.295983 
1710054177.597852 1.034769 16.585907 -1.660169 0.005122 0.010510 0.950032 -0.311932 
1710054177.699924 0.948436 16.544412 -1.658166 0.006581 0.010117 0.944669 -0.327803 
1710054177.798110 0.887866 16.509975 -1.662559 0.005305 0.015056 0.942777 -0.333043 
1710054177.898884 0.793603 16.455431 -1.681044 0.000168 0.018372 0.942364 -0.334086 
1710054178.001726 0.711921 16.387485 -1.673125 -0.003567 0.022723 0.941997 -0.334832 
1710054178.100623 0.651952 16.350462 -1.652631 -0.000700 0.024849 0.942739 -0.332603 
1710054178.201332 0.599275 16.294937 -1.645983 0.000365 0.023613 0.942314 -0.333895 
1710054178.302190 0.526390 16.228525 -1.654079 0.000509 0.024182 0.941516 -0.336099 
1710054178.405094 0.432869 16.181026 -1.640472 -0.000841 0.025918 0.942198 -0.334051 
1710054178.504040 0.369550 16.136347 -1.628848 0.001394 0.024586 0.941690 -0.335579 
1710054178.605152 0.304498 16.074844 -1.631698 0.003188 0.025260 0.942157 -0.334203 
1710054178.705622 0.208938 15.995214 -1.638573 0.001381 0.024400 0.942220 -0.334102 
1710054178.806711 0.141613 15.942520 -1.622224 0.002424 0.024493 0.942407 -0.333561 
1710054178.907334 0.087402 15.891243 -1.611551 0.004841 0.024851 0.942651 -0.332817 
1710054179.008181 0.013830 15.812498 -1.627288 0.004752 0.023448 0.942085 -0.334519 
1710054179.109252 -0.056050 15.748760 -1.632391 0.003202 0.025749 0.942315 -0.333721 
1710054179.210031 -0.104085 15.703074 -1.609213 0.004233 0.026635 0.942131 -0.334159 
1710054179.310781 -0.154021 15.655197 -1.599745 0.006005 0.027155 0.942459 -0.333163 
1710054179.411702 -0.233789 15.584140 -1.601906 0.003226 0.024257 0.942344 -0.333750 
1710054179.512544 -0.303470 15.515011 -1.608069 0.004081 0.024458 0.942292 -0.333871 
1710054179.613420 -0.363754 15.468566 -1.602893 0.006830 0.026413 0.942641 -0.332693 
1710054179.714196 -0.429083 15.414397 -1.594078 0.007501 0.024878 0.942317 -0.333711 
1710054179.815307 -0.519954 15.360668 -1.592941 0.005216 0.026794 0.942370 -0.333458 
1710054179.916176 -0.614306 15.306056 -1.594663 0.005161 0.027409 0.942207 -0.333868 
1710054180.017095 -0.675544 15.261277 -1.592739 0.006664 0.027250 0.942032 -0.334350 
1710054180.117640 -0.748390 15.199514 -1.588997 0.004385 0.027788 0.942385 -0.333346 
1710054180.218815 -0.824359 15.131454 -1.576681 0.001103 0.024945 0.942072 -0.334481 
1710054180.319436 -0.883226 15.073840 -1.567225 0.004738 0.025084 0.942495 -0.333243 
1710054180.420389 -0.934608 15.022050 -1.565072 0.006562 0.026296 0.942308 -0.333648 
1710054180.521243 -1.017409 14.949623 -1.575280 0.004887 0.024419 0.942016 -0.334644 
1710054180.621937 -1.109915 14.899266 -1.567710 0.004615 0.027064 0.942294 -0.333659 
1710054180.723167 -1.179312 14.849892 -1.546452 0.005522 0.026017 0.941431 -0.336156 
1710054180.823641 -1.250840 14.780042 -1.545274 0.009233 0.024325 0.938107 -0.345367 
1710054180.924506 -1.326507 14.685691 -1.556155 0.009975 0.016329 0.932775 -0.359951 
1710054181.025365 -1.371176 14.606368 -1.550828 0.013608 0.012120 0.925961 -0.377179 
1710054181.126442 -1.418290 14.537722 -1.542544 0.018030 0.012200 0.919420 -0.392674 
1710054181.227304 -1.464228 14.473713 -1.545567 0.019402 0.010893 0.912591 -0.408267 
1710054181.327991 -1.532644 14.395570 -1.549430 0.016955 0.013030 0.905264 -0.424311 
1710054181.428908 -1.570311 14.335844 -1.532625 0.017956 0.013944 0.897654 -0.440114 
1710054181.529762 -1.608477 14.277245 -1.530705 0.019630 0.016951 0.890873 -0.453512 
1710054181.630641 -1.679108 14.198447 -1.526617 0.009780 0.022948 0.888576 -0.458050 
1710054181.731576 -1.719644 14.110463 -1.533131 0.010291 0.023025 0.887560 -0.460001 
1710054181.835412 -1.756396 14.063957 -1.528608 0.011265 0.027747 0.888515 -0.457869 
1710054181.933413 -1.801259 13.994312 -1.519781 0.009555 0.027901 0.888026 -0.458846 
1710054182.034075 -1.866282 13.908243 -1.517444 0.006897 0.029413 0.887562 -0.459696 
1710054182.134823 -1.939706 13.848982 -1.496827 0.007318 0.029737 0.887830 -0.459151 
1710054182.235736 -2.016776 13.794801 -1.488046 0.009281 0.027688 0.887375 -0.460123 
1710054182.336565 -2.068836 13.716351 -1.496452 0.010755 0.029339 0.888147 -0.458497 
1710054182.439205 -2.125800 13.619810 -1.490567 0.007300 0.025992 0.887728 -0.459576 
1710054182.538558 -2.156307 13.550736 -1.474929 0.008442 0.027000 0.887880 -0.459204 
1710054182.639184 -2.204281 13.481368 -1.475139 0.010913 0.028538 0.887872 -0.459075 
1710054182.740140 -2.278669 13.392712 -1.490198 0.008997 0.026582 0.887494 -0.459963 
1710054182.840846 -2.341709 13.320896 -1.482055 0.008103 0.028101 0.888106 -0.458708 
1710054182.941690 -2.396384 13.260261 -1.458852 0.009367 0.029327 0.887212 -0.460335 
1710054183.042554 -2.441150 13.188391 -1.460838 0.010634 0.029599 0.887604 -0.459532 
1710054183.144959 -2.503291 13.081789 -1.462575 0.008413 0.025925 0.887499 -0.460002 
1710054183.244423 -2.541131 12.989729 -1.461571 0.011335 0.024021 0.883030 -0.468565 
1710054183.347857 -2.554615 12.904507 -1.455736 0.015621 0.021076 0.876240 -0.481161 
1710054183.445999 -2.595898 12.819455 -1.446553 0.019264 0.015879 0.866136 -0.499185 
1710054183.547468 -2.652431 12.730371 -1.441764 0.019615 0.013579 0.855248 -0.517670 
1710054183.647787 -2.683238 12.657935 -1.434974 0.021615 0.012921 0.843815 -0.536043 
1710054183.748735 -2.711923 12.590225 -1.425608 0.024745 0.012063 0.832080 -0.553972 
1710054183.849694 -2.744585 12.487632 -1.426083 0.020794 0.014850 0.820820 -0.570615 
1710054183.950532 -2.758902 12.380044 -1.424833 0.021649 0.011148 0.807939 -0.588763 
1710054184.051410 -2.759628 12.309210 -1.421628 0.025833 0.013166 0.795648 -0.605065 
1710054184.152020 -2.770214 12.221532 -1.419692 0.027875 0.014098 0.782564 -0.621786 
1710054184.252876 -2.786031 12.113880 -1.416199 0.024678 0.013227 0.770298 -0.637069 
1710054184.353728 -2.797296 12.031474 -1.399815 0.024978 0.014079 0.757123 -0.652643 
1710054184.454708 -2.798188 11.949487 -1.390042 0.025030 0.017638 0.743546 -0.667983 
1710054184.555787 -2.803078 11.864887 -1.395064 0.023583 0.016919 0.731162 -0.681586 
1710054184.656641 -2.808182 11.749547 -1.402210 0.023621 0.013805 0.718077 -0.695426 
1710054184.757174 -2.818357 11.665468 -1.391419 0.023962 0.012910 0.704582 -0.709101 
1710054184.858102 -2.825292 11.583676 -1.383349 0.026262 0.011543 0.691737 -0.721580 
1710054184.958937 -2.827051 11.491856 -1.382776 0.024824 0.010949 0.676391 -0.736043 
1710054185.059777 -2.820128 11.385358 -1.375044 0.023333 0.010382 0.662232 -0.748864 
1710054185.160789 -2.829627 11.303343 -1.365881 0.023602 0.009917 0.647270 -0.761831 
1710054185.261580 -2.826850 11.226114 -1.360232 0.024445 0.010478 0.631383 -0.775015 
1710054185.362342 -2.827733 11.140424 -1.371730 0.025722 0.012107 0.618366 -0.785376 
1710054185.463186 -2.822772 11.055991 -1.373975 0.023367 0.008775 0.601350 -0.798595 
1710054185.564153 -2.804939 11.003913 -1.362363 0.024652 0.008695 0.586580 -0.809469 
1710054185.665236 -2.778438 10.938989 -1.360256 0.027531 0.009090 0.569651 -0.821375 
1710054185.766040 -2.732084 10.831104 -1.358286 0.025585 0.007923 0.553936 -0.832128 
1710054185.866769 -2.717711 10.739722 -1.339630 0.023995 0.007855 0.538286 -0.842384 
1710054185.967514 -2.685633 10.669131 -1.331247 0.028047 0.010187 0.520302 -0.853461 
1710054186.068340 -2.622545 10.584674 -1.333669 0.029054 0.008991 0.506306 -0.861818 
1710054186.169193 -2.543565 10.494306 -1.342497 0.028894 0.009255 0.492748 -0.869643 
1710054186.270230 -2.468583 10.425699 -1.334511 0.029033 0.011871 0.477167 -0.878252 
1710054186.370934 -2.427550 10.375696 -1.329358 0.031350 0.013018 0.462728 -0.885850 
1710054186.471835 -2.353609 10.290351 -1.303490 0.030439 0.012927 0.449099 -0.892870 
1710054186.572875 -2.246165 10.187289 -1.295409 0.023306 0.015650 0.444946 -0.895117 
1710054186.673507 -2.188466 10.121872 -1.283642 0.018526 0.017066 0.443499 -0.895921 
1710054186.774400 -2.121271 10.048308 -1.281537 0.015463 0.020797 0.444211 -0.895548 
1710054186.875213 -2.050381 9.966527 -1.283365 0.014326 0.016016 0.444501 -0.895521 
1710054186.976150 -1.996431 9.885749 -1.272471 0.014301 0.014920 0.444320 -0.895630 
1710054187.077803 -1.948362 9.816383 -1.274709 0.015658 0.018569 0.445197 -0.895103 
1710054187.177878 -1.899672 9.743295 -1.280006 0.016953 0.016706 0.444691 -0.895368 
1710054187.278703 -1.840628 9.661996 -1.266492 0.013608 0.015006 0.444738 -0.895432 
1710054187.381911 -1.768281 9.567915 -1.242121 0.013842 0.017371 0.447647 -0.893934 
1710054187.480422 -1.709440 9.472821 -1.234907 0.012732 0.019940 0.455356 -0.889995 
1710054187.581330 -1.636230 9.369988 -1.256665 0.009192 0.022984 0.465238 -0.884840 
1710054187.682253 -1.552798 9.282002 -1.254443 0.006017 0.023721 0.474822 -0.879742 
1710054187.783281 -1.488913 9.211317 -1.232618 0.006547 0.025641 0.485678 -0.873737 
1710054187.884112 -1.443821 9.132524 -1.235932 0.005493 0.025700 0.498098 -0.866723 
1710054187.984735 -1.398293 9.015422 -1.233608 0.003841 0.027389 0.507380 -0.861278 
1710054188.085607 -1.366206 8.925620 -1.231462 0.001659 0.028849 0.518853 -0.854375 
1710054188.186369 -1.337664 8.866010 -1.212439 0.005674 0.028716 0.526925 -0.849408 
1710054188.287298 -1.321971 8.778605 -1.209787 0.006544 0.029087 0.537590 -0.842679 
1710054188.389094 -1.283986 8.690412 -1.201348 0.006661 0.025185 0.546348 -0.837153 
1710054188.491183 -1.248852 8.625795 -1.188114 0.008180 0.026875 0.556300 -0.830507 
1710054188.589927 -1.221202 8.571265 -1.189622 0.007552 0.030122 0.565843 -0.823928 
1710054188.692774 -1.168259 8.493916 -1.185786 0.008925 0.029053 0.573771 -0.818451 
1710054188.791539 -1.152581 8.389772 -1.170343 0.007263 0.029903 0.581697 -0.812823 
1710054188.892441 -1.157474 8.319549 -1.157894 0.007640 0.030963 0.589836 -0.806893 
1710054188.993246 -1.151270 8.237805 -1.155670 0.008150 0.032223 0.597326 -0.801309 
1710054189.094217 -1.129601 8.138764 -1.170123 0.006880 0.030634 0.606536 -0.794436 
1710054189.195097 -1.096820 8.047212 -1.149782 0.006381 0.029930 0.614451 -0.788361 
1710054189.295865 -1.063540 7.970682 -1.124662 0.007189 0.031739 0.623937 -0.780797 
1710054189.397079 -1.039116 7.900347 -1.136275 0.008858 0.029338 0.630571 -0.775527 
1710054189.497669 -1.023888 7.803560 -1.142326 0.008718 0.027203 0.631288 -0.775022 
1710054189.598750 -1.021383 7.723999 -1.132124 0.009568 0.029329 0.631099 -0.775089 
1710054189.701207 -1.004977 7.645440 -1.120154 0.014529 0.028288 0.630305 -0.775696 
1710054189.800378 -0.993406 7.541114 -1.128355 0.014767 0.025741 0.631194 -0.775057 
1710054189.901351 -0.971796 7.446607 -1.127007 0.016093 0.023211 0.630719 -0.775497 
1710054190.001976 -0.937182 7.368582 -1.106664 0.017294 0.024440 0.631897 -0.774474 
1710054190.102716 -0.905290 7.278601 -1.099133 0.018967 0.025676 0.630489 -0.775541 
1710054190.203582 -0.865091 7.199788 -1.091533 0.019412 0.022822 0.630746 -0.775411 
1710054190.304431 -0.834856 7.109549 -1.076068 0.017891 0.023529 0.629831 -0.776170 
1710054190.405618 -0.788036 7.039921 -1.059947 0.015619 0.024794 0.629534 -0.776420 
1710054190.506190 -0.741494 6.951354 -1.070269 0.015728 0.026820 0.627806 -0.777749 
1710054190.608880 -0.667294 6.852642 -1.072379 0.017583 0.020486 0.630720 -0.775541 
1710054190.707868 -0.600077 6.787120 -1.053974 0.018133 0.021742 0.634262 -0.772600 
1710054190.808746 -0.545628 6.716014 -1.044470 0.015427 0.026905 0.639079 -0.768516 
1710054190.909615 -0.507743 6.629214 -1.061767 0.014401 0.022967 0.642002 -0.766223 
1710054191.011202 -0.472730 6.527163 -1.049363 0.012373 0.023874 0.652493 -0.757318 
1710054191.111338 -0.463512 6.456011 -1.030153 0.008119 0.030730 0.661842 -0.748969 
1710054191.212262 -0.433362 6.364687 -1.012864 0.011210 0.034785 0.664088 -0.746761 
1710054191.313093 -0.380331 6.265351 -1.020454 0.017609 0.026513 0.664886 -0.746267 
1710054191.413897 -0.329862 6.174815 -1.009954 0.018827 0.022389 0.665201 -0.746091 
1710054191.514897 -0.293841 6.103324 -0.994445 0.019390 0.025714 0.666282 -0.745004 
1710054191.615850 -0.249357 5.993671 -0.988660 0.020021 0.024277 0.665649 -0.745601 
1710054191.716778 -0.223409 5.888648 -0.993446 0.016522 0.021074 0.666285 -0.745216 
1710054191.817564 -0.229293 5.785997 -0.984660 0.017144 0.022843 0.665654 -0.745713 
1710054191.918379 -0.243869 5.701729 -0.985068 0.016492 0.026802 0.665756 -0.745505 
1710054192.019162 -0.239749 5.606340 -0.969194 0.011300 0.026193 0.665734 -0.745644 
1710054192.122762 -0.214514 5.494014 -0.962327 0.012538 0.024774 0.665148 -0.746195 
1710054192.220768 -0.190608 5.431753 -0.951529 0.012900 0.026944 0.666504 -0.744903 
1710054192.321622 -0.164888 5.359817 -0.948274 0.013331 0.026368 0.665723 -0.745613 
1710054192.422631 -0.153755 5.261018 -0.948048 0.011493 0.025189 0.665223 -0.746131 
1710054192.523581 -0.152839 5.166021 -0.936897 0.012811 0.027908 0.665676 -0.745609 
1710054192.627605 -0.144585 5.084101 -0.929762 0.013555 0.028896 0.664941 -0.746213 
1710054192.725047 -0.144043 5.000467 -0.939711 0.013000 0.030751 0.665474 -0.745674 
1710054192.825902 -0.141184 4.894692 -0.929919 0.011813 0.025667 0.665154 -0.746171 
1710054192.926891 -0.112132 4.818962 -0.911551 0.013550 0.026169 0.665827 -0.745524 
1710054193.027680 -0.078237 4.740547 -0.902837 0.014201 0.028588 0.666213 -0.745078 
1710054193.128551 -0.060689 4.654116 -0.903454 0.012704 0.025429 0.664457 -0.746786 
1710054193.230550 -0.068667 4.552596 -0.912239 0.009777 0.027711 0.667501 -0.744029 
1710054193.330291 -0.071161 4.475899 -0.899366 0.009094 0.029856 0.673711 -0.738335 
1710054193.431124 -0.072573 4.395207 -0.889062 0.010461 0.033405 0.676751 -0.735379 
1710054193.531968 -0.041210 4.295179 -0.867562 0.009102 0.029126 0.677294 -0.735079 
1710054193.635234 -0.014088 4.182444 -0.873977 0.011516 0.026848 0.677677 -0.734779 
1710054193.733718 -0.015326 4.118145 -0.881196 0.017505 0.026781 0.679258 -0.733202 
1710054193.834630 0.020267 4.029953 -0.855879 0.019421 0.033622 0.684926 -0.727577 
1710054193.936026 0.022202 3.922048 -0.841964 0.018972 0.038740 0.686833 -0.725534 
1710054194.036219 0.002907 3.821284 -0.820777 0.025481 0.045993 0.685452 -0.726217 
1710054194.137077 0.002057 3.751295 -0.811974 0.032389 0.051418 0.683678 -0.727249 
1710054194.239841 -0.006170 3.642584 -0.795019 0.037769 0.054034 0.684609 -0.725923 
1710054194.340004 0.015532 3.532037 -0.795509 0.045228 0.054586 0.684919 -0.725162 
1710054194.443890 0.039426 3.450806 -0.767477 0.050329 0.061021 0.685328 -0.723926 
1710054194.540969 0.065413 3.384146 -0.740927 0.054396 0.067057 0.685314 -0.723111 
1710054194.641526 0.079012 3.288467 -0.726013 0.057613 0.069132 0.683548 -0.724337 
1710054194.742427 0.070292 3.191544 -0.737139 0.060670 0.074608 0.683539 -0.723552 
1710054194.843098 0.081712 3.130699 -0.704929 0.057482 0.077577 0.681064 -0.725830 
1710054194.943965 0.097727 3.051640 -0.698579 0.062667 0.076696 0.682544 -0.724103 
1710054195.045038 0.123679 2.962791 -0.660389 0.057837 0.072905 0.682894 -0.724566 
1710054195.145851 0.148405 2.875144 -0.636453 0.060087 0.074259 0.683626 -0.723554 
1710054195.246630 0.150321 2.784500 -0.627836 0.061109 0.076178 0.682588 -0.724249 
1710054195.347497 0.158160 2.705376 -0.606151 0.060922 0.077652 0.683082 -0.723642 
1710054195.448463 0.168658 2.608430 -0.589271 0.058294 0.075951 0.682983 -0.724132 
1710054195.549305 0.166656 2.527236 -0.564180 0.058003 0.078904 0.683117 -0.723713 
1710054195.650771 0.181040 2.440285 -0.541440 0.060658 0.081428 0.681829 -0.724430 
1710054195.753148 0.201891 2.335188 -0.530594 0.060940 0.081825 0.683440 -0.722842 
1710054195.855855 0.218801 2.225333 -0.503478 0.061046 0.077235 0.684427 -0.722404 
1710054195.952662 0.213380 2.145504 -0.471044 0.061455 0.077919 0.683960 -0.722738 
1710054196.055841 0.204550 2.057120 -0.468442 0.063872 0.080027 0.684634 -0.721659 
1710054196.159883 0.216811 1.951588 -0.451464 0.061377 0.079492 0.683408 -0.723095 
1710054196.255974 0.211959 1.865996 -0.426222 0.058772 0.079667 0.683762 -0.722959 
1710054196.360012 0.212270 1.788163 -0.398475 0.059881 0.078884 0.683851 -0.722869 
1710054196.460231 0.224398 1.701633 -0.377112 0.059050 0.077129 0.684640 -0.722379 
1710054196.560143 0.245829 1.587524 -0.352794 0.057320 0.070369 0.685363 -0.722523 
1710054196.658623 0.259515 1.496470 -0.349243 0.055170 0.066844 0.686060 -0.722364 
1710054196.759419 0.283690 1.408974 -0.333595 0.050720 0.064071 0.686863 -0.722178 
1710054196.862925 0.308135 1.322203 -0.317252 0.045276 0.056442 0.686700 -0.723331 
1710054196.961133 0.338331 1.218385 -0.307049 0.034621 0.047393 0.686461 -0.724794 
1710054197.062226 0.327284 1.134728 -0.306338 0.028646 0.042995 0.688711 -0.723193 
1710054197.162906 0.332224 1.060741 -0.290467 0.025347 0.039548 0.686821 -0.725307 
1710054197.263751 0.351765 0.960709 -0.293730 0.019986 0.036571 0.686726 -0.725720 
1710054197.364629 0.366937 0.850984 -0.283671 0.016450 0.023850 0.686740 -0.726325 
1710054197.465532 0.390299 0.770974 -0.276208 0.011660 0.023660 0.688709 -0.724558 
1710054197.566528 0.369554 0.695660 -0.275899 0.007810 0.023900 0.688860 -0.724458 
1710054197.667271 0.370359 0.588877 -0.281956 0.006657 0.023097 0.687196 -0.726074 
1710054197.768406 0.376815 0.496843 -0.279072 0.004761 0.024112 0.685229 -0.727913 
1710054197.868954 0.390584 0.412955 -0.272450 0.005320 0.024561 0.686254 -0.726927 
1710054197.969741 0.403019 0.332047 -0.284967 0.004374 0.026068 0.685591 -0.727507 
1710054198.070623 0.413122 0.223586 -0.286872 0.003162 0.018349 0.686412 -0.726974 
1710054198.171983 0.398336 0.132966 -0.272807 0.001132 0.015718 0.685928 -0.727499 
1710054198.272340 0.394120 0.064913 -0.248879 0.001791 0.019003 0.685634 -0.727696 
1710054198.373466 0.392623 -0.023553 -0.223392 -0.000083 0.020275 0.685939 -0.727376 
1710054198.474167 0.404185 -0.135569 -0.197699 -0.005886 0.021588 0.685714 -0.727527 
1710054198.575143 0.426467 -0.228294 -0.171302 -0.007489 0.021367 0.686497 -0.726780 
1710054198.675823 0.431349 -0.306122 -0.156654 -0.007435 0.025031 0.684583 -0.728467 
1710054198.777198 0.434022 -0.403629 -0.162445 -0.005780 0.022385 0.686426 -0.726832 
1710054198.877463 0.457543 -0.517211 -0.172016 -0.008840 0.018763 0.687034 -0.726329 
1710054198.978331 0.485271 -0.618560 -0.155478 -0.006108 0.019452 0.689160 -0.724322 
1710054199.079320 0.494202 -0.690784 -0.166326 -0.010868 0.024608 0.688248 -0.724976 
1710054199.180526 0.506767 -0.802815 -0.171699 -0.008186 0.025690 0.687149 -0.726016 
1710054199.280939 0.493518 -0.903018 -0.177599 -0.007836 0.019263 0.688544 -0.724896 
1710054199.381996 0.471902 -0.988260 -0.176019 -0.007146 0.022313 0.686387 -0.726859 
1710054199.482800 0.453387 -1.055815 -0.182974 -0.003115 0.019166 0.686958 -0.726437 
1710054199.583481 0.421463 -1.092618 -0.180229 -0.003082 0.018777 0.686966 -0.726440 
1710054199.685851 0.382979 -1.115801 -0.167736 -0.000141 0.020172 0.685806 -0.727505 
1710054199.785370 0.363872 -1.123914 -0.159392 -0.000223 0.016733 0.687125 -0.726347 
1710054199.886200 0.357868 -1.121406 -0.138132 -0.003910 0.014407 0.688575 -0.725012 
1710054199.986937 0.362279 -1.112471 -0.098407 -0.001995 0.009419 0.689687 -0.724044 
1710054200.087846 0.380179 -1.116663 -0.067480 -0.006201 0.014708 0.690222 -0.723422 
1710054200.188625 0.407026 -1.113220 -0.033129 -0.009264 0.013650 0.687558 -0.725942 
1710054200.289560 0.437309 -1.112592 -0.016482 -0.005531 0.010460 0.686376 -0.727151 
1710054200.390560 0.470152 -1.104692 -0.011543 -0.006131 0.007603 0.690909 -0.722876 
1710054200.491222 0.485094 -1.089147 -0.012088 -0.010057 0.014402 0.689534 -0.724040 
1710054200.592538 0.492953 -1.078643 -0.013007 -0.009873 0.014818 0.690491 -0.723121 
1710054200.693024 0.490125 -1.078262 -0.022673 -0.008004 0.010259 0.690172 -0.723528 
1710054200.794042 0.500793 -1.080744 -0.022620 -0.007422 0.011551 0.689121 -0.724516 
1710054200.894677 0.500161 -1.088020 -0.031691 -0.007191 0.012265 0.688737 -0.724872 
1710054200.995548 0.502412 -1.094781 -0.047976 -0.006759 0.011597 0.690397 -0.723306 
1710054201.096464 0.485208 -1.098911 -0.049846 -0.003140 0.006071 0.692543 -0.721344 
1710054201.197525 0.486095 -1.107655 -0.057705 -0.007494 0.008399 0.692270 -0.721551 
1710054201.298188 0.498678 -1.113644 -0.068287 -0.004703 0.009336 0.692885 -0.720972 
1710054201.398945 0.497439 -1.116678 -0.077112 -0.000771 0.005988 0.692214 -0.721667 
1710054201.499912 0.492765 -1.115359 -0.080779 -0.000072 0.005412 0.691770 -0.722098 
1710054201.600679 0.487416 -1.123206 -0.103293 0.002653 0.006895 0.692835 -0.721058 
1710054201.701766 0.482965 -1.123537 -0.108150 -0.002041 0.007187 0.691972 -0.721886 
1710054201.802551 0.468096 -1.123639 -0.102715 -0.002146 0.006308 0.694107 -0.719841 
1710054201.903253 0.462331 -1.123882 -0.104133 0.004216 0.004003 0.692571 -0.721326 
1710054202.004204 0.458485 -1.119756 -0.109713 0.003165 0.005515 0.690980 -0.722846 
1710054202.104974 0.455220 -1.122944 -0.122084 0.002702 0.009845 0.691677 -0.722135 
1710054202.205936 0.455423 -1.125912 -0.106998 -0.000553 0.006064 0.694960 -0.719022 
1710054202.306705 0.452762 -1.130084 -0.099943 -0.004702 0.014601 0.692901 -0.720869 
1710054202.407829 0.452550 -1.134428 -0.094997 -0.003472 0.015256 0.693197 -0.720579 
1710054202.508523 0.441939 -1.135225 -0.093351 -0.003630 0.013968 0.692964 -0.720828 
1710054202.609282 0.441855 -1.127466 -0.083362 -0.001905 0.009263 0.692998 -0.720877 
1710054202.710394 0.432839 -1.135893 -0.068573 -0.008593 0.012118 0.696031 -0.717859 
1710054202.810979 0.444512 -1.132993 -0.062932 -0.009470 0.009411 0.695772 -0.718138 
1710054202.913501 0.457946 -1.130376 -0.040358 -0.012495 0.010953 0.695135 -0.718688 
