1710052929.459303 -0.011925 -0.009213 0.005626 0.000017 0.000422 -0.000297 1.000000 
1710052929.560184 0.001448 -0.011545 0.007223 0.000258 0.000527 -0.000105 1.000000 
1710052929.661348 0.005315 -0.008039 0.004305 -0.000196 0.000451 -0.000170 1.000000 
1710052929.761894 0.004133 -0.017281 0.005484 0.000200 0.000407 -0.000426 1.000000 
1710052929.862750 0.004887 -0.021465 0.004889 0.000019 0.000382 0.000150 1.000000 
1710052929.963646 -0.003805 -0.019227 0.003728 -0.000246 0.000326 -0.000157 1.000000 
1710052930.064481 -0.003234 -0.017509 0.006350 0.000263 0.000337 -0.000166 1.000000 
1710052930.165346 -0.000977 -0.018737 0.005632 -0.000076 0.000445 -0.000351 1.000000 
1710052930.266597 -0.003938 -0.022927 0.008206 -0.000111 0.000486 -0.000274 1.000000 
1710052930.366971 -0.004967 -0.020785 0.005789 0.000470 0.000365 -0.000065 1.000000 
1710052930.467828 -0.000215 -0.018755 0.006485 0.000021 0.000473 -0.000299 1.000000 
1710052930.568675 -0.000008 -0.017062 0.006297 -0.000038 0.000412 -0.000257 1.000000 
1710052930.669612 -0.001646 -0.017602 0.005875 -0.000016 0.000389 -0.000208 1.000000 
1710052930.770510 -0.005450 -0.022223 0.007217 -0.000012 0.000459 -0.000449 1.000000 
1710052930.874285 -0.005294 -0.022129 0.008994 0.000000 0.000524 -0.000370 1.000000 
1710052930.972189 -0.001666 -0.021829 0.011157 0.000074 0.000575 -0.000521 1.000000 
1710052931.073052 -0.000469 -0.022825 0.011917 0.000053 0.000554 -0.000641 1.000000 
1710052931.173826 0.002200 -0.018525 0.009733 -0.000021 0.000519 -0.000520 1.000000 
1710052931.274717 -0.004424 -0.019135 0.004486 0.000129 0.000432 -0.000671 1.000000 
1710052931.375687 -0.007935 -0.017633 0.001873 0.000073 0.000364 -0.000731 1.000000 
1710052931.476746 -0.008388 -0.018806 0.002511 0.000304 0.000370 -0.000542 1.000000 
1710052931.577273 -0.005919 -0.019693 0.001135 0.000064 0.000302 -0.000553 1.000000 
1710052931.678268 -0.007414 -0.021369 0.001709 0.000155 0.000384 -0.000678 1.000000 
1710052931.779269 -0.005030 -0.019712 0.003022 0.000231 0.000381 -0.000677 1.000000 
1710052931.880040 -0.005061 -0.018673 0.003508 -0.000023 0.000399 -0.000605 1.000000 
1710052931.982017 -0.006122 -0.016719 0.002428 0.000279 0.000348 -0.000782 1.000000 
1710052932.081559 -0.004736 -0.014853 0.003451 0.000260 0.000382 -0.000835 1.000000 
1710052932.182498 -0.006675 -0.016636 0.001495 0.000076 0.000357 -0.000467 1.000000 
1710052932.286098 -0.004137 -0.020596 0.000465 0.000087 0.000364 -0.000774 1.000000 
1710052932.384181 -0.005758 -0.021639 0.001383 0.000108 0.000363 -0.000840 1.000000 
1710052932.484991 -0.007353 -0.020672 0.001480 -0.000028 0.000331 -0.000446 1.000000 
1710052932.585846 -0.002836 -0.023294 -0.000611 0.000158 0.000314 -0.000365 1.000000 
1710052932.690417 -0.004746 -0.024743 0.000363 0.000159 0.000319 -0.000824 1.000000 
1710052932.787667 -0.001397 -0.025991 0.000449 0.000044 0.000308 -0.000549 1.000000 
1710052932.888470 -0.001604 -0.022658 0.003273 0.000205 0.000415 -0.000651 1.000000 
1710052932.989369 -0.002318 -0.022253 0.003812 0.000236 0.000430 -0.000815 1.000000 
1710052933.090150 -0.000669 -0.021186 0.004786 0.000078 0.000437 -0.000348 1.000000 
1710052933.191096 0.000871 -0.022833 0.003681 0.000183 0.000420 -0.000496 1.000000 
1710052933.292156 0.002491 -0.021826 0.000894 0.000168 0.000363 -0.000834 1.000000 
1710052933.392872 -0.000641 -0.022555 0.001271 0.000258 0.000366 -0.000574 1.000000 
1710052933.493911 0.001634 -0.023321 -0.001086 0.000033 0.000312 -0.000537 1.000000 
1710052933.595048 0.000355 -0.020193 0.000873 0.000248 0.000360 -0.000751 1.000000 
1710052933.699625 -0.002706 -0.023405 0.001009 0.000118 0.000370 -0.000750 1.000000 
1710052933.796191 -0.005488 -0.023689 0.002232 0.000332 0.000398 -0.000773 1.000000 
1710052933.897024 -0.003312 -0.022853 0.002227 0.000114 0.000400 -0.000947 0.999999 
1710052933.997870 -0.005350 -0.022134 0.000493 0.000115 0.000336 -0.000939 0.999999 
1710052934.098752 -0.005194 -0.026072 -0.001146 0.000191 0.000322 -0.000585 1.000000 
1710052934.199629 -0.003631 -0.026006 0.000820 0.000220 0.000346 -0.000808 1.000000 
1710052934.300657 -0.004849 -0.024673 0.002759 0.000293 0.000422 -0.000883 0.999999 
1710052934.402316 -0.005863 -0.023471 0.002810 0.000208 0.000400 -0.000864 1.000000 
1710052934.502167 0.000668 -0.022584 -0.000002 0.000159 0.000381 -0.000871 1.000000 
1710052934.603024 0.001974 -0.020781 0.001766 0.000236 0.000439 -0.000955 0.999999 
1710052934.705750 -0.002183 -0.020618 0.001242 0.000300 0.000388 -0.001156 0.999999 
1710052934.809563 -0.002683 -0.023702 0.001218 0.000218 0.000415 -0.000587 1.000000 
1710052934.905606 0.000178 -0.024169 0.001803 0.000301 0.000377 -0.000867 1.000000 
1710052935.006468 -0.001376 -0.021478 -0.000598 0.000263 0.000364 -0.000768 1.000000 
1710052935.107324 -0.002185 -0.023544 -0.000109 0.000199 0.000354 -0.000913 1.000000 
1710052935.208188 -0.004463 -0.023504 0.000473 0.000223 0.000359 -0.000952 0.999999 
1710052935.309041 -0.008926 -0.023091 0.000457 0.000333 0.000386 -0.001022 0.999999 
1710052935.410122 -0.008137 -0.021870 0.002704 0.000309 0.000420 -0.001017 0.999999 
1710052935.510780 -0.007500 -0.022700 0.001995 0.000263 0.000419 -0.000812 1.000000 
1710052935.611656 -0.001335 -0.023756 0.001899 0.000210 0.000412 -0.001024 0.999999 
1710052935.712578 0.003173 -0.023664 0.001451 0.000199 0.000394 -0.000794 1.000000 
1710052935.813356 -0.002031 -0.021201 0.000838 0.000234 0.000413 -0.000826 1.000000 
1710052935.914360 -0.006550 -0.024232 0.001788 0.000313 0.000387 -0.000883 0.999999 
1710052936.015440 0.006100 -0.030925 0.004204 -0.000198 0.000718 -0.000646 1.000000 
1710052936.116544 0.039084 -0.036186 -0.006515 0.001080 0.000265 0.000900 0.999999 
1710052936.217062 0.090534 -0.019148 -0.001905 -0.000512 0.000102 -0.000266 1.000000 
1710052936.317701 0.163055 -0.006891 -0.002382 -0.000083 0.000193 -0.000938 1.000000 
1710052936.418648 0.230317 -0.000766 -0.004726 -0.000189 0.000080 0.000234 1.000000 
1710052936.519378 0.305606 0.008581 -0.011080 0.000032 -0.000170 -0.000795 1.000000 
1710052936.620226 0.417857 0.009316 -0.027901 -0.000047 -0.000266 -0.000648 1.000000 
1710052936.721396 0.515758 0.008988 -0.037178 0.001229 -0.000308 -0.001390 0.999998 
1710052936.822323 0.592192 0.019441 -0.021238 0.000165 -0.000277 -0.000149 1.000000 
1710052936.922870 0.690406 0.016965 -0.022964 0.000875 -0.000619 -0.001023 0.999999 
1710052937.023636 0.809205 0.009871 -0.040738 0.000458 -0.000758 -0.001995 0.999998 
1710052937.124499 0.897154 0.002101 -0.029909 0.000596 -0.000399 -0.000811 0.999999 
1710052937.225369 0.971113 -0.001292 -0.019254 0.000389 -0.000563 -0.002046 0.999998 
1710052937.326264 1.082317 -0.005657 -0.016121 0.000308 -0.000532 0.000023 1.000000 
1710052937.427266 1.200841 -0.031790 -0.023487 0.000904 -0.000405 -0.001136 0.999999 
1710052937.528243 1.290910 -0.045270 -0.018411 0.000929 -0.000472 -0.000682 0.999999 
1710052937.628977 1.391862 -0.040050 -0.017131 0.000698 -0.000346 -0.000695 0.999999 
1710052937.729885 1.507227 -0.037054 -0.042589 0.001066 -0.000656 -0.003387 0.999993 
1710052937.830524 1.623900 -0.028852 -0.047952 0.002438 0.001178 -0.000738 0.999996 
1710052937.931385 1.711942 -0.019287 -0.058900 0.002248 0.001226 -0.001908 0.999995 
1710052938.032460 1.809526 -0.007928 -0.075069 0.001895 0.000387 -0.001659 0.999997 
1710052938.133418 1.932173 -0.012564 -0.091902 0.002984 0.001689 -0.000156 0.999994 
1710052938.234156 2.018917 -0.016515 -0.083232 0.005443 0.012418 -0.000652 0.999908 
1710052938.334951 2.087700 -0.006095 -0.068558 0.004008 0.014675 -0.000802 0.999884 
1710052938.438524 2.162027 -0.014829 -0.071011 0.001476 0.015908 -0.000969 0.999872 
1710052938.536543 2.231509 -0.026526 -0.083531 -0.005952 0.016731 0.008845 0.999803 
1710052938.638718 2.291220 -0.033715 -0.086884 -0.008913 0.015777 0.025427 0.999512 
1710052938.742730 2.352374 -0.036556 -0.085115 -0.013947 0.013587 0.048257 0.998645 
1710052938.841245 2.471839 -0.017344 -0.073012 -0.016689 0.008864 0.071565 0.997257 
1710052938.939966 2.593507 -0.004761 -0.091636 -0.014263 0.007775 0.082267 0.996478 
1710052939.040844 2.695300 0.029582 -0.085638 -0.001579 0.005971 0.088360 0.996069 
1710052939.141704 2.799533 0.053180 -0.093973 -0.001584 0.004186 0.087356 0.996167 
1710052939.242672 2.914396 0.093273 -0.095134 -0.000993 0.008567 0.087958 0.996087 
1710052939.344864 3.003152 0.131479 -0.086305 0.001158 0.005321 0.087611 0.996140 
1710052939.444643 3.075842 0.161063 -0.082654 0.000254 0.001326 0.087034 0.996204 
1710052939.545229 3.145266 0.191897 -0.087539 0.000408 0.000954 0.085726 0.996318 
1710052939.646419 3.265419 0.228543 -0.091126 -0.000570 0.002023 0.087828 0.996133 
1710052939.747246 3.354301 0.228807 -0.075860 0.001447 0.000723 0.086590 0.996243 
1710052939.847710 3.430203 0.243299 -0.057946 0.001792 -0.000921 0.088200 0.996101 
1710052939.948619 3.531238 0.259118 -0.069708 0.001255 -0.000631 0.085741 0.996316 
1710052940.049633 3.634437 0.274564 -0.078112 0.001270 0.000210 0.086281 0.996270 
1710052940.150942 3.721243 0.298776 -0.064589 0.002444 -0.000923 0.086454 0.996252 
1710052940.251298 3.801071 0.313161 -0.062543 0.002038 -0.000286 0.084930 0.996385 
1710052940.351995 3.902069 0.335149 -0.063147 0.001877 -0.000290 0.086974 0.996209 
1710052940.452895 4.016411 0.348655 -0.069959 0.002415 0.000271 0.086495 0.996249 
1710052940.553798 4.097466 0.350293 -0.069790 0.002361 0.000339 0.086900 0.996214 
1710052940.654647 4.193709 0.361627 -0.065187 0.003059 -0.000306 0.086096 0.996282 
1710052940.756735 4.307865 0.372410 -0.079503 0.003404 0.002905 0.086026 0.996283 
1710052940.856531 4.397223 0.386044 -0.076277 0.001696 0.001895 0.087672 0.996146 
1710052940.957180 4.472134 0.404697 -0.067343 0.002518 -0.000388 0.086330 0.996263 
1710052941.058010 4.529302 0.417972 -0.079441 0.000675 0.001582 0.088997 0.996030 
1710052941.158887 4.646543 0.443892 -0.063781 0.000805 0.001287 0.098008 0.995184 
1710052941.259727 4.734565 0.448544 -0.045254 0.000417 0.001468 0.096675 0.995315 
1710052941.361073 4.819940 0.464039 -0.043286 0.000645 -0.000052 0.096345 0.995348 
1710052941.461982 4.920541 0.492349 -0.059219 0.000509 0.000791 0.095184 0.995459 
1710052941.562397 5.024828 0.496015 -0.073802 0.001371 0.000140 0.096552 0.995327 
1710052941.665198 5.088261 0.521735 -0.069536 0.002061 -0.001136 0.100087 0.994976 
1710052941.764102 5.145770 0.555577 -0.070440 0.001043 -0.001325 0.110171 0.993911 
1710052941.865088 5.219347 0.572115 -0.069340 -0.006324 -0.001195 0.124227 0.992233 
1710052941.965748 5.281716 0.587239 -0.059137 -0.006571 -0.003211 0.144395 0.989493 
1710052942.066779 5.369088 0.604072 -0.048881 -0.013674 -0.005137 0.165816 0.986048 
1710052942.167499 5.467320 0.643334 -0.054731 -0.015359 -0.004715 0.184102 0.982776 
1710052942.272448 5.560989 0.688702 -0.076325 -0.016404 -0.005300 0.203241 0.978977 
1710052942.369185 5.677220 0.738763 -0.062890 -0.013875 -0.007636 0.219020 0.975592 
1710052942.470042 5.780643 0.790392 -0.064403 -0.007804 -0.007528 0.224601 0.974390 
1710052942.570906 5.907841 0.832500 -0.066010 -0.005962 -0.005608 0.225787 0.974142 
1710052942.671806 6.012107 0.875668 -0.052757 0.001219 -0.002312 0.224635 0.974440 
1710052942.772828 6.084058 0.897172 -0.047435 0.003006 -0.001928 0.225490 0.974239 
1710052942.873471 6.173848 0.926863 -0.053267 0.003419 -0.002473 0.224820 0.974391 
1710052942.974370 6.261604 0.983730 -0.062074 0.003668 0.000090 0.224616 0.974440 
1710052943.075205 6.343617 1.045541 -0.049694 0.001762 -0.001744 0.226127 0.974095 
1710052943.176251 6.404813 1.082742 -0.042398 0.002414 -0.002386 0.224968 0.974360 
1710052943.277031 6.488438 1.121579 -0.059454 0.002331 -0.000917 0.226245 0.974067 
1710052943.377977 6.598828 1.161517 -0.064186 0.002598 0.000439 0.225496 0.974241 
1710052943.478761 6.671421 1.183387 -0.052539 0.002751 0.000160 0.225981 0.974128 
1710052943.579622 6.749660 1.218931 -0.047226 0.002397 -0.001868 0.225856 0.974156 
1710052943.680380 6.840536 1.251784 -0.069036 0.003012 0.000232 0.224770 0.974407 
1710052943.781300 6.927468 1.293875 -0.068799 0.002483 -0.000366 0.226170 0.974085 
1710052943.882074 7.003082 1.323850 -0.060028 0.002183 0.000056 0.225265 0.974295 
1710052943.983119 7.079381 1.365657 -0.063001 0.002359 -0.002332 0.225541 0.974228 
1710052944.085622 7.183353 1.418703 -0.062037 0.001898 -0.000725 0.226302 0.974055 
1710052944.185920 7.266840 1.466759 -0.059629 0.002584 -0.000623 0.225891 0.974149 
1710052944.285648 7.335235 1.497548 -0.061711 0.002668 -0.002664 0.226228 0.974067 
1710052944.386377 7.428717 1.528247 -0.063069 0.002914 -0.001021 0.225447 0.974251 
1710052944.487369 7.524629 1.597368 -0.063100 0.002170 -0.001598 0.226017 0.974120 
1710052944.588098 7.597504 1.635045 -0.056680 0.002225 -0.002144 0.225384 0.974265 
1710052944.688954 7.668268 1.666521 -0.055668 0.002683 -0.002558 0.225685 0.974193 
1710052944.790015 7.752764 1.720062 -0.064966 0.002313 -0.001080 0.226730 0.973954 
1710052944.890653 7.843219 1.770743 -0.048856 0.002634 -0.000998 0.225995 0.974124 
1710052944.991516 7.906139 1.802103 -0.043949 0.002662 -0.001220 0.227080 0.973872 
1710052945.092424 7.991302 1.829979 -0.048905 0.002854 -0.000677 0.225993 0.974124 
1710052945.193329 8.105551 1.900720 -0.059254 0.002510 -0.000666 0.226919 0.973910 
1710052945.294098 8.184254 1.953436 -0.048558 0.002367 0.000203 0.226378 0.974037 
1710052945.395107 8.247764 1.988478 -0.045788 0.002530 -0.000241 0.225720 0.974189 
1710052945.496394 8.347497 2.060540 -0.055767 0.002399 0.000160 0.227708 0.973726 
1710052945.596678 8.440110 2.104763 -0.068511 0.002754 0.001422 0.226626 0.973977 
1710052945.697579 8.517479 2.140423 -0.060951 0.002644 0.001405 0.227865 0.973688 
1710052945.798449 8.608708 2.211443 -0.047065 0.001789 0.000532 0.238041 0.971253 
1710052945.899306 8.711116 2.312390 -0.018924 -0.001530 -0.000052 0.251652 0.967817 
1710052946.000285 8.767143 2.317333 -0.062732 -0.012003 0.003394 0.256759 0.966395 
1710052946.101123 8.804048 2.302145 -0.067313 -0.010058 0.005388 0.256061 0.966593 
1710052946.202228 8.878490 2.343727 -0.064173 -0.004157 0.005759 0.258496 0.965986 
1710052946.302676 8.967276 2.398664 -0.085158 -0.002324 0.004954 0.257590 0.966239 
1710052946.403581 9.064099 2.456798 -0.083352 0.001177 0.002861 0.258348 0.966047 
1710052946.504407 9.131341 2.505901 -0.082383 0.002321 0.000675 0.259778 0.965665 
1710052946.605246 9.206835 2.557305 -0.068441 0.002513 0.002048 0.258549 0.965993 
1710052946.706216 9.300086 2.631161 -0.061967 0.001095 0.003640 0.258257 0.966069 
1710052946.807491 9.363552 2.673626 -0.066590 0.001886 0.002650 0.257685 0.966223 
1710052946.907846 9.431121 2.727332 -0.065324 0.002038 0.002581 0.258144 0.966101 
1710052947.008689 9.515708 2.779684 -0.096409 0.001934 0.002883 0.259130 0.965836 
1710052947.109591 9.593982 2.822387 -0.086130 0.001969 0.004036 0.257831 0.966180 
1710052947.210579 9.667731 2.853459 -0.074897 0.002033 0.002216 0.259274 0.965799 
1710052947.311414 9.744392 2.898853 -0.083783 0.002706 0.000726 0.258548 0.965994 
1710052947.412566 9.832248 2.967825 -0.092131 0.001105 0.004520 0.258492 0.966002 
1710052947.513142 9.897883 3.024753 -0.088252 0.001185 0.003173 0.257804 0.966191 
1710052947.613898 9.961217 3.063511 -0.080861 0.001782 0.002986 0.257254 0.966338 
1710052947.714895 10.049355 3.122328 -0.057146 0.000542 0.002762 0.259577 0.965718 
1710052947.815924 10.135629 3.168823 -0.080854 0.001945 0.002957 0.258194 0.966087 
1710052947.916427 10.211950 3.204829 -0.087970 0.001719 0.002212 0.258510 0.966005 
1710052948.017310 10.264446 3.230571 -0.096341 0.002339 0.000366 0.258381 0.966040 
1710052948.118310 10.339330 3.280704 -0.077826 0.001163 0.004044 0.251884 0.967748 
1710052948.219347 10.407177 3.328458 -0.085142 0.002451 0.001620 0.243656 0.969857 
1710052948.319985 10.476907 3.375070 -0.076561 0.004695 0.001219 0.237189 0.971451 
1710052948.420751 10.562292 3.432990 -0.051601 0.003693 0.001013 0.237469 0.971388 
1710052948.521570 10.647736 3.507866 -0.073302 0.001388 -0.000978 0.239746 0.970834 
1710052948.622428 10.738789 3.562620 -0.074685 0.001650 -0.000674 0.237564 0.971370 
1710052948.723461 10.808645 3.602153 -0.065070 0.002043 -0.001982 0.239408 0.970915 
1710052948.824344 10.870755 3.629855 -0.092993 0.003649 -0.003171 0.237900 0.971278 
1710052948.925031 10.958167 3.670542 -0.091686 0.003190 -0.001078 0.231010 0.972946 
1710052949.025933 11.015382 3.689366 -0.093196 0.004109 -0.001505 0.223282 0.974744 
1710052949.126772 11.068389 3.695060 -0.087315 0.007749 -0.001433 0.208279 0.978038 
1710052949.228085 11.166158 3.758684 -0.060762 0.009321 0.005775 0.196822 0.980378 
1710052949.328935 11.284112 3.794996 -0.050297 0.010265 0.007499 0.188819 0.981930 
1710052949.429513 11.400962 3.848529 -0.032384 0.007738 0.006586 0.188136 0.982090 
1710052949.530680 11.492004 3.887503 -0.045294 0.005929 0.002051 0.189208 0.981917 
1710052949.631481 11.601338 3.924664 -0.047188 0.003868 0.002137 0.187588 0.982238 
1710052949.731914 11.696068 3.984035 -0.061581 0.002763 0.003605 0.188504 0.982062 
1710052949.832807 11.755533 4.016798 -0.073972 0.003686 0.002638 0.187505 0.982253 
1710052949.933730 11.842396 4.046711 -0.079287 0.003366 0.001266 0.187936 0.982175 
1710052950.034707 11.935243 4.096786 -0.107059 0.002466 0.000654 0.189848 0.981810 
1710052950.135501 12.018044 4.117560 -0.083041 0.003256 0.002812 0.188101 0.982140 
1710052950.236250 12.090694 4.136336 -0.059121 0.003400 0.000894 0.188869 0.981996 
1710052950.337103 12.179188 4.162498 -0.060473 0.003528 -0.001386 0.188227 0.982118 
1710052950.437891 12.283743 4.222967 -0.080199 0.002483 0.000949 0.188477 0.982074 
1710052950.538895 12.354705 4.267601 -0.076281 0.002414 -0.000149 0.187939 0.982178 
1710052950.639657 12.415502 4.302294 -0.069420 0.002844 -0.002247 0.187171 0.982321 
1710052950.740584 12.509320 4.366619 -0.057097 0.002024 -0.000337 0.188735 0.982026 
1710052950.841397 12.603727 4.399668 -0.069913 0.003149 -0.001966 0.188115 0.982140 
1710052950.942279 12.681222 4.424687 -0.063852 0.003278 -0.001926 0.189080 0.981954 
1710052951.043115 12.755173 4.457122 -0.064660 0.003432 -0.003360 0.188191 0.982121 
1710052951.143959 12.857403 4.515970 -0.052339 0.002172 -0.002037 0.187791 0.982205 
1710052951.245138 12.950638 4.565420 -0.043360 0.002448 -0.002956 0.188055 0.982151 
1710052951.345767 13.018612 4.606057 -0.038644 0.003451 -0.006402 0.184327 0.982838 
1710052951.446653 13.100702 4.668138 -0.035098 0.004304 -0.005320 0.176746 0.984233 
1710052951.547495 13.251411 4.716671 -0.022323 0.006269 -0.001512 0.162127 0.986749 
1710052951.648280 13.310757 4.741857 -0.020515 0.008674 -0.002007 0.154649 0.987929 
1710052951.749068 13.362530 4.763809 -0.028054 0.008743 -0.004847 0.153491 0.988099 
1710052951.849986 13.441812 4.796562 -0.059270 0.007991 -0.006669 0.152629 0.988229 
1710052951.950833 13.535070 4.829583 -0.066407 0.004742 -0.006451 0.153669 0.988090 
1710052952.051816 13.635658 4.857648 -0.041923 0.004818 -0.005704 0.148630 0.988865 
1710052952.152648 13.742597 4.879364 -0.029192 0.006737 -0.005582 0.135703 0.990711 
1710052952.253375 13.827336 4.907715 -0.003560 0.008440 -0.001793 0.126426 0.991939 
1710052952.354237 13.910862 4.936841 -0.030804 0.009376 -0.005079 0.124510 0.992161 
1710052952.455947 13.969931 4.958581 -0.036520 0.008257 -0.006120 0.126238 0.991947 
1710052952.555991 14.048125 4.962360 -0.022971 0.009095 -0.004269 0.124136 0.992214 
1710052952.657036 14.144137 4.987171 -0.031570 0.007086 -0.003223 0.124375 0.992205 
1710052952.757868 14.239894 5.022773 -0.036724 0.006196 -0.003477 0.124551 0.992188 
1710052952.858984 14.300550 5.042830 -0.043341 0.006154 -0.005359 0.123910 0.992260 
1710052952.959600 14.385930 5.058521 -0.050333 0.004780 -0.004711 0.125858 0.992026 
1710052953.061116 14.497109 5.100408 -0.042051 0.006313 -0.002473 0.124816 0.992157 
1710052953.161223 14.565374 5.135279 -0.030918 0.005939 -0.003863 0.126587 0.991930 
1710052953.262087 14.648307 5.161287 -0.024740 0.005478 -0.005331 0.126210 0.991974 
1710052953.363068 14.750186 5.202865 -0.048103 0.005075 -0.006014 0.125696 0.992038 
1710052953.464185 14.857607 5.231901 -0.038260 0.003705 -0.003285 0.122364 0.992473 
1710052953.564559 14.965925 5.264058 -0.004517 0.006175 -0.004111 0.111216 0.993769 
1710052953.665392 15.063497 5.283192 -0.020999 0.009517 -0.005296 0.100225 0.994905 
1710052953.766397 15.192855 5.314739 -0.041926 0.009325 -0.003618 0.091860 0.995722 
1710052953.867215 15.268679 5.324101 -0.048677 0.009275 -0.004726 0.082779 0.996514 
1710052953.969530 15.309284 5.343133 -0.034963 0.008523 -0.005030 0.080480 0.996707 
1710052954.070376 15.377058 5.362295 -0.041615 0.007598 -0.006988 0.080350 0.996713 
1710052954.170052 15.476680 5.414990 -0.034881 0.002303 -0.003482 0.080631 0.996735 
1710052954.273382 15.555200 5.455989 -0.020470 0.002023 -0.003964 0.079079 0.996858 
1710052954.371435 15.639793 5.482820 -0.000893 0.006378 -0.008785 0.072255 0.997327 
1710052954.472266 15.718061 5.511651 -0.018608 0.006429 -0.010334 0.066074 0.997740 
1710052954.573146 15.837854 5.531797 -0.001057 0.006939 -0.007474 0.058179 0.998254 
1710052954.674526 15.919357 5.526885 -0.004408 0.010452 -0.008911 0.044356 0.998921 
1710052954.775253 15.996819 5.494262 -0.014590 0.011497 -0.010588 0.032406 0.999353 
1710052954.875781 16.085227 5.522569 -0.023467 0.019838 -0.012242 0.021441 0.999498 
1710052954.976750 16.156849 5.554126 -0.022630 0.011461 -0.011568 0.014959 0.999756 
1710052955.078364 16.206404 5.583590 -0.011947 0.007943 -0.011080 0.014945 0.999795 
1710052955.178463 16.299017 5.617835 0.003556 0.006282 -0.013002 0.012966 0.999812 
1710052955.279329 16.421065 5.626340 0.028533 0.007335 -0.011524 0.004934 0.999895 
1710052955.380134 16.515447 5.631875 0.029650 0.010086 -0.013964 -0.003758 0.999845 
1710052955.481116 16.574915 5.636270 0.023859 0.011219 -0.016379 -0.005649 0.999787 
1710052955.581733 16.660153 5.657892 0.023931 0.010063 -0.017236 -0.005659 0.999785 
1710052955.682580 16.776619 5.687531 0.042257 0.006794 -0.014491 -0.005854 0.999855 
1710052955.783437 16.875838 5.702331 0.053439 0.006034 -0.015383 -0.006533 0.999842 
1710052955.884364 16.958770 5.727105 0.057570 0.007414 -0.017191 -0.007316 0.999798 
1710052955.985387 17.048774 5.747708 0.070981 0.005205 -0.016510 -0.006545 0.999829 
1710052956.086193 17.149851 5.758736 0.077696 0.006731 -0.013956 -0.012514 0.999802 
1710052956.188072 17.217824 5.732256 0.082786 0.009372 -0.015138 -0.025698 0.999511 
1710052956.287740 17.324453 5.695817 0.058722 0.013746 -0.016413 -0.036778 0.999094 
1710052956.388676 17.436677 5.763936 0.050534 0.015634 -0.015792 -0.037007 0.999068 
1710052956.489450 17.529280 5.795907 0.071670 0.008123 -0.014600 -0.039445 0.999082 
1710052956.590316 17.605532 5.826800 0.093649 0.005424 -0.015612 -0.040067 0.999060 
1710052956.693349 17.686498 5.835427 0.077965 0.006535 -0.015212 -0.045714 0.998817 
1710052956.792430 17.750224 5.804303 0.064184 0.009909 -0.015526 -0.059603 0.998052 
1710052956.893007 17.807353 5.742016 0.064489 0.012764 -0.014943 -0.075070 0.996985 
1710052956.994007 17.905217 5.693048 0.068057 0.013808 -0.017324 -0.083129 0.996293 
1710052957.094813 18.026283 5.693783 0.069981 0.009909 -0.016931 -0.085554 0.996140 
1710052957.195593 18.126022 5.698329 0.074519 0.009586 -0.016217 -0.093151 0.995474 
1710052957.296490 18.208844 5.707263 0.083865 0.010394 -0.015756 -0.100602 0.994748 
1710052957.397530 18.336017 5.723966 0.104063 0.007623 -0.017507 -0.102880 0.994510 
1710052957.498071 18.427267 5.750907 0.105215 0.008691 -0.015649 -0.104547 0.994359 
1710052957.598967 18.483989 5.745046 0.105693 0.011453 -0.014149 -0.116410 0.993034 
1710052957.699904 18.509134 5.707849 0.072690 0.015292 -0.015723 -0.134322 0.990695 
1710052957.800658 18.609154 5.705651 0.075944 0.024590 -0.008171 -0.147919 0.988660 
1710052957.902130 18.727294 5.765189 0.099122 0.016908 -0.006496 -0.156178 0.987563 
1710052958.002694 18.863234 5.746736 0.112661 0.011963 -0.009150 -0.165142 0.986155 
1710052958.103411 18.956038 5.745940 0.132142 0.011928 -0.011930 -0.174000 0.984601 
1710052958.204443 19.041871 5.722164 0.133181 0.012014 -0.013728 -0.184587 0.982647 
1710052958.304947 19.118876 5.684783 0.105951 0.014838 -0.010770 -0.204021 0.978795 
1710052958.405857 19.161318 5.642301 0.107984 0.021253 -0.015658 -0.223704 0.974300 
1710052958.506629 19.244023 5.613907 0.121659 0.026345 -0.016833 -0.244519 0.969140 
1710052958.607868 19.342731 5.607729 0.130522 0.025475 -0.013773 -0.264635 0.963914 
1710052958.708504 19.443922 5.597978 0.153738 0.028758 -0.012369 -0.285916 0.957743 
1710052958.809255 19.509167 5.577381 0.163011 0.030370 -0.015860 -0.313228 0.949060 
1710052958.910316 19.580187 5.533129 0.145560 0.032720 -0.015429 -0.344153 0.938216 
1710052959.011249 19.668208 5.430825 0.128393 0.037799 -0.011993 -0.382500 0.923104 
1710052959.111899 19.742586 5.344064 0.120111 0.039801 -0.014143 -0.411879 0.910259 
1710052959.216348 19.798788 5.272622 0.103938 0.035279 -0.015066 -0.435305 0.899465 
1710052959.313892 19.847270 5.170811 0.086121 0.034530 -0.010632 -0.459060 0.887670 
1710052959.414477 19.901197 5.068088 0.081957 0.032695 -0.012288 -0.486717 0.872861 
1710052959.515240 19.919482 4.975784 0.096172 0.033442 -0.012352 -0.517352 0.855030 
1710052959.616105 19.945596 4.912149 0.109629 0.031635 -0.015464 -0.539756 0.841085 
1710052959.717289 19.991757 4.811636 0.109350 0.033113 -0.013294 -0.556341 0.830187 
1710052959.817890 20.045912 4.691316 0.129145 0.023297 -0.012313 -0.568338 0.822373 
1710052959.921162 20.082578 4.613244 0.151942 0.011943 -0.011201 -0.572238 0.819924 
1710052960.019678 20.130020 4.550037 0.168565 0.004101 -0.013755 -0.576361 0.817069 
1710052960.120426 20.205837 4.461134 0.173016 -0.000529 -0.006967 -0.573055 0.819487 
1710052960.221234 20.282434 4.405509 0.176843 0.012949 0.000790 -0.568559 0.822540 
1710052960.322090 20.344027 4.343502 0.186679 0.018608 -0.003673 -0.571175 0.820609 
1710052960.422953 20.401316 4.276636 0.184946 0.017239 -0.005854 -0.588435 0.808340 
1710052960.523816 20.417936 4.190503 0.209294 0.014415 -0.008750 -0.609466 0.792633 
1710052960.624744 20.419126 4.132124 0.209842 0.015604 -0.020601 -0.631917 0.774605 
1710052960.726223 20.399438 4.080155 0.211802 0.016631 -0.022938 -0.647541 0.761504 
1710052960.826420 20.360455 4.028645 0.208181 0.018363 -0.021753 -0.665560 0.745801 
1710052960.927645 20.311666 3.973069 0.194872 0.019518 -0.013719 -0.676913 0.735677 
1710052961.028277 20.217308 3.892311 0.170378 0.028094 -0.011855 -0.695484 0.717894 
1710052961.129134 20.141548 3.809726 0.151782 0.023567 -0.014102 -0.698586 0.714999 
1710052961.229928 20.054757 3.732845 0.127717 0.020680 -0.008086 -0.693419 0.720193 
1710052961.330843 19.979180 3.625101 0.104366 0.027323 -0.006467 -0.708740 0.704911 
1710052961.433465 19.906606 3.544738 0.095786 0.023179 0.006123 -0.701473 0.712293 
1710052961.533932 19.857370 3.469054 0.075292 -0.002450 -0.002738 -0.680878 0.732388 
1710052961.633266 19.813940 3.400361 0.022171 -0.019669 0.007638 -0.666224 0.745453 
1710052961.734131 19.843413 3.325939 0.019942 -0.017647 0.007818 -0.636439 0.771085 
1710052961.834986 19.867976 3.298637 0.012458 -0.031768 0.004148 -0.610032 0.791729 
1710052961.935889 19.946092 3.239316 0.034783 -0.043652 -0.002813 -0.582643 0.811550 
1710052962.036808 19.996485 3.240194 0.063940 -0.049840 -0.003424 -0.558766 0.827819 
1710052962.137627 20.018996 3.220373 0.097621 -0.041793 -0.000095 -0.525237 0.849929 
1710052962.238413 20.065683 3.167172 0.111777 -0.034053 0.000979 -0.491795 0.870044 
1710052962.339319 20.108315 3.066403 0.091638 -0.025696 -0.007409 -0.460637 0.887186 
1710052962.440167 20.131388 3.057147 0.080203 -0.010378 -0.005648 -0.424285 0.905452 
1710052962.541000 20.146533 3.059542 0.075670 -0.005517 -0.015178 -0.390605 0.920417 
1710052962.641933 20.137728 3.073621 0.071718 -0.011007 -0.020693 -0.357029 0.933799 
1710052962.742871 20.137488 3.081783 0.063935 -0.004459 -0.012481 -0.320798 0.947055 
1710052962.843761 20.128075 3.076180 0.080298 -0.020024 -0.007946 -0.285917 0.958012 
1710052962.944791 20.156047 3.074524 0.098165 -0.021484 -0.003926 -0.249964 0.968009 
1710052963.045373 20.212907 3.109007 0.117437 -0.032135 -0.008399 -0.213693 0.976336 
1710052963.146198 20.279396 3.111719 0.114464 -0.022169 -0.006497 -0.179534 0.983481 
1710052963.247007 20.324719 3.114120 0.131462 -0.027316 -0.007438 -0.138980 0.989890 
1710052963.348073 20.384603 3.128724 0.121052 -0.020877 -0.010489 -0.105951 0.994097 
1710052963.448821 20.452622 3.127995 0.128714 -0.030663 -0.013179 -0.081654 0.996102 
1710052963.549744 20.496544 3.149796 0.149001 -0.018512 -0.010555 -0.062868 0.997794 
1710052963.650594 20.536959 3.194017 0.145238 0.004356 -0.012641 -0.050833 0.998618 
1710052963.751298 20.606437 3.192557 0.145174 -0.003600 -0.014793 -0.050537 0.998606 
1710052963.855068 20.714041 3.211733 0.164963 -0.002455 -0.007968 -0.051406 0.998643 
1710052963.953291 20.787141 3.216554 0.190525 -0.009539 -0.009138 -0.052520 0.998532 
1710052964.054291 20.872478 3.230064 0.208103 -0.012722 -0.013960 -0.067713 0.997526 
1710052964.158979 20.995591 3.189414 0.206159 0.004722 -0.013090 -0.083914 0.996376 
1710052964.255697 21.104493 3.030426 0.216620 -0.010923 -0.015306 -0.091361 0.995640 
1710052964.356461 21.189904 2.996608 0.243607 -0.013645 -0.015971 -0.093429 0.995404 
1710052964.457425 21.258325 2.968521 0.246976 -0.012352 -0.016183 -0.090449 0.995693 
1710052964.558260 21.361910 2.949399 0.259440 -0.012394 -0.012597 -0.084911 0.996232 
1710052964.661289 21.450139 2.885453 0.269884 -0.013670 -0.008318 -0.085212 0.996234 
1710052964.759988 21.526120 2.856926 0.269729 -0.013236 -0.010996 -0.087884 0.995982 
1710052964.861137 21.608727 2.850077 0.262050 -0.014509 -0.012591 -0.088465 0.995894 
1710052964.961909 21.723324 2.832294 0.262802 -0.014422 -0.008716 -0.091234 0.995687 
1710052965.062601 21.801540 2.815519 0.252139 -0.013880 -0.011553 -0.084561 0.996255 
1710052965.165238 21.899072 2.775628 0.243160 -0.014495 -0.012944 -0.088656 0.995873 
1710052965.266786 22.003283 2.777941 0.225313 -0.013765 -0.014048 -0.089790 0.995767 
1710052965.366064 22.105126 2.799616 0.255354 -0.016360 -0.006426 -0.091696 0.995632 
1710052965.466028 22.201020 2.787859 0.247603 -0.015543 -0.008714 -0.093155 0.995492 
1710052965.566796 22.288538 2.759688 0.243164 -0.016234 -0.006913 -0.090379 0.995751 
1710052965.667666 22.409499 2.731860 0.232515 -0.015675 -0.007488 -0.090851 0.995713 
1710052965.768488 22.506432 2.722699 0.250815 -0.016759 -0.002854 -0.082591 0.996439 
1710052965.869583 22.587850 2.733549 0.247289 -0.016917 -0.005524 -0.081963 0.996476 
1710052965.972146 22.689064 2.723208 0.242707 -0.016630 -0.004386 -0.082534 0.996440 
1710052966.079831 22.811972 2.723326 0.247359 -0.017354 -0.002428 -0.085543 0.996180 
1710052966.175827 22.897791 2.711830 0.263830 -0.016573 -0.003697 -0.083557 0.996358 
1710052966.272807 22.996021 2.719866 0.261025 -0.019212 -0.003537 -0.087107 0.996007 
1710052966.378386 23.107529 2.667481 0.242945 -0.017030 -0.002469 -0.074660 0.997061 
1710052966.475834 23.202686 2.643937 0.257548 -0.016917 -0.004406 -0.078240 0.996781 
1710052966.580178 23.298005 2.627966 0.253251 -0.016597 -0.004271 -0.077079 0.996878 
1710052966.677813 23.397689 2.610278 0.246856 -0.016031 -0.006272 -0.073778 0.997126 
1710052966.780242 23.508867 2.591137 0.223571 -0.016742 -0.003150 -0.074470 0.997078 
1710052966.878156 23.598305 2.570246 0.219725 -0.016073 -0.006081 -0.074012 0.997109 
1710052966.978936 23.675277 2.574705 0.228732 -0.016195 -0.008470 -0.074839 0.997028 
1710052967.079661 23.766570 2.584919 0.217392 -0.016647 -0.005981 -0.073742 0.997120 
1710052967.180575 23.873013 2.583233 0.200392 -0.014165 -0.011105 -0.077034 0.996866 
1710052967.282351 23.951214 2.567252 0.212325 -0.014825 -0.010787 -0.075659 0.996965 
1710052967.382476 24.023768 2.551228 0.222121 -0.015353 -0.010207 -0.076925 0.996866 
1710052967.483134 24.127223 2.546985 0.214227 -0.015588 -0.009584 -0.077811 0.996800 
1710052967.584032 24.229299 2.532006 0.206249 -0.015622 -0.008868 -0.075653 0.996972 
1710052967.684834 24.308116 2.529138 0.211524 -0.015126 -0.010861 -0.078026 0.996777 
1710052967.785669 24.387897 2.532417 0.205977 -0.016199 -0.008779 -0.076029 0.996935 
1710052967.886539 24.487471 2.536325 0.182414 -0.015528 -0.009649 -0.078112 0.996777 
1710052967.988905 24.566279 2.539674 0.181769 -0.015183 -0.011089 -0.079139 0.996686 
1710052968.088303 24.651965 2.515950 0.199261 -0.015561 -0.009190 -0.075000 0.997020 
1710052968.189126 24.744016 2.528345 0.198349 -0.016638 -0.005451 -0.073880 0.997113 
1710052968.289977 24.850013 2.561683 0.171184 -0.016411 -0.007575 -0.077109 0.996859 
1710052968.390887 24.927309 2.578666 0.195044 -0.016095 -0.008495 -0.076032 0.996939 
1710052968.491689 25.004159 2.601559 0.205877 -0.013939 -0.013111 -0.078556 0.996726 
1710052968.592592 25.123478 2.610406 0.199429 -0.016421 -0.006832 -0.078120 0.996785 
1710052968.693747 25.234561 2.647014 0.201577 -0.015088 -0.007944 -0.077326 0.996860 
1710052968.794279 25.328907 2.635214 0.225100 -0.005340 -0.007166 -0.074940 0.997148 
1710052968.895545 25.396981 2.688366 0.226642 -0.000342 -0.012673 -0.073108 0.997243 
1710052968.996545 25.490651 2.728795 0.196679 0.001051 -0.014005 -0.069382 0.997491 
1710052969.096879 25.569062 2.768557 0.175091 0.000578 -0.018349 -0.071866 0.997245 
1710052969.197692 25.644566 2.796891 0.182284 0.001959 -0.013986 -0.072528 0.997266 
1710052969.298829 25.718013 2.831249 0.190157 0.002451 -0.013870 -0.073456 0.997199 
1710052969.400629 25.808466 2.840283 0.190688 0.002586 -0.010344 -0.072914 0.997281 
1710052969.500310 25.872303 2.831646 0.187543 0.003223 -0.013321 -0.069971 0.997455 
1710052969.601141 25.926135 2.844384 0.179895 0.004288 -0.016523 -0.068205 0.997525 
1710052969.702248 26.025324 2.828751 0.175783 0.004169 -0.016498 -0.072325 0.997236 
1710052969.802869 26.135386 2.842627 0.158490 0.004478 -0.016644 -0.072897 0.997191 
1710052969.903801 26.221000 2.836299 0.175669 0.005246 -0.019835 -0.067162 0.997531 
1710052970.005027 26.297282 2.852611 0.191329 0.004262 -0.017689 -0.070971 0.997312 
1710052970.105450 26.405866 2.865713 0.188944 0.001953 -0.016125 -0.073155 0.997188 
1710052970.206395 26.488326 2.867612 0.220866 0.002742 -0.012683 -0.071197 0.997378 
1710052970.307142 26.562572 2.870360 0.231765 0.004863 -0.019102 -0.067364 0.997534 
1710052970.408306 26.667963 2.840158 0.234245 0.004423 -0.017586 -0.065995 0.997655 
1710052970.509047 26.783523 2.811523 0.267304 -0.001623 -0.009409 -0.063960 0.997907 
1710052970.610117 26.874838 2.805622 0.287996 -0.008093 -0.004636 -0.064335 0.997885 
1710052970.710909 26.959658 2.814844 0.295248 -0.002196 -0.008678 -0.068260 0.997627 
1710052970.811460 27.082020 2.827904 0.289680 -0.002724 -0.008229 -0.064315 0.997892 
1710052970.915861 27.205040 2.852317 0.283306 -0.005082 -0.005678 -0.069585 0.997547 
1710052971.013227 27.284243 2.910213 0.277673 0.001159 -0.013768 -0.068204 0.997576 
1710052971.115853 27.367639 2.930472 0.239286 0.004183 -0.019197 -0.066530 0.997591 
1710052971.220125 27.475779 2.963187 0.234807 0.003358 -0.017165 -0.064086 0.997791 
1710052971.316197 27.563944 2.994585 0.228533 -0.014414 -0.006003 -0.070212 0.997410 
1710052971.420058 27.656217 3.010567 0.229012 -0.014895 -0.005049 -0.071878 0.997289 
1710052971.518291 27.758622 3.030974 0.207414 -0.015125 -0.004790 -0.073448 0.997173 
1710052971.618338 27.877452 3.047635 0.181863 -0.015339 -0.005673 -0.083427 0.996380 
1710052971.728325 28.005082 3.074857 0.185933 -0.014139 -0.006436 -0.102056 0.994657 
1710052971.820024 28.082982 3.078865 0.170457 -0.013289 -0.006289 -0.128691 0.991576 
1710052971.921092 28.184211 3.092800 0.185112 0.005040 -0.009587 -0.149476 0.988706 
1710052972.022736 28.271348 3.108227 0.184086 0.002633 -0.006344 -0.177839 0.984036 
1710052972.122653 28.360488 3.113082 0.211505 0.001290 0.000817 -0.205587 0.978638 
1710052972.223464 28.438559 3.107790 0.249948 0.004323 -0.006393 -0.224005 0.974558 
1710052972.324335 28.530858 3.088550 0.251972 0.002298 -0.005483 -0.239790 0.970807 
1710052972.425183 28.630829 3.048272 0.246227 0.003615 -0.007931 -0.261088 0.965276 
1710052972.526096 28.698891 3.024557 0.246376 0.007717 -0.015597 -0.283694 0.958757 
1710052972.626978 28.780618 2.998765 0.233061 0.009232 -0.016883 -0.315816 0.948625 
1710052972.727944 28.884290 2.971688 0.230871 0.007581 -0.012775 -0.348369 0.937240 
1710052972.828801 28.949930 2.937165 0.231309 0.009552 -0.013547 -0.386500 0.922140 
1710052972.929721 29.016459 2.895707 0.234085 0.017322 -0.022932 -0.420789 0.906703 
1710052973.030500 29.094381 2.836879 0.248495 0.013512 -0.018150 -0.451591 0.891938 
1710052973.131198 29.193410 2.768316 0.278103 0.018938 -0.012265 -0.475012 0.879690 
1710052973.232227 29.251845 2.709557 0.329477 0.019191 -0.011191 -0.486354 0.873480 
1710052973.333080 29.308892 2.635584 0.336940 0.005217 -0.009409 -0.494461 0.869133 
1710052973.433915 29.395461 2.548745 0.333143 0.001446 -0.005383 -0.495284 0.868713 
1710052973.534640 29.499181 2.458430 0.319934 0.008347 -0.003859 -0.493468 0.869716 
1710052973.637613 29.578645 2.399727 0.328944 0.008290 -0.004549 -0.494191 0.869302 
1710052973.736347 29.651010 2.343921 0.313601 0.002009 -0.005602 -0.497017 0.867721 
1710052973.837228 29.736316 2.263153 0.276300 0.004153 -0.004444 -0.493829 0.869538 
1710052973.938414 29.804071 2.184168 0.264863 -0.001113 -0.005882 -0.496150 0.868216 
1710052974.039516 29.852132 2.124390 0.269251 0.002573 -0.005323 -0.493466 0.869745 
1710052974.139790 29.912380 2.081771 0.274751 0.005109 -0.005533 -0.494635 0.869068 
1710052974.240796 30.015175 2.010746 0.257864 0.008441 -0.005070 -0.493227 0.869845 
1710052974.341519 30.087585 1.953434 0.238111 0.005252 -0.005226 -0.503262 0.864102 
1710052974.442458 30.133835 1.904047 0.250279 0.007855 -0.004883 -0.518013 0.855323 
1710052974.543271 30.206854 1.825018 0.243736 0.009758 -0.005018 -0.529238 0.848402 
1710052974.644174 30.275290 1.726524 0.227340 0.009281 -0.005163 -0.540569 0.841232 
1710052974.745012 30.313725 1.650858 0.239750 0.011899 -0.005092 -0.551620 0.833995 
1710052974.848285 30.332350 1.584900 0.254854 0.017890 -0.005368 -0.556220 0.830825 
1710052974.946666 30.357993 1.502241 0.265317 0.019171 -0.005203 -0.561950 0.826933 
1710052975.047572 30.400483 1.418875 0.257913 0.009937 -0.006128 -0.565130 0.824919 
1710052975.153747 30.426184 1.344199 0.240344 0.007647 -0.006437 -0.566004 0.824342 
1710052975.249260 30.442899 1.269228 0.227147 0.007900 -0.006500 -0.564234 0.825551 
1710052975.350314 30.452309 1.171667 0.216775 0.011858 -0.005876 -0.564195 0.825535 
1710052975.451140 30.466451 1.092518 0.228339 0.014980 -0.005807 -0.563946 0.825656 
1710052975.552002 30.480418 1.015142 0.220324 0.005638 -0.007313 -0.563389 0.826140 
1710052975.654009 30.514234 0.924765 0.218750 0.004626 -0.007376 -0.561329 0.827547 
1710052975.753526 30.552710 0.827141 0.206606 0.001244 -0.008009 -0.565735 0.824547 
1710052975.854395 30.611151 0.758410 0.212252 0.005715 -0.007652 -0.562755 0.826569 
1710052975.956141 30.661236 0.689976 0.222767 0.006114 -0.008027 -0.563259 0.826219 
1710052976.056207 30.734304 0.603005 0.225065 0.001496 -0.003397 -0.564097 0.825700 
1710052976.157042 30.772046 0.521263 0.212734 0.005927 -0.008248 -0.565413 0.824746 
1710052976.257847 30.810716 0.459703 0.219765 0.005077 -0.010644 -0.564044 0.825660 
1710052976.359028 30.854798 0.386920 0.233101 0.007189 -0.009607 -0.564004 0.825685 
1710052976.460966 30.919062 0.299095 0.230395 0.000517 -0.005491 -0.564016 0.825746 
1710052976.562124 30.970184 0.221708 0.223672 0.002637 -0.009257 -0.565526 0.824674 
1710052976.661532 31.006121 0.154744 0.232849 0.000219 -0.006490 -0.565422 0.824776 
1710052976.762245 31.044856 0.071481 0.245204 0.003866 -0.011968 -0.564276 0.825491 
1710052976.865433 31.113731 -0.018521 0.260091 0.004539 -0.001579 -0.564305 0.825552 
1710052976.963843 31.165966 -0.083996 0.275762 0.002250 -0.003099 -0.565351 0.824842 
1710052977.064825 31.225189 -0.147527 0.281654 0.008040 -0.007237 -0.565901 0.824402 
1710052977.165560 31.283047 -0.246080 0.273486 0.003164 -0.005414 -0.566053 0.824345 
1710052977.266620 31.321596 -0.340389 0.281229 0.005575 -0.001747 -0.565701 0.824590 
1710052977.367467 31.348937 -0.419338 0.304223 0.004815 -0.002462 -0.563881 0.825838 
1710052977.468138 31.377164 -0.509158 0.320153 0.002126 0.003158 -0.565035 0.825058 
1710052977.569137 31.422828 -0.619420 0.335898 -0.002745 0.004873 -0.565027 0.825053 
1710052977.669847 31.455415 -0.700600 0.371829 -0.003470 0.007121 -0.564653 0.825291 
1710052977.770708 31.479249 -0.773806 0.402420 -0.007252 0.004510 -0.566043 0.824332 
1710052977.871595 31.539778 -0.865839 0.405126 -0.007661 0.007014 -0.564652 0.825264 
1710052977.972566 31.604849 -0.970904 0.405429 -0.001372 0.011344 -0.566035 0.824302 
1710052978.073754 31.657588 -1.050945 0.375279 -0.001326 -0.002970 -0.565624 0.824657 
1710052978.174193 31.717041 -1.125817 0.358918 -0.006939 -0.010492 -0.567120 0.823539 
1710052978.275024 31.771452 -1.216844 0.341421 -0.001711 -0.017794 -0.568508 0.822483 
1710052978.375947 31.811414 -1.308382 0.324591 -0.001832 -0.016035 -0.565788 0.824393 
1710052978.476765 31.846265 -1.378461 0.314627 0.002079 -0.013729 -0.563583 0.825943 
1710052978.577920 31.878599 -1.460437 0.302628 0.010093 -0.018547 -0.571907 0.820046 
1710052978.678718 31.928036 -1.555014 0.287368 0.006949 -0.012599 -0.578765 0.815368 
1710052978.779340 31.989613 -1.640016 0.279030 0.008167 -0.011645 -0.594725 0.803803 
1710052978.880160 32.041904 -1.717661 0.316298 0.003234 -0.016164 -0.606712 0.794751 
1710052978.981200 32.091012 -1.803558 0.290128 0.010601 -0.021884 -0.619282 0.784792 
1710052979.082066 32.186483 -1.907062 0.273208 0.020135 -0.005217 -0.631019 0.775488 
1710052979.182742 32.214180 -1.992302 0.270917 0.019323 -0.023059 -0.644110 0.764341 
1710052979.283714 32.239260 -2.061081 0.269712 0.036347 -0.003005 -0.661374 0.749169 
1710052979.384644 32.278634 -2.148096 0.282849 0.031809 -0.008315 -0.688197 0.724778 
1710052979.485345 32.308350 -2.206485 0.259581 0.027713 -0.000605 -0.705693 0.707976 
1710052979.586178 32.306345 -2.275938 0.270587 0.023845 -0.020139 -0.736316 0.675918 
1710052979.687072 32.319061 -2.377125 0.264592 0.018330 -0.025381 -0.763795 0.644700 
1710052979.787932 32.300792 -2.472447 0.297577 0.015812 -0.026066 -0.788584 0.614171 
1710052979.888852 32.267481 -2.555655 0.306929 0.015541 -0.027015 -0.813234 0.581102 
1710052979.996595 32.216807 -2.579185 0.318605 0.014698 -0.029467 -0.834443 0.550109 
1710052980.090713 32.204879 -2.609326 0.317085 0.017332 -0.025369 -0.853257 0.520585 
1710052980.193253 32.191132 -2.654123 0.326561 0.017786 -0.024575 -0.870264 0.491651 
1710052980.292495 32.174979 -2.685971 0.326041 0.019047 -0.020384 -0.890890 0.453362 
1710052980.393101 32.159684 -2.741025 0.336707 0.016169 -0.028303 -0.906821 0.420253 
1710052980.493906 32.125571 -2.773544 0.352480 0.016639 -0.024864 -0.920759 0.388984 
1710052980.594914 32.040322 -2.814965 0.315386 0.017915 -0.022296 -0.933915 0.356349 
1710052980.700733 31.962223 -2.827137 0.317189 0.016805 -0.032105 -0.946121 0.321780 
1710052980.796721 31.922127 -2.880800 0.305340 0.017032 -0.030567 -0.956556 0.289441 
1710052980.897373 31.840197 -2.961924 0.295593 0.019046 -0.024866 -0.966318 0.255438 
1710052980.998211 31.778669 -3.013372 0.299485 0.020944 -0.023989 -0.974249 0.223214 
1710052981.099122 31.710527 -3.067838 0.311834 0.020291 -0.026359 -0.982865 0.181302 
1710052981.199957 31.647306 -3.119729 0.318925 0.021277 -0.028310 -0.989471 0.140335 
1710052981.300897 31.546604 -3.176937 0.307624 0.021852 -0.022477 -0.993793 0.106738 
1710052981.401690 31.435704 -3.190169 0.314801 0.020129 -0.024024 -0.997323 0.066057 
1710052981.502520 31.352486 -3.190001 0.316738 0.020955 -0.022875 -0.999082 0.029556 
1710052981.603357 31.259731 -3.161519 0.303726 0.022692 -0.022169 -0.999468 -0.007580 
1710052981.704215 31.184116 -3.172327 0.311810 0.022284 -0.021387 -0.998811 -0.037726 
1710052981.805087 31.124933 -3.165710 0.335354 0.022348 -0.019195 -0.997638 -0.062046 
1710052981.906001 31.104482 -3.216969 0.354863 0.021379 -0.014558 -0.996063 -0.084791 
1710052982.007304 31.003474 -3.147708 0.345860 0.020013 -0.003425 -0.994644 -0.101345 
1710052982.108050 30.913549 -3.137168 0.341715 0.019869 -0.003235 -0.994358 -0.104148 
1710052982.208684 30.828943 -3.140701 0.351046 0.020980 -0.003430 -0.994204 -0.105384 
1710052982.309403 30.734531 -3.118022 0.350557 0.019288 0.000856 -0.994173 -0.106055 
1710052982.410282 30.623912 -3.076690 0.306090 0.020491 0.000095 -0.993888 -0.108475 
1710052982.511132 30.536232 -3.059393 0.295467 0.017896 0.006928 -0.994081 -0.106931 
1710052982.612184 30.439031 -3.030471 0.284608 0.014162 0.013492 -0.993763 -0.109787 
1710052982.713045 30.330929 -3.006589 0.259106 0.017042 0.007698 -0.994200 -0.105909 
1710052982.813733 30.212613 -2.973469 0.250248 0.017346 0.003135 -0.993951 -0.108402 
1710052982.914659 30.130924 -2.943457 0.272833 0.019123 -0.001364 -0.994166 -0.106145 
1710052983.015401 30.020820 -2.920543 0.288457 0.015093 0.005029 -0.994203 -0.106334 
1710052983.116431 29.918233 -2.918577 0.255970 0.017817 -0.001583 -0.994027 -0.107655 
1710052983.217427 29.832285 -2.928948 0.255278 0.017783 -0.000342 -0.994070 -0.107278 
1710052983.318167 29.777242 -2.968806 0.266998 0.015467 0.002500 -0.993880 -0.109347 
1710052983.418860 29.716154 -2.984959 0.272837 0.014148 0.004820 -0.993640 -0.111610 
1710052983.519721 29.608021 -2.943510 0.263560 0.014102 0.004995 -0.993794 -0.110223 
1710052983.620656 29.521606 -2.906791 0.271355 0.013843 0.005550 -0.993983 -0.108515 
1710052983.721413 29.434561 -2.880578 0.309884 0.011724 0.010243 -0.994083 -0.107506 
1710052983.822262 29.325789 -2.852039 0.295309 0.012875 0.008066 -0.995154 -0.097152 
1710052983.923270 29.234240 -2.863475 0.282025 0.014003 0.016441 -0.996366 -0.082396 
1710052984.024055 29.148122 -2.892831 0.274260 0.006967 0.024389 -0.997962 -0.058554 
1710052984.124925 29.073228 -2.904606 0.277804 0.004744 0.029095 -0.999091 -0.030783 
1710052984.225713 28.967049 -2.901740 0.262250 0.004333 0.033553 -0.999416 -0.004819 
1710052984.326564 28.890556 -2.905191 0.264331 0.005684 0.028761 -0.999346 0.021178 
1710052984.427627 28.791248 -2.917842 0.274481 0.004908 0.023462 -0.998418 0.050868 
1710052984.528492 28.708684 -2.931906 0.294456 0.003725 0.025457 -0.996682 0.077225 
1710052984.629475 28.605577 -2.968893 0.288761 0.003064 0.028890 -0.994432 0.101293 
1710052984.730819 28.508361 -3.024748 0.313927 0.001902 0.031574 -0.990251 0.135658 
1710052984.830970 28.421678 -3.067219 0.344199 -0.000152 0.033743 -0.984618 0.171430 
1710052984.931716 28.315432 -3.119555 0.326874 -0.003540 0.037256 -0.977340 0.208339 
1710052985.032584 28.230222 -3.181461 0.332830 -0.000857 0.039414 -0.969146 0.243315 
1710052985.133887 28.171453 -3.236964 0.340542 -0.003199 0.036441 -0.958834 0.281602 
1710052985.234400 28.108823 -3.296844 0.322902 -0.008282 0.031711 -0.947654 0.317612 
1710052985.335160 28.025009 -3.381092 0.291456 -0.005760 0.027007 -0.935703 0.351706 
1710052985.436039 27.970024 -3.468312 0.294656 -0.005226 0.031589 -0.921651 0.386696 
1710052985.536852 27.929227 -3.533874 0.292102 -0.007946 0.028930 -0.907042 0.419970 
1710052985.637723 27.906251 -3.616056 0.289680 -0.009847 0.029690 -0.890742 0.453431 
1710052985.738586 27.846396 -3.700128 0.287155 -0.006626 0.029242 -0.873428 0.486030 
1710052985.839517 27.815092 -3.761662 0.293018 -0.006641 0.026573 -0.854542 0.518659 
1710052985.940474 27.786673 -3.837095 0.307984 -0.006165 0.026378 -0.833099 0.552461 
1710052986.041279 27.774352 -3.942046 0.296782 -0.004799 0.024608 -0.812665 0.582192 
1710052986.143263 27.751069 -4.038718 0.280375 -0.005147 0.026825 -0.790563 0.611771 
1710052986.245787 27.750101 -4.126219 0.303095 -0.004823 0.026033 -0.766579 0.641604 
1710052986.343830 27.755915 -4.207462 0.298420 -0.006014 0.024957 -0.742743 0.669084 
1710052986.444715 27.796102 -4.313668 0.295093 -0.009684 0.024801 -0.718186 0.695342 
1710052986.545670 27.771326 -4.397688 0.278668 -0.007207 0.024473 -0.690736 0.722657 
1710052986.649405 27.779403 -4.472643 0.293823 -0.004193 0.023347 -0.661337 0.749714 
1710052986.747297 27.810191 -4.559598 0.289836 -0.008542 0.019291 -0.633290 0.773627 
1710052986.848347 27.852717 -4.670738 0.284941 -0.013972 0.021424 -0.605128 0.795717 
1710052986.948912 27.894673 -4.748991 0.276059 -0.013606 0.020353 -0.573550 0.818805 
1710052987.049790 27.958207 -4.804389 0.273881 -0.015200 0.013691 -0.543129 0.839400 
1710052987.150670 28.028176 -4.893181 0.265600 -0.020913 0.015551 -0.512791 0.858118 
1710052987.251637 28.089700 -4.970104 0.265602 -0.022476 0.015163 -0.480551 0.876548 
1710052987.352377 28.139306 -5.035427 0.284309 -0.021030 0.012000 -0.444808 0.895299 
1710052987.453219 28.212515 -5.087005 0.289721 -0.018928 0.008903 -0.410269 0.911725 
1710052987.554079 28.301160 -5.145199 0.266212 -0.022177 0.007233 -0.377966 0.925526 
1710052987.654910 28.391161 -5.201757 0.272493 -0.026405 0.009135 -0.343461 0.938751 
1710052987.755788 28.470970 -5.239025 0.268788 -0.024849 0.003977 -0.307136 0.951333 
1710052987.856816 28.557650 -5.275702 0.272923 -0.026558 0.001935 -0.271646 0.962029 
1710052987.959048 28.673288 -5.320565 0.267050 -0.029044 0.001412 -0.236901 0.971098 
1710052988.060853 28.769866 -5.340818 0.293530 -0.020878 0.001016 -0.203709 0.978808 
1710052988.159287 28.841416 -5.368665 0.303394 -0.024079 -0.001035 -0.170773 0.985016 
1710052988.260213 28.930033 -5.369960 0.275584 -0.021640 -0.005969 -0.145451 0.989111 
1710052988.361074 29.039182 -5.369952 0.257868 -0.015175 -0.002665 -0.131560 0.991188 
1710052988.461801 29.117888 -5.352871 0.253624 -0.008594 -0.006314 -0.125392 0.992050 
1710052988.562867 29.199359 -5.353396 0.255431 0.000175 -0.006165 -0.125714 0.992047 
1710052988.665574 29.284739 -5.375357 0.258950 0.003335 -0.006638 -0.122652 0.992422 
1710052988.764646 29.370634 -5.416161 0.252111 0.002914 -0.003028 -0.124537 0.992206 
1710052988.865228 29.451563 -5.448557 0.260008 0.002673 -0.004568 -0.123554 0.992324 
1710052988.966141 29.534874 -5.467908 0.248797 0.000442 -0.004845 -0.123819 0.992293 
1710052989.067022 29.635631 -5.483678 0.244584 0.004132 -0.004388 -0.124498 0.992202 
1710052989.168024 29.745712 -5.477187 0.253444 0.003552 -0.001662 -0.124000 0.992275 
1710052989.270014 29.812257 -5.488007 0.261001 0.003033 -0.004457 -0.124645 0.992187 
1710052989.369530 29.897200 -5.507144 0.259643 0.002453 -0.005666 -0.124118 0.992248 
1710052989.470424 30.010356 -5.532625 0.254644 0.004938 -0.004625 -0.123904 0.992271 
1710052989.571335 30.079646 -5.559825 0.264948 0.003982 -0.005823 -0.124218 0.992230 
1710052989.672173 30.159099 -5.582970 0.271302 0.002661 -0.005373 -0.123651 0.992308 
1710052989.772957 30.259562 -5.619595 0.258995 0.001552 -0.008201 -0.124594 0.992173 
1710052989.873930 30.367921 -5.641804 0.255404 0.002637 -0.006458 -0.123895 0.992271 
1710052989.974901 30.444553 -5.647549 0.266258 0.003567 -0.006333 -0.124162 0.992235 
1710052990.075546 30.524104 -5.667981 0.261041 0.001219 -0.007238 -0.124912 0.992141 
1710052990.176530 30.623231 -5.699597 0.260753 -0.000419 -0.006467 -0.123005 0.992385 
1710052990.277374 30.703346 -5.726029 0.268343 0.003339 -0.006771 -0.123748 0.992285 
1710052990.378287 30.780616 -5.749465 0.284121 0.002390 -0.007889 -0.123354 0.992329 
1710052990.479213 30.860446 -5.770657 0.277426 -0.000123 -0.007820 -0.124384 0.992203 
1710052990.579946 30.978140 -5.779323 0.277454 -0.001179 -0.006979 -0.124208 0.992231 
1710052990.680866 31.069323 -5.782494 0.284941 -0.000570 -0.007780 -0.125115 0.992112 
1710052990.781973 31.134292 -5.783405 0.278109 -0.001799 -0.007656 -0.125183 0.992103 
1710052990.882595 31.255930 -5.808285 0.281238 -0.003160 -0.007175 -0.124731 0.992160 
1710052990.983306 31.357220 -5.821791 0.285240 -0.000611 -0.008210 -0.124605 0.992172 
1710052991.084126 31.428058 -5.834916 0.301794 0.000146 -0.008044 -0.123770 0.992278 
1710052991.185245 31.523607 -5.844781 0.304732 0.002338 -0.009495 -0.123599 0.992284 
1710052991.285907 31.634639 -5.853026 0.285446 0.000395 -0.006581 -0.124486 0.992199 
1710052991.386696 31.732549 -5.860397 0.292427 0.000861 -0.007175 -0.123863 0.992273 
1710052991.487637 31.816168 -5.874910 0.296516 0.000242 -0.007919 -0.124841 0.992145 
1710052991.588440 31.907647 -5.878119 0.277778 -0.001096 -0.006903 -0.124326 0.992217 
1710052991.689301 32.034108 -5.906342 0.279134 0.000490 -0.005330 -0.124526 0.992202 
1710052991.790174 32.102285 -5.923452 0.284857 0.000130 -0.007685 -0.123387 0.992329 
1710052991.891853 32.187590 -5.942956 0.296531 0.001490 -0.008146 -0.123210 0.992346 
1710052991.991890 32.288986 -5.967281 0.284361 0.002167 -0.008645 -0.122991 0.992368 
1710052992.092854 32.386949 -5.987615 0.292604 0.001687 -0.008526 -0.123181 0.992346 
1710052992.196625 32.467715 -6.000261 0.312391 0.001590 -0.009010 -0.123677 0.992280 
1710052992.296327 32.539974 -6.027605 0.322832 0.000401 -0.009962 -0.121298 0.992566 
1710052992.395439 32.653769 -6.040165 0.315394 0.001612 -0.007972 -0.123098 0.992361 
1710052992.496329 32.749810 -6.069551 0.319030 0.001619 -0.008764 -0.122165 0.992470 
1710052992.597493 32.824968 -6.070545 0.328393 0.002641 -0.009804 -0.122199 0.992454 
1710052992.700011 32.925261 -6.094630 0.324736 0.003024 -0.009093 -0.122104 0.992471 
1710052992.799835 33.024637 -6.094195 0.321103 0.000562 -0.007953 -0.122158 0.992479 
1710052992.900479 33.113890 -6.079859 0.333276 0.001735 -0.008917 -0.123633 0.992286 
1710052993.000485 33.195382 -6.085272 0.342191 0.002542 -0.009753 -0.122968 0.992359 
1710052993.101305 33.301157 -6.086840 0.334316 0.000695 -0.006814 -0.123184 0.992360 
1710052993.203005 33.406797 -6.091858 0.336574 0.000979 -0.007271 -0.123215 0.992353 
1710052993.304206 33.478696 -6.107012 0.349216 0.004057 -0.008964 -0.121388 0.992556 
1710052993.403871 33.560468 -6.114507 0.344245 0.004266 -0.010354 -0.121394 0.992541 
1710052993.504851 33.675541 -6.119396 0.330440 0.003863 -0.008627 -0.121923 0.992495 
1710052993.605610 33.766192 -6.119841 0.334091 0.001451 -0.008912 -0.122761 0.992395 
1710052993.706474 33.852055 -6.113614 0.339644 0.002586 -0.010366 -0.123535 0.992283 
1710052993.807351 33.950059 -6.111589 0.340069 0.002016 -0.011097 -0.121558 0.992520 
1710052993.908254 34.060134 -6.113380 0.333927 0.001359 -0.007708 -0.124030 0.992248 
1710052994.009048 34.144288 -6.105321 0.339823 0.000893 -0.008340 -0.122495 0.992434 
1710052994.109921 34.234561 -6.097418 0.348044 0.005069 -0.012012 -0.122772 0.992349 
1710052994.211047 34.336444 -6.090061 0.351800 0.002592 -0.011488 -0.121779 0.992487 
1710052994.311699 34.432665 -6.095268 0.358514 0.002217 -0.011295 -0.123377 0.992293 
1710052994.412471 34.504567 -6.102104 0.367961 0.003050 -0.012079 -0.124027 0.992201 
1710052994.513415 34.592542 -6.114700 0.382324 0.002523 -0.012474 -0.123089 0.992314 
1710052994.614371 34.689409 -6.114825 0.383767 0.003203 -0.012302 -0.123699 0.992238 
1710052994.715119 34.774288 -6.114424 0.401946 0.003643 -0.013087 -0.123113 0.992300 
1710052994.816546 34.846282 -6.115314 0.407844 0.004538 -0.014355 -0.122167 0.992395 
1710052994.916772 34.959637 -6.130567 0.402694 0.006865 -0.016398 -0.121429 0.992441 
1710052995.017621 35.071354 -6.138554 0.408879 0.004095 -0.013062 -0.123132 0.992296 
1710052995.118489 35.156071 -6.130078 0.434910 0.003568 -0.016421 -0.125638 0.991934 
1710052995.221027 35.244918 -6.145571 0.430124 0.008806 -0.018950 -0.135903 0.990502 
1710052995.320219 35.340597 -6.174266 0.410700 0.005253 -0.013771 -0.133209 0.990978 
1710052995.421064 35.451597 -6.197387 0.396576 0.005187 -0.014253 -0.135065 0.990721 
1710052995.521923 35.521731 -6.202116 0.406971 0.004876 -0.016732 -0.134601 0.990747 
1710052995.622828 35.590104 -6.209339 0.385101 0.009589 -0.019820 -0.147145 0.988870 
1710052995.723637 35.676437 -6.227640 0.370983 0.016192 -0.019724 -0.165994 0.985797 
1710052995.826065 35.772560 -6.252801 0.396032 0.024430 -0.019700 -0.185213 0.982197 
1710052995.925666 35.859382 -6.281539 0.415887 0.024931 -0.020264 -0.196645 0.979948 
1710052996.026268 35.947442 -6.329777 0.406240 0.008220 -0.015993 -0.201090 0.979408 
1710052996.127229 36.053750 -6.381240 0.405166 0.006541 -0.014200 -0.200809 0.979506 
1710052996.228238 36.135440 -6.404081 0.417883 0.006477 -0.015873 -0.199534 0.979741 
1710052996.328800 36.205067 -6.422035 0.427463 0.005124 -0.017274 -0.199651 0.979701 
1710052996.429895 36.321847 -6.460619 0.426898 0.004455 -0.015138 -0.199814 0.979707 
1710052996.530561 36.419122 -6.501407 0.418754 0.004252 -0.013430 -0.199712 0.979753 
1710052996.631519 36.492371 -6.513068 0.424805 0.004829 -0.015743 -0.200423 0.979571 
1710052996.732285 36.566483 -6.528250 0.447611 0.005190 -0.016140 -0.200258 0.979597 
1710052996.833081 36.669504 -6.568348 0.440444 0.004471 -0.014157 -0.198747 0.979938 
1710052996.933931 36.758180 -6.589541 0.445256 0.004031 -0.015149 -0.200248 0.979620 
1710052997.034928 36.834759 -6.616890 0.458502 0.005512 -0.016931 -0.198369 0.979966 
1710052997.135765 36.928154 -6.646020 0.456035 0.006150 -0.018472 -0.198641 0.979879 
1710052997.236681 37.041122 -6.674746 0.447849 0.005226 -0.016696 -0.199438 0.979754 
1710052997.343985 37.131487 -6.693683 0.447790 0.004889 -0.017961 -0.200392 0.979539 
1710052997.438260 37.202152 -6.711184 0.458505 0.005326 -0.019369 -0.200912 0.979403 
1710052997.539361 37.303791 -6.752588 0.476594 0.003514 -0.018187 -0.199230 0.979778 
1710052997.640101 37.389825 -6.794141 0.468023 0.005019 -0.016493 -0.200817 0.979477 
1710052997.740976 37.464495 -6.826107 0.473292 0.005355 -0.018331 -0.199236 0.979765 
1710052997.841775 37.540968 -6.864006 0.472327 0.006042 -0.020637 -0.198980 0.979768 
1710052997.942657 37.635941 -6.901928 0.472452 0.004376 -0.017069 -0.199517 0.979736 
1710052998.043521 37.727878 -6.910196 0.470557 0.004284 -0.017592 -0.198995 0.979833 
1710052998.144420 37.801834 -6.927019 0.487473 0.005058 -0.018988 -0.200101 0.979578 
1710052998.245389 37.895293 -6.957087 0.499350 0.003814 -0.019101 -0.199367 0.979731 
1710052998.346069 37.997764 -6.989766 0.491758 0.004347 -0.017153 -0.199871 0.979662 
1710052998.446858 38.080408 -7.024886 0.495726 0.004615 -0.017751 -0.199737 0.979678 
1710052998.547808 38.145482 -7.047723 0.502913 0.004588 -0.015950 -0.198978 0.979863 
1710052998.648673 38.236912 -7.075825 0.501541 0.005517 -0.018896 -0.198861 0.979830 
1710052998.749425 38.337956 -7.107483 0.503181 0.004607 -0.014869 -0.199391 0.979796 
1710052998.850390 38.418336 -7.126878 0.514299 0.004424 -0.015952 -0.199173 0.979825 
1710052998.951124 38.504785 -7.144166 0.508000 0.004370 -0.016142 -0.200190 0.979614 
1710052999.053553 38.603926 -7.171044 0.504483 0.003816 -0.014996 -0.197990 0.980082 
1710052999.153096 38.683080 -7.204112 0.497903 0.003635 -0.011845 -0.200175 0.979682 
1710052999.254048 38.751454 -7.233655 0.513090 0.003609 -0.013356 -0.198391 0.980025 
1710052999.354671 38.834353 -7.266813 0.516741 0.005489 -0.016024 -0.198453 0.979964 
1710052999.455481 38.940411 -7.303665 0.504401 0.003643 -0.013905 -0.198706 0.979954 
1710052999.556309 39.025255 -7.331295 0.508164 0.003630 -0.015235 -0.198914 0.979892 
1710052999.657147 39.097662 -7.346361 0.512992 0.003712 -0.016306 -0.199940 0.979665 
1710052999.758020 39.192948 -7.367527 0.534635 0.002285 -0.014086 -0.198892 0.979917 
1710052999.859141 39.290874 -7.400267 0.530370 0.003286 -0.013826 -0.199735 0.979747 
1710052999.959815 39.360769 -7.436640 0.536491 0.004440 -0.015413 -0.198664 0.979936 
1710053000.060796 39.435198 -7.458782 0.539631 0.004478 -0.016068 -0.198202 0.980019 
1710053000.161630 39.542391 -7.487192 0.537651 0.004721 -0.014680 -0.198954 0.979887 
1710053000.262540 39.651830 -7.517584 0.531481 0.003495 -0.013867 -0.198735 0.979949 
1710053000.363343 39.721689 -7.535199 0.539007 0.003474 -0.014896 -0.200047 0.979667 
1710053000.468360 39.809342 -7.557974 0.542269 0.003365 -0.016658 -0.200644 0.979517 
1710053000.565646 39.919758 -7.604479 0.532526 0.003821 -0.014856 -0.198618 0.979957 
1710053000.665955 40.001760 -7.657652 0.532813 0.004008 -0.015646 -0.200026 0.979657 
1710053000.766624 40.070271 -7.686372 0.542339 0.004237 -0.017346 -0.199075 0.979822 
1710053000.867586 40.154211 -7.725955 0.549514 0.005246 -0.021768 -0.199819 0.979577 
1710053000.968377 40.250833 -7.756194 0.571338 0.004352 -0.025457 -0.200311 0.979392 
1710053001.069166 40.318034 -7.779191 0.586351 0.004422 -0.034510 -0.199880 0.979202 
1710053001.170313 40.406588 -7.808315 0.600923 0.002789 -0.049653 -0.200853 0.978358 
1710053001.271318 40.479805 -7.859855 0.630084 -0.000173 -0.062887 -0.198189 0.978144 
1710053001.371762 40.574657 -7.897278 0.648904 0.001478 -0.071932 -0.199087 0.977337 
1710053001.472598 40.646015 -7.927851 0.668509 0.000014 -0.078328 -0.198517 0.976963 
1710053001.573505 40.726507 -7.956902 0.674966 -0.001549 -0.083317 -0.199587 0.976330 
1710053001.675535 40.827524 -7.994299 0.680831 -0.003040 -0.080674 -0.199819 0.976501 
1710053001.775192 40.909772 -8.039625 0.692593 -0.003586 -0.074931 -0.199678 0.976986 
1710053001.876250 40.977104 -8.078491 0.680885 -0.000767 -0.068624 -0.200491 0.977289 
1710053001.977039 41.060484 -8.122313 0.675226 -0.002582 -0.057760 -0.199346 0.978222 
1710053002.077853 41.173959 -8.155539 0.678730 -0.000279 -0.042896 -0.200292 0.978797 
1710053002.180774 41.256975 -8.160150 0.679736 0.004944 -0.039804 -0.199925 0.978990 
1710053002.279776 41.356539 -8.193480 0.670463 -0.001433 -0.037456 -0.200238 0.979030 
1710053002.380558 41.451611 -8.225156 0.659289 0.004119 -0.030004 -0.200162 0.979295 
1710053002.481691 41.537702 -8.267711 0.682750 0.002579 -0.024301 -0.199930 0.979505 
1710053002.582555 41.617398 -8.302864 0.710784 0.003129 -0.022511 -0.200466 0.979437 
1710053002.682898 41.675056 -8.327273 0.702326 0.004447 -0.023020 -0.199161 0.979686 
1710053002.783869 41.786529 -8.387546 0.681072 0.004376 -0.019836 -0.199578 0.979671 
1710053002.884621 41.864704 -8.428224 0.670003 0.004732 -0.020342 -0.199653 0.979644 
1710053002.985573 41.945678 -8.463627 0.671163 0.004532 -0.020287 -0.199213 0.979736 
1710053003.086354 42.032607 -8.512943 0.650336 0.004582 -0.018198 -0.200505 0.979513 
1710053003.188139 42.127899 -8.558599 0.649276 0.004511 -0.018074 -0.200143 0.979590 
1710053003.289752 42.213720 -8.606170 0.659768 0.004789 -0.018845 -0.200178 0.979567 
1710053003.390066 42.290388 -8.630776 0.674083 0.004447 -0.019828 -0.200088 0.979567 
1710053003.489809 42.390640 -8.672649 0.678390 0.004083 -0.018629 -0.199473 0.979718 
1710053003.591071 42.483375 -8.719999 0.675577 0.004353 -0.018183 -0.199575 0.979704 
1710053003.693375 42.552809 -8.747362 0.673985 0.004630 -0.019412 -0.200200 0.979552 
1710053003.792570 42.647190 -8.823224 0.654513 0.003965 -0.016970 -0.207571 0.978065 
1710053003.894614 42.756310 -8.911045 0.627532 0.004021 -0.015057 -0.224030 0.974458 
1710053003.994164 42.851528 -8.981330 0.630874 0.005174 -0.014611 -0.247303 0.968814 
1710053004.095125 42.931835 -8.995201 0.664526 0.022252 -0.020164 -0.273890 0.961292 
1710053004.195918 43.019284 -9.001520 0.629429 0.020953 -0.024431 -0.286492 0.957542 
1710053004.297063 43.100323 -9.028645 0.661333 0.021186 -0.021450 -0.295188 0.954963 
1710053004.397523 43.139829 -9.042179 0.721925 0.018744 -0.020847 -0.293986 0.955399 
1710053004.498499 43.204578 -9.090695 0.716460 0.006300 -0.018110 -0.296920 0.954710 
1710053004.599494 43.282588 -9.155599 0.697522 0.005960 -0.017596 -0.296110 0.954973 
1710053004.700125 43.371584 -9.212823 0.690723 0.005660 -0.016948 -0.296313 0.954924 
1710053004.801085 43.439557 -9.267246 0.699961 0.005374 -0.018589 -0.296789 0.954747 
1710053004.901819 43.521782 -9.318880 0.694650 0.005382 -0.018131 -0.295094 0.955281 
1710053005.002678 43.603900 -9.394708 0.677410 0.005627 -0.017512 -0.295772 0.955081 
1710053005.103554 43.679228 -9.445149 0.672353 0.005329 -0.018076 -0.295804 0.955063 
1710053005.204566 43.741178 -9.494775 0.674856 0.005036 -0.019023 -0.296109 0.954951 
1710053005.305344 43.821330 -9.554822 0.665380 0.004711 -0.017445 -0.296293 0.954926 
1710053005.406165 43.906604 -9.607677 0.666130 0.004930 -0.017368 -0.295415 0.955198 
1710053005.506969 43.972433 -9.650108 0.684298 0.005087 -0.018079 -0.296775 0.954763 
1710053005.607839 44.053508 -9.686616 0.703630 0.004486 -0.018740 -0.295135 0.955261 
1710053005.708689 44.138104 -9.733414 0.701623 0.004984 -0.017676 -0.295765 0.955084 
1710053005.809758 44.224189 -9.775134 0.717911 0.005180 -0.017665 -0.296030 0.955001 
1710053005.910469 44.287656 -9.813585 0.722215 0.005029 -0.018459 -0.295653 0.955104 
1710053006.011319 44.365217 -9.863528 0.713071 0.004930 -0.018894 -0.295166 0.955246 
1710053006.112270 44.476826 -9.912489 0.705577 0.004635 -0.017850 -0.296317 0.954911 
1710053006.213051 44.546946 -9.953976 0.712345 0.004451 -0.017900 -0.296298 0.954917 
1710053006.314033 44.615308 -9.992197 0.728194 0.004172 -0.019067 -0.296637 0.954791 
1710053006.414773 44.711164 -10.036865 0.708172 0.003999 -0.018566 -0.295228 0.955238 
1710053006.515736 44.808750 -10.072166 0.695955 0.004114 -0.017886 -0.297102 0.954669 
1710053006.616571 44.876863 -10.106719 0.715097 0.004021 -0.019173 -0.295834 0.955039 
1710053006.717337 44.939319 -10.149806 0.727587 0.004531 -0.019604 -0.295916 0.955002 
1710053006.818182 45.027235 -10.200985 0.719105 0.004159 -0.018710 -0.296501 0.954840 
1710053006.919000 45.105070 -10.253660 0.725434 0.004278 -0.018805 -0.296198 0.954932 
1710053007.019842 45.174988 -10.289859 0.742497 0.004373 -0.019368 -0.296953 0.954686 
1710053007.121004 45.270861 -10.336396 0.760649 0.003271 -0.019702 -0.295662 0.955084 
1710053007.221775 45.365586 -10.393470 0.737471 0.003992 -0.018532 -0.296742 0.954769 
1710053007.322542 45.439543 -10.434974 0.743372 0.004332 -0.018758 -0.296150 0.954947 
1710053007.427205 45.499312 -10.476181 0.750464 0.004290 -0.019345 -0.295511 0.955134 
1710053007.524223 45.584094 -10.516975 0.753205 0.003866 -0.019638 -0.295631 0.955093 
1710053007.625193 45.680166 -10.564596 0.746368 0.004126 -0.018952 -0.296355 0.954881 
1710053007.726129 45.739769 -10.606661 0.758903 0.004292 -0.019409 -0.296639 0.954783 
1710053007.827081 45.815579 -10.635776 0.766226 0.003679 -0.019770 -0.296384 0.954857 
1710053007.927921 45.905687 -10.687280 0.754931 0.003979 -0.018597 -0.296001 0.954998 
1710053008.028665 45.964058 -10.753495 0.762902 0.003953 -0.019473 -0.296028 0.954972 
1710053008.129462 46.029095 -10.802979 0.765751 0.003861 -0.019904 -0.294844 0.955330 
1710053008.232056 46.104690 -10.844593 0.767999 0.003906 -0.020518 -0.295578 0.955090 
1710053008.331088 46.218665 -10.884799 0.762165 0.003805 -0.019581 -0.296242 0.954905 
1710053008.431951 46.305694 -10.911214 0.761363 0.003688 -0.019563 -0.296596 0.954796 
1710053008.533457 46.379097 -10.939338 0.770679 0.003502 -0.020836 -0.297116 0.954608 
1710053008.633743 46.473679 -10.985174 0.779263 0.003503 -0.019859 -0.295113 0.955249 
1710053008.734568 46.559959 -11.045782 0.770742 0.004316 -0.019056 -0.296996 0.954679 
1710053008.835324 46.621934 -11.094925 0.781093 0.003799 -0.020367 -0.295334 0.955169 
1710053008.936168 46.685829 -11.141394 0.793869 0.004129 -0.020573 -0.295428 0.955134 
1710053009.037055 46.786034 -11.188607 0.791320 0.004006 -0.019587 -0.295670 0.955081 
1710053009.138051 46.873393 -11.221545 0.799531 0.004173 -0.019901 -0.296061 0.954953 
1710053009.238869 46.945714 -11.249253 0.812233 0.004096 -0.020543 -0.297215 0.954581 
1710053009.339835 47.042753 -11.290846 0.823709 0.003317 -0.021189 -0.296283 0.954859 
1710053009.441584 47.137657 -11.346083 0.818210 0.003728 -0.020328 -0.296792 0.954718 
1710053009.541340 47.199258 -11.401420 0.817743 0.003931 -0.020434 -0.296099 0.954931 
1710053009.642190 47.261124 -11.436054 0.811641 0.004140 -0.020882 -0.294776 0.955329 
1710053009.743132 47.370020 -11.476384 0.822715 0.003537 -0.021758 -0.295863 0.954976 
1710053009.844215 47.488627 -11.503721 0.830787 0.003723 -0.019268 -0.296519 0.954825 
1710053009.945098 47.558521 -11.531318 0.834743 0.003384 -0.021597 -0.296322 0.954838 
1710053010.045934 47.621142 -11.567683 0.837170 0.003781 -0.021123 -0.297219 0.954568 
1710053010.146747 47.729777 -11.590778 0.840079 0.003263 -0.019977 -0.295960 0.954986 
1710053010.247338 47.804474 -11.643193 0.852261 0.003976 -0.019969 -0.296621 0.954778 
1710053010.348267 47.870113 -11.675210 0.852983 0.003918 -0.021255 -0.294404 0.955437 
1710053010.449198 47.950289 -11.716122 0.845279 0.003650 -0.022249 -0.294797 0.955294 
1710053010.550130 48.059546 -11.747048 0.851092 0.003309 -0.020670 -0.294809 0.955327 
1710053010.650805 48.160017 -11.773634 0.857814 0.003894 -0.020581 -0.296117 0.954922 
1710053010.751805 48.241469 -11.798303 0.854088 0.003970 -0.020705 -0.296175 0.954901 
1710053010.852521 48.356117 -11.844260 0.839431 0.004087 -0.018073 -0.295531 0.955153 
1710053010.953358 48.442149 -11.887992 0.769537 0.005443 -0.014261 -0.296874 0.954795 
1710053011.054209 48.517760 -11.893244 0.802178 0.020367 0.008388 -0.293952 0.955566 
1710053011.155333 48.620840 -11.922107 0.814989 0.020653 0.013786 -0.295139 0.955132 
1710053011.256089 48.738721 -11.969713 0.821679 0.021176 0.041069 -0.292024 0.955294 
1710053011.356867 48.799759 -11.999875 0.832644 0.019896 0.056908 -0.294244 0.953827 
1710053011.457662 48.857992 -12.038236 0.836788 0.023460 0.066367 -0.294388 0.953090 
1710053011.558533 48.947079 -12.064717 0.848103 0.033412 0.063124 -0.294342 0.953028 
1710053011.659424 49.048744 -12.091782 0.873984 0.034369 0.067336 -0.292852 0.953164 
1710053011.760920 49.124438 -12.133802 0.887190 0.021595 0.057456 -0.292431 0.954315 
1710053011.862795 49.161008 -12.185493 0.854028 0.022464 0.045030 -0.293052 0.954771 
1710053011.962147 49.269167 -12.209369 0.837466 0.023894 0.031396 -0.295412 0.954555 
1710053012.062843 49.340382 -12.247647 0.839801 0.015507 0.022785 -0.295903 0.954820 
1710053012.164769 49.389902 -12.293647 0.845326 0.015694 0.004467 -0.297011 0.954735 
1710053012.264563 49.459729 -12.334947 0.845286 0.013888 -0.003043 -0.296803 0.954833 
1710053012.365468 49.566062 -12.401636 0.831833 0.005453 -0.010775 -0.295863 0.955154 
1710053012.466639 49.647579 -12.446066 0.818069 0.003504 -0.016697 -0.296720 0.954812 
1710053012.567281 49.715984 -12.490720 0.818704 0.002240 -0.024070 -0.295368 0.955078 
1710053012.668296 49.804993 -12.506717 0.808382 0.001780 -0.028131 -0.296127 0.954733 
1710053012.768900 49.922355 -12.519662 0.825549 -0.001785 -0.022140 -0.296501 0.954774 
1710053012.869694 50.003630 -12.542724 0.863240 -0.000127 -0.022025 -0.295941 0.954952 
1710053012.970529 50.083932 -12.568078 0.882487 0.002752 -0.026005 -0.296474 0.954683 
1710053013.071593 50.207797 -12.582003 0.902416 0.002029 -0.023851 -0.297148 0.954531 
1710053013.172379 50.320288 -12.622586 0.911224 0.001278 -0.024849 -0.297764 0.954315 
1710053013.273275 50.387843 -12.665198 0.933318 0.002510 -0.025281 -0.296036 0.954839 
1710053013.374097 50.454732 -12.704850 0.930982 0.003660 -0.027465 -0.295414 0.954967 
1710053013.474835 50.554255 -12.757149 0.911122 0.004189 -0.025769 -0.294833 0.955192 
1710053013.575742 50.669518 -12.788021 0.910294 0.001077 -0.023155 -0.296423 0.954775 
1710053013.676890 50.755455 -12.816306 0.920015 0.001203 -0.024682 -0.296574 0.954690 
1710053013.778364 50.835723 -12.832735 0.904847 0.002693 -0.025895 -0.296772 0.954593 
1710053013.878416 50.934588 -12.876527 0.906209 0.002132 -0.021270 -0.297154 0.954590 
1710053013.979425 51.006302 -12.914831 0.908544 0.002519 -0.022280 -0.296891 0.954648 
1710053014.080015 51.074423 -12.958601 0.920749 0.002951 -0.025320 -0.295465 0.955013 
1710053014.181241 51.157951 -12.992318 0.904326 0.005158 -0.023984 -0.294883 0.955218 
1710053014.281745 51.266192 -13.025048 0.916985 0.003183 -0.019477 -0.296009 0.954981 
1710053014.382572 51.361907 -13.057146 0.933908 0.002589 -0.022013 -0.296730 0.954704 
1710053014.483694 51.438302 -13.082276 0.941120 0.005174 -0.021153 -0.297063 0.954609 
1710053014.590048 51.543168 -13.111537 0.945149 0.003768 -0.017785 -0.298256 0.954313 
1710053014.685145 51.653276 -13.142571 0.956852 0.004500 -0.017687 -0.299887 0.953800 
1710053014.786040 51.734092 -13.206110 0.952508 0.005390 -0.021540 -0.302229 0.952977 
1710053014.886880 51.817145 -13.267003 0.974434 0.015255 -0.021074 -0.311833 0.949781 
1710053014.987721 51.946117 -13.349284 0.993976 0.022001 -0.018563 -0.327835 0.944296 
1710053015.088656 52.027820 -13.415804 0.995316 0.021021 -0.018960 -0.349436 0.936532 
1710053015.189657 52.083243 -13.477794 1.004021 0.026196 -0.024998 -0.369021 0.928716 
1710053015.290310 52.143275 -13.516178 0.990199 0.027989 -0.021948 -0.387961 0.920989 
1710053015.391249 52.238793 -13.580020 1.000103 0.026420 -0.020180 -0.405663 0.913418 
1710053015.492064 52.299100 -13.615673 1.019322 0.026463 -0.022654 -0.423907 0.905036 
1710053015.592933 52.355704 -13.690553 1.030388 0.030938 -0.021609 -0.444291 0.895087 
1710053015.693759 52.416785 -13.759251 1.016787 0.031635 -0.022960 -0.465034 0.884429 
1710053015.794796 52.468249 -13.857641 1.028009 0.035235 -0.014980 -0.489938 0.870916 
1710053015.895542 52.533661 -13.926542 1.062060 0.042147 -0.020369 -0.521483 0.851977 
1710053015.996354 52.602374 -14.012912 1.044171 0.043968 -0.026624 -0.551680 0.832470 
1710053016.097363 52.658311 -14.114531 1.036046 0.045281 -0.024185 -0.581989 0.811574 
1710053016.198136 52.698178 -14.187779 1.043703 0.046799 -0.025739 -0.612460 0.788695 
1710053016.298883 52.741749 -14.271552 1.023154 0.045063 -0.034460 -0.639440 0.766746 
1710053016.399834 52.770800 -14.341796 1.006452 0.045061 -0.033416 -0.668522 0.741574 
1710053016.500886 52.775568 -14.424562 1.017155 0.048164 -0.024126 -0.695659 0.716349 
1710053016.601667 52.766683 -14.484717 1.023637 0.048891 -0.024808 -0.723763 0.687868 
1710053016.702310 52.775793 -14.556922 1.037805 0.049057 -0.028517 -0.750215 0.658755 
1710053016.803288 52.813285 -14.642479 1.030718 0.049810 -0.023158 -0.774990 0.629582 
1710053016.904047 52.803918 -14.732186 1.033223 0.050681 -0.023355 -0.796909 0.601516 
1710053017.004995 52.779214 -14.788358 1.043686 0.051311 -0.023736 -0.818688 0.571448 
1710053017.105921 52.763654 -14.873770 1.047023 0.052141 -0.024051 -0.839231 0.540735 
1710053017.206728 52.755845 -14.974992 1.031622 0.051841 -0.023490 -0.858067 0.510374 
1710053017.307498 52.722253 -15.043088 1.038932 0.053310 -0.021083 -0.877299 0.476509 
1710053017.408424 52.684941 -15.093578 1.072016 0.054227 -0.020752 -0.896295 0.439641 
1710053017.509196 52.655047 -15.175284 1.069764 0.054379 -0.015440 -0.911752 0.406833 
1710053017.610130 52.609900 -15.263567 1.055026 0.054398 -0.015213 -0.927268 0.370113 
1710053017.710962 52.515174 -15.235330 1.110085 0.054694 -0.019556 -0.941744 0.331277 
1710053017.812047 52.466211 -15.274770 1.106160 0.051081 -0.018785 -0.953616 0.296066 
1710053017.912893 52.361860 -15.307983 1.070025 0.042836 -0.020726 -0.964532 0.259643 
1710053018.013723 52.262269 -15.358721 1.051617 0.043219 -0.020641 -0.973339 0.224314 
1710053018.114412 52.178087 -15.391659 1.058212 0.044013 -0.023398 -0.981214 0.186374 
1710053018.215216 52.056661 -15.408629 1.040170 0.036099 -0.027900 -0.988035 0.147324 
1710053018.316058 51.943107 -15.426680 1.017409 0.034269 -0.021080 -0.993203 0.109218 
1710053018.417501 51.857498 -15.463076 0.996943 0.030918 -0.023004 -0.996787 0.070214 
1710053018.517972 51.816569 -15.503581 0.987153 0.027904 -0.024379 -0.998792 0.032287 
1710053018.618682 51.769959 -15.559905 0.972651 0.026872 -0.022542 -0.999362 -0.006808 
1710053018.719506 51.678377 -15.599785 0.960224 0.028726 -0.017970 -0.998548 -0.041868 
1710053018.820558 51.617913 -15.622372 0.969517 0.027496 -0.019389 -0.996059 -0.082069 
1710053018.921226 51.540201 -15.636412 0.981970 0.022137 -0.018190 -0.993751 -0.107876 
1710053019.022072 51.443412 -15.673506 0.950564 0.024900 -0.006852 -0.991800 -0.125165 
1710053019.123147 51.345844 -15.707129 0.946730 0.028221 0.002042 -0.990683 -0.133214 
1710053019.223843 51.259393 -15.720516 0.945872 0.026854 0.010352 -0.990595 -0.133764 
1710053019.324666 51.178251 -15.725751 0.929491 0.023845 0.012928 -0.990841 -0.132279 
1710053019.425583 51.060405 -15.712578 0.903632 0.024768 0.015127 -0.991116 -0.129796 
1710053019.526383 50.974687 -15.705803 0.902554 0.029097 0.017511 -0.990628 -0.132296 
1710053019.627502 50.892232 -15.706010 0.904373 0.028427 0.012845 -0.990774 -0.131888 
1710053019.728597 50.790254 -15.744048 0.898865 0.027476 0.013669 -0.992082 -0.121786 
1710053019.829164 50.683941 -15.759393 0.918428 0.035529 0.027095 -0.993425 -0.105409 
1710053019.930011 50.600434 -15.795980 0.944414 0.033708 0.025039 -0.995901 -0.080116 
1710053020.031130 50.522826 -15.777375 0.950936 0.030028 0.030341 -0.997530 -0.055785 
1710053020.131649 50.412283 -15.772159 0.935223 0.028269 0.029333 -0.998497 -0.036651 
1710053020.232403 50.291757 -15.797650 0.915701 0.030836 0.035148 -0.998689 -0.020835 
1710053020.333245 50.200476 -15.819356 0.918751 0.028985 0.031109 -0.999092 -0.002739 
1710053020.436273 50.114526 -15.828123 0.916172 0.027428 0.026806 -0.999189 0.012282 
1710053020.536423 50.011878 -15.828509 0.881756 0.027704 0.025664 -0.999095 0.019545 
1710053020.637809 49.957917 -15.860034 0.898091 0.033020 0.018907 -0.999114 0.017984 
1710053020.747832 49.909301 -15.906663 0.902720 0.028791 0.010075 -0.999327 0.020393 
1710053020.837671 49.847910 -15.927229 0.896021 0.026209 0.005855 -0.999427 0.020615 
1710053020.938413 49.743958 -15.981655 0.871949 0.028524 0.007919 -0.999346 0.020754 
1710053021.039424 49.651372 -16.014898 0.858868 0.026432 0.008927 -0.999566 0.009412 
1710053021.140342 49.564858 -16.022757 0.847603 0.024430 0.002905 -0.999656 -0.009114 
1710053021.241007 49.437047 -16.086731 0.816454 0.020983 -0.004363 -0.999302 -0.030586 
1710053021.341870 49.304300 -16.102136 0.817240 0.025856 -0.006649 -0.998302 -0.051767 
1710053021.442877 49.214403 -16.126198 0.829551 0.020725 -0.009818 -0.997344 -0.069129 
1710053021.543599 49.161975 -16.116567 0.833096 0.020404 -0.011555 -0.995964 -0.086636 
1710053021.644667 49.063725 -16.135428 0.836659 0.021513 -0.011439 -0.994705 -0.099840 
1710053021.745557 48.943521 -16.156162 0.835880 0.024566 -0.005283 -0.993014 -0.115293 
1710053021.846431 48.872554 -16.140114 0.825461 0.024003 -0.000210 -0.991748 -0.125939 
1710053021.947009 48.797865 -16.131391 0.830499 0.028014 0.005444 -0.991415 -0.127598 
1710053022.047961 48.703667 -16.116619 0.826521 0.029514 0.013008 -0.991653 -0.124839 
1710053022.148719 48.625674 -16.111913 0.824092 0.027769 0.012075 -0.991857 -0.123702 
1710053022.249661 48.533754 -16.102352 0.819021 0.025419 0.011276 -0.992168 -0.121779 
1710053022.350448 48.415556 -16.099022 0.801456 0.024323 0.011270 -0.991947 -0.123784 
1710053022.451565 48.307278 -16.053933 0.796872 0.028288 0.016136 -0.991868 -0.123034 
1710053022.552318 48.208509 -16.047506 0.804991 0.026457 0.012992 -0.992023 -0.122560 
1710053022.653033 48.135952 -16.039611 0.792616 0.025713 0.013343 -0.991974 -0.123078 
1710053022.753871 48.021775 -15.996044 0.768346 0.026436 0.021135 -0.991811 -0.123145 
1710053022.854726 47.936274 -16.006680 0.768975 0.026116 0.014014 -0.992046 -0.122341 
1710053022.955604 47.855521 -16.030756 0.772316 0.024082 0.011467 -0.992266 -0.121232 
1710053023.056527 47.758060 -16.024557 0.743573 0.023084 0.009706 -0.992224 -0.121920 
1710053023.157473 47.634673 -16.035706 0.734242 0.027119 0.014777 -0.992108 -0.121519 
1710053023.258216 47.546184 -16.031358 0.739843 0.025799 0.014546 -0.992154 -0.121467 
1710053023.359070 47.454749 -16.042428 0.745881 0.023509 0.011566 -0.992030 -0.123244 
1710053023.460017 47.357814 -16.036418 0.726566 0.023109 0.013987 -0.991970 -0.123555 
1710053023.560868 47.248684 -16.033425 0.724926 0.025293 0.013593 -0.991918 -0.123586 
1710053023.661829 47.165732 -16.014740 0.739167 0.023023 0.012202 -0.992149 -0.122321 
1710053023.763370 47.048080 -15.998756 0.759280 0.021045 0.009357 -0.991802 -0.125694 
1710053023.864577 46.896109 -15.981945 0.740940 0.021652 0.007237 -0.990036 -0.138952 
1710053023.964672 46.751659 -15.955611 0.733859 0.023262 0.004228 -0.987896 -0.153308 
1710053024.065825 46.633284 -15.933984 0.749701 0.020929 0.000104 -0.985242 -0.169881 
1710053024.165898 46.528247 -15.913319 0.721814 0.020330 0.000820 -0.982099 -0.187265 
1710053024.266754 46.462637 -15.880860 0.698503 0.021769 0.001047 -0.980547 -0.195068 
1710053024.369534 46.458292 -15.878693 0.688685 0.021426 0.001360 -0.980094 -0.197368 
1710053024.468809 46.401893 -15.846102 0.686335 0.020053 0.009259 -0.980635 -0.194593 
1710053024.569493 46.314781 -15.808802 0.670484 0.022444 0.012426 -0.980461 -0.195032 
1710053024.670509 46.232421 -15.767317 0.655125 0.024573 0.014978 -0.980410 -0.194855 
1710053024.771064 46.143554 -15.740982 0.655929 0.021497 0.012213 -0.980490 -0.195009 
1710053024.871931 46.071226 -15.730464 0.643514 0.021830 0.012008 -0.980260 -0.196137 
1710053024.972803 45.999616 -15.742356 0.634085 0.021649 0.012040 -0.978646 -0.204057 
1710053025.077218 45.927853 -15.708577 0.654509 0.024536 0.006204 -0.975648 -0.217876 
1710053025.174542 45.864871 -15.671486 0.672550 0.021332 0.001628 -0.972436 -0.232187 
1710053025.275352 45.712312 -15.630806 0.660757 0.020662 0.002692 -0.971850 -0.234675 
1710053025.376244 45.579539 -15.598926 0.627547 0.024031 0.007509 -0.972047 -0.233431 
1710053025.477407 45.492347 -15.607874 0.635183 0.028403 0.013511 -0.971607 -0.234501 
1710053025.578237 45.406616 -15.608191 0.621004 0.023525 0.014142 -0.971479 -0.235531 
1710053025.679000 45.315320 -15.571747 0.613368 0.026635 0.015258 -0.971447 -0.235262 
1710053025.779746 45.221597 -15.536666 0.614005 0.027460 0.012645 -0.971420 -0.235434 
1710053025.880781 45.142177 -15.488022 0.622875 0.027732 0.012356 -0.972027 -0.232899 
1710053025.983336 45.076458 -15.461396 0.630334 0.026548 0.009440 -0.971746 -0.234342 
1710053026.082228 44.984256 -15.411542 0.613536 0.029907 0.011064 -0.971625 -0.234368 
1710053026.183074 44.900965 -15.388236 0.615584 0.030480 0.010990 -0.971453 -0.235009 
1710053026.283943 44.849796 -15.365879 0.641755 0.029625 0.012493 -0.971383 -0.235333 
1710053026.384930 44.750634 -15.328089 0.616217 0.029324 0.013861 -0.971900 -0.233149 
1710053026.485928 44.657848 -15.280111 0.585348 0.030908 0.012416 -0.971452 -0.234885 
1710053026.586568 44.594780 -15.267833 0.588747 0.031534 0.008448 -0.971510 -0.234738 
1710053026.687432 44.536637 -15.229998 0.589958 0.029105 0.011162 -0.971658 -0.234326 
1710053026.788251 44.420968 -15.185324 0.574384 0.026880 0.009721 -0.971944 -0.233468 
1710053026.889089 44.314232 -15.161935 0.569013 0.029660 0.010895 -0.971687 -0.234149 
1710053026.989951 44.242008 -15.151482 0.573833 0.027664 0.009957 -0.971544 -0.235027 
1710053027.090910 44.157145 -15.114997 0.576277 0.025852 0.011700 -0.971784 -0.234158 
1710053027.191720 44.078894 -15.069871 0.567595 0.026323 0.010489 -0.971729 -0.234391 
1710053027.292526 43.983776 -15.016578 0.567475 0.024476 0.007885 -0.971854 -0.234175 
1710053027.393447 43.923614 -14.973312 0.573227 0.025479 0.008290 -0.971851 -0.234067 
1710053027.494358 43.843107 -14.931126 0.568725 0.023623 0.007300 -0.971416 -0.236090 
1710053027.595239 43.726057 -14.879858 0.554460 0.026408 0.008709 -0.971473 -0.235513 
1710053027.696102 43.639774 -14.857594 0.551725 0.024667 0.008916 -0.971741 -0.234588 
1710053027.796961 43.566054 -14.833688 0.548847 0.023925 0.008559 -0.971616 -0.235196 
1710053027.897895 43.466974 -14.784593 0.534424 0.025367 0.010046 -0.972064 -0.233127 
1710053027.998611 43.389141 -14.734221 0.524595 0.025434 0.008630 -0.971808 -0.234239 
1710053028.099405 43.326477 -14.667610 0.523348 0.024176 0.008734 -0.971986 -0.233631 
1710053028.200515 43.277713 -14.643468 0.530201 0.022301 0.009303 -0.971704 -0.234962 
1710053028.301113 43.165686 -14.578295 0.508634 0.024675 0.009922 -0.971635 -0.234985 
1710053028.402129 43.095301 -14.537998 0.510098 0.023947 0.010913 -0.971623 -0.235066 
1710053028.503079 43.044254 -14.507194 0.526896 0.021209 0.011007 -0.971381 -0.236322 
1710053028.603837 42.968773 -14.475035 0.523033 0.018630 0.010571 -0.971741 -0.235074 
1710053028.704576 42.853922 -14.417635 0.508373 0.018459 0.011280 -0.972254 -0.232926 
1710053028.805432 42.772481 -14.362635 0.508730 0.017700 0.009918 -0.971887 -0.234573 
1710053028.906263 42.692125 -14.323534 0.513547 0.014067 0.010957 -0.972063 -0.234043 
1710053029.007155 42.597620 -14.265062 0.503190 0.014975 0.010406 -0.971988 -0.234320 
1710053029.108074 42.499659 -14.221137 0.501544 0.017672 0.011295 -0.972117 -0.233557 
1710053029.208894 42.430134 -14.201304 0.521566 0.017359 0.011199 -0.972005 -0.234049 
1710053029.309793 42.370699 -14.179223 0.535165 0.015004 0.011814 -0.971773 -0.235144 
1710053029.410767 42.289370 -14.128402 0.518545 0.016649 0.012905 -0.972198 -0.233213 
1710053029.511944 42.211012 -14.085445 0.520489 0.014624 0.010772 -0.972077 -0.233959 
1710053029.612489 42.137869 -14.048748 0.523410 0.014657 0.012162 -0.972163 -0.233531 
1710053029.713318 42.044714 -14.007708 0.516173 0.013390 0.011011 -0.972038 -0.234184 
1710053029.814389 41.934471 -13.960988 0.500007 0.015867 0.011817 -0.971737 -0.235234 
1710053029.915011 41.852240 -13.928583 0.501748 0.014825 0.012325 -0.971966 -0.234332 
1710053030.015869 41.772901 -13.891436 0.506219 0.012458 0.012164 -0.971826 -0.235057 
1710053030.116625 41.688486 -13.836277 0.505092 0.014873 0.013078 -0.972191 -0.233350 
1710053030.217432 41.595594 -13.774397 0.494228 0.015325 0.010874 -0.971985 -0.234290 
1710053030.318305 41.520089 -13.735870 0.499387 0.014485 0.011447 -0.972113 -0.233785 
1710053030.419184 41.455547 -13.703885 0.488792 0.012417 0.011754 -0.972102 -0.233934 
1710053030.520448 41.365581 -13.647295 0.477926 0.013733 0.009534 -0.972019 -0.234306 
1710053030.620906 41.274782 -13.599905 0.474479 0.015796 0.010559 -0.972080 -0.233879 
1710053030.724488 41.209033 -13.571369 0.477894 0.014957 0.011282 -0.971689 -0.235522 
1710053030.822598 41.132633 -13.528011 0.475084 0.014683 0.011702 -0.972057 -0.233991 
1710053030.927803 41.048896 -13.483721 0.467925 0.014973 0.010159 -0.972132 -0.233735 
1710053031.024396 41.022713 -13.464023 0.483178 0.014824 0.005787 -0.969510 -0.244533 
1710053031.125280 40.972527 -13.425851 0.473930 0.009151 0.000488 -0.965205 -0.261336 
1710053031.227406 40.898633 -13.388342 0.453826 0.006681 -0.005389 -0.958898 -0.283620 
1710053031.326932 40.804610 -13.320983 0.470681 0.015327 -0.005039 -0.954875 -0.296571 
1710053031.427897 40.717654 -13.284090 0.502124 0.017295 -0.000094 -0.953759 -0.300073 
1710053031.528952 40.647006 -13.252723 0.512009 0.015858 0.007958 -0.953602 -0.300547 
1710053031.629615 40.538213 -13.175790 0.491739 0.016275 0.015083 -0.954112 -0.298627 
1710053031.730386 40.429939 -13.097858 0.485475 0.014964 0.012671 -0.954023 -0.299092 
1710053031.831320 40.351733 -13.045894 0.485300 0.013843 0.012782 -0.954227 -0.298490 
1710053031.932246 40.286532 -13.000415 0.478193 0.012737 0.012650 -0.954145 -0.298805 
1710053032.032897 40.185651 -12.929391 0.461266 0.014600 0.011950 -0.954062 -0.299015 
1710053032.133769 40.104991 -12.880896 0.454876 0.015928 0.012577 -0.954049 -0.298962 
1710053032.234669 40.039494 -12.833091 0.460056 0.013661 0.013617 -0.953875 -0.299583 
1710053032.339860 39.953177 -12.794885 0.460734 0.013012 0.014031 -0.954402 -0.297910 
1710053032.436424 39.862673 -12.734442 0.453975 0.013381 0.012390 -0.954234 -0.298504 
1710053032.537642 39.803660 -12.684143 0.463858 0.014316 0.012316 -0.954333 -0.298149 
1710053032.638065 39.736349 -12.629136 0.459223 0.013263 0.013944 -0.954325 -0.298150 
1710053032.738925 39.650541 -12.574502 0.453310 0.013827 0.013198 -0.953941 -0.299385 
1710053032.839807 39.561601 -12.521850 0.452262 0.016790 0.013379 -0.954039 -0.298913 
1710053032.940674 39.494318 -12.487913 0.458271 0.014715 0.014051 -0.954005 -0.299100 
1710053033.041575 39.428232 -12.438759 0.459514 0.013480 0.015951 -0.954023 -0.299006 
1710053033.142529 39.320982 -12.362745 0.454366 0.014821 0.014034 -0.954209 -0.298443 
1710053033.243343 39.265258 -12.311165 0.466542 0.015181 0.011081 -0.954100 -0.298898 
1710053033.344428 39.201864 -12.271363 0.469617 0.014211 0.013464 -0.954325 -0.298130 
1710053033.445017 39.132271 -12.224402 0.461242 0.012572 0.013409 -0.954152 -0.298759 
1710053033.546246 39.036599 -12.171111 0.439088 0.013783 0.013376 -0.954045 -0.299047 
1710053033.646737 38.947438 -12.124423 0.442904 0.014872 0.013884 -0.953958 -0.299248 
1710053033.749566 38.878757 -12.091417 0.443044 0.013412 0.013613 -0.953819 -0.299773 
1710053033.848432 38.798420 -12.039828 0.432917 0.012487 0.012966 -0.954366 -0.298098 
1710053033.949255 38.684474 -11.969792 0.426756 0.013687 0.011580 -0.954196 -0.298646 
1710053034.050078 38.613875 -11.918566 0.433078 0.013607 0.012287 -0.954094 -0.298945 
1710053034.151089 38.536477 -11.875651 0.431151 0.012404 0.011895 -0.954223 -0.298600 
1710053034.251826 38.438883 -11.811325 0.424888 0.013426 0.011683 -0.954010 -0.299246 
1710053034.354246 38.377378 -11.765011 0.427738 0.017021 0.013312 -0.953959 -0.299158 
1710053034.453728 38.323649 -11.712343 0.426967 0.013555 0.013698 -0.953854 -0.299651 
1710053034.561676 38.245812 -11.645640 0.425672 0.012086 0.012606 -0.954437 -0.297902 
1710053034.655252 38.150519 -11.611555 0.423503 0.013553 0.010752 -0.954349 -0.298193 
1710053034.756128 38.090063 -11.584451 0.423205 0.012135 0.012007 -0.954240 -0.298554 
1710053034.857082 38.013752 -11.548331 0.421441 0.011556 0.011959 -0.954402 -0.298061 
1710053034.959338 37.917069 -11.495366 0.412126 0.011878 0.012579 -0.953937 -0.299507 
1710053035.058772 37.828688 -11.429873 0.421832 0.014164 0.010596 -0.954361 -0.298130 
1710053035.159650 37.756779 -11.381113 0.426596 0.012597 0.011706 -0.954148 -0.298841 
1710053035.260478 37.696645 -11.336850 0.413672 0.011868 0.013816 -0.953980 -0.299315 
1710053035.361433 37.589955 -11.250485 0.401540 0.012891 0.013289 -0.954364 -0.298070 
1710053035.462196 37.525548 -11.186075 0.409711 0.013879 0.008350 -0.954150 -0.298889 
1710053035.563122 37.456432 -11.131732 0.419289 0.012727 0.011932 -0.954380 -0.298084 
1710053035.663873 37.371226 -11.071935 0.415766 0.016215 0.014138 -0.954025 -0.298954 
1710053035.764765 37.289625 -11.011498 0.412441 0.016361 0.011353 -0.954181 -0.298567 
1710053035.865652 37.213632 -10.976037 0.414431 0.013682 0.011760 -0.953927 -0.299496 
1710053035.966624 37.139259 -10.935352 0.411827 0.013761 0.012607 -0.954169 -0.298686 
1710053036.067959 37.054360 -10.871622 0.404199 0.014975 0.010165 -0.954129 -0.298848 
1710053036.168288 36.975621 -10.821405 0.400713 0.016251 0.006749 -0.954388 -0.298050 
1710053036.271925 36.909978 -10.775988 0.403846 0.014526 0.007459 -0.954401 -0.298081 
1710053036.372695 36.818757 -10.739331 0.400017 0.013994 0.005688 -0.954366 -0.298257 
1710053036.471831 36.737600 -10.674823 0.391640 0.019659 0.006967 -0.954347 -0.297971 
1710053036.571699 36.686185 -10.633933 0.404931 0.019935 0.007573 -0.954056 -0.298869 
1710053036.672424 36.606789 -10.578194 0.408358 0.014857 0.005481 -0.954657 -0.297285 
1710053036.773448 36.523006 -10.507680 0.392523 0.018233 0.008277 -0.954561 -0.297341 
1710053036.874264 36.449597 -10.436628 0.391621 0.017686 0.006358 -0.954184 -0.298631 
1710053036.975141 36.384420 -10.356031 0.393544 0.013923 0.008794 -0.954811 -0.296758 
1710053037.075954 36.319900 -10.279195 0.388327 0.013101 0.012015 -0.954297 -0.298330 
1710053037.176730 36.223498 -10.224287 0.374106 0.016736 0.012075 -0.954381 -0.297878 
1710053037.277610 36.137734 -10.163884 0.382564 0.016210 0.009067 -0.954289 -0.298309 
1710053037.378640 36.081131 -10.128969 0.390988 0.013748 0.007688 -0.954143 -0.298935 
1710053037.479408 36.004840 -10.077897 0.385197 0.013538 0.014241 -0.954384 -0.297933 
1710053037.580179 35.908191 -10.014676 0.374841 0.014532 0.009172 -0.954267 -0.298461 
1710053037.681222 35.818097 -9.986472 0.378299 0.014056 0.006751 -0.954552 -0.297638 
1710053037.782060 35.753765 -9.957281 0.381258 0.012295 0.007842 -0.954517 -0.297800 
1710053037.882804 35.668640 -9.895170 0.364957 0.013200 0.010993 -0.954351 -0.298194 
1710053037.985606 35.571711 -9.851457 0.354561 0.016330 0.016321 -0.954075 -0.298676 
1710053038.084494 35.495512 -9.821629 0.359371 0.012470 0.011249 -0.953934 -0.299547 
1710053038.185305 35.418564 -9.783879 0.356203 0.012195 0.010370 -0.954369 -0.298202 
1710053038.286656 35.334261 -9.726864 0.345221 0.013585 0.008113 -0.954445 -0.297966 
1710053038.387200 35.257293 -9.645021 0.346207 0.013629 0.006485 -0.954347 -0.298320 
1710053038.488049 35.198626 -9.584364 0.350974 0.013864 0.007928 -0.954654 -0.297289 
1710053038.588848 35.131991 -9.540880 0.335211 0.011610 0.007171 -0.954313 -0.298496 
1710053038.689708 35.049443 -9.478779 0.332892 0.016391 0.007802 -0.954342 -0.298165 
1710053038.790472 34.972930 -9.448504 0.346096 0.017821 0.008147 -0.954187 -0.298569 
1710053038.891323 34.916570 -9.413285 0.359854 0.014642 0.008072 -0.954247 -0.298552 
1710053038.992893 34.850048 -9.362465 0.354227 0.016840 0.010100 -0.954588 -0.297283 
1710053039.093395 34.767880 -9.313057 0.368824 0.017463 0.006084 -0.954214 -0.298551 
1710053039.194020 34.696692 -9.275686 0.385465 0.014826 0.008679 -0.954485 -0.297765 
1710053039.298923 34.615351 -9.249149 0.383433 0.014216 0.014511 -0.954772 -0.296643 
1710053039.395897 34.507487 -9.198348 0.359478 0.016063 0.019969 -0.956933 -0.289174 
1710053039.496660 34.405881 -9.167771 0.343041 0.015262 0.016257 -0.957465 -0.287687 
1710053039.597443 34.332614 -9.135817 0.345582 0.012852 0.011055 -0.957035 -0.289477 
1710053039.698248 34.266555 -9.079679 0.348355 0.013548 0.016283 -0.957708 -0.286962 
1710053039.799361 34.182203 -9.018983 0.347052 0.013200 0.011620 -0.957512 -0.287856 
1710053039.899927 34.109718 -8.966984 0.357681 0.014241 0.009781 -0.957412 -0.288209 
1710053040.002703 34.064940 -8.927945 0.366374 0.012764 0.008378 -0.957562 -0.287823 
1710053040.101674 34.006639 -8.854497 0.367752 0.013691 0.007815 -0.957656 -0.287484 
1710053040.202476 33.900603 -8.787654 0.376250 0.018637 0.014566 -0.960426 -0.277530 
1710053040.303541 33.810912 -8.766763 0.381369 0.015676 0.022564 -0.964034 -0.264356 
1710053040.404431 33.751931 -8.720353 0.384463 0.015122 0.023074 -0.965892 -0.257472 
1710053040.505409 33.667887 -8.649739 0.361067 0.013903 0.015769 -0.966586 -0.255480 
1710053040.605989 33.599192 -8.605549 0.369971 0.014076 0.008241 -0.966639 -0.255624 
1710053040.707532 33.543251 -8.573814 0.386608 0.016174 0.012364 -0.968481 -0.248256 
1710053040.807673 33.465348 -8.547474 0.374870 0.014170 0.016691 -0.971689 -0.235247 
1710053040.908526 33.334484 -8.493871 0.361608 0.015371 0.017911 -0.973103 -0.229156 
1710053041.009636 33.256032 -8.452683 0.359665 0.013727 0.015507 -0.973724 -0.226787 
1710053041.111883 33.191113 -8.398445 0.357669 0.012869 0.012161 -0.973279 -0.228940 
1710053041.211115 33.105606 -8.344529 0.343178 0.014632 0.014843 -0.973924 -0.225916 
1710053041.312004 33.006706 -8.315465 0.323017 0.013978 0.009404 -0.973581 -0.227720 
1710053041.412930 32.935139 -8.249556 0.319258 0.013648 0.008925 -0.973804 -0.226803 
1710053041.513744 32.864912 -8.215969 0.319388 0.012268 0.010574 -0.973724 -0.227155 
1710053041.614626 32.767005 -8.180609 0.318807 0.013867 0.010825 -0.973836 -0.226571 
1710053041.715452 32.673309 -8.147779 0.310912 0.014160 0.011380 -0.973603 -0.227525 
1710053041.816475 32.606464 -8.119994 0.309769 0.012878 0.007825 -0.973408 -0.228584 
1710053041.917250 32.531990 -8.097860 0.310300 0.013416 0.010998 -0.973738 -0.227012 
1710053042.017964 32.444679 -8.048108 0.301454 0.013361 0.008529 -0.973554 -0.227908 
1710053042.118971 32.372718 -8.010097 0.310799 0.013965 0.006009 -0.973773 -0.227015 
1710053042.219696 32.301105 -7.974329 0.315610 0.012845 0.010034 -0.973713 -0.227193 
1710053042.320607 32.204308 -7.927559 0.316928 0.012351 0.009248 -0.973382 -0.228670 
1710053042.422319 32.094772 -7.873308 0.317048 0.015836 0.009259 -0.973696 -0.227112 
1710053042.522465 32.020507 -7.845090 0.319266 0.015282 0.007447 -0.973465 -0.228203 
1710053042.623228 31.959627 -7.788564 0.317223 0.011927 0.008094 -0.974121 -0.225568 
1710053042.723965 31.891335 -7.741837 0.311821 0.016553 0.017919 -0.976897 -0.212315 
1710053042.824821 31.827912 -7.679872 0.315157 0.016398 0.016834 -0.979794 -0.198622 
1710053042.925682 31.766287 -7.658647 0.338757 0.016647 0.022898 -0.980768 -0.193114 
1710053043.026922 31.674446 -7.643101 0.357693 0.015837 0.019092 -0.980720 -0.193839 
1710053043.127687 31.570688 -7.626026 0.360574 0.017925 0.016609 -0.980311 -0.195941 
1710053043.228311 31.473535 -7.608670 0.361500 0.016041 0.011124 -0.980649 -0.194798 
1710053043.329297 31.383194 -7.592868 0.363006 0.013431 0.011305 -0.980485 -0.195810 
1710053043.430195 31.301983 -7.535081 0.362973 0.015393 0.015561 -0.980415 -0.195722 
1710053043.530840 31.203776 -7.479764 0.357715 0.016771 0.009190 -0.980581 -0.195181 
1710053043.631976 31.141298 -7.424531 0.348797 0.016458 0.003149 -0.981264 -0.191936 
1710053043.734558 31.088666 -7.364091 0.324329 0.014737 0.008402 -0.983614 -0.179487 
1710053043.833561 30.970508 -7.347627 0.304512 0.017852 0.018207 -0.985510 -0.167687 
1710053043.934392 30.867734 -7.346168 0.302070 0.020684 0.019322 -0.986531 -0.161108 
1710053044.035168 30.773191 -7.347881 0.301124 0.017908 0.014136 -0.986295 -0.163407 
1710053044.135995 30.694174 -7.327203 0.303602 0.017747 0.011538 -0.986507 -0.162342 
1710053044.236862 30.560616 -7.306267 0.293697 0.019203 0.011537 -0.986532 -0.162025 
1710053044.340816 30.464732 -7.303709 0.302380 0.018480 0.007353 -0.986249 -0.164066 
1710053044.438616 30.385794 -7.298436 0.308391 0.018716 0.009439 -0.986793 -0.160625 
1710053044.539435 30.292910 -7.289788 0.311936 0.017557 0.007895 -0.986357 -0.163493 
1710053044.640575 30.188249 -7.249504 0.298713 0.019531 0.010495 -0.986318 -0.163354 
1710053044.741160 30.112144 -7.218069 0.298019 0.019049 0.008098 -0.986390 -0.163116 
1710053044.842457 30.041320 -7.174327 0.298161 0.018152 0.006612 -0.986157 -0.164683 
1710053044.943055 29.950929 -7.122016 0.291206 0.018858 0.007663 -0.986604 -0.161856 
1710053045.043883 29.872056 -7.094405 0.270012 0.019557 0.008683 -0.986365 -0.163173 
1710053045.144900 29.802948 -7.056755 0.259699 0.017259 0.006662 -0.986531 -0.162525 
1710053045.247524 29.713836 -7.031037 0.251019 0.016228 0.006099 -0.986516 -0.162745 
1710053045.346402 29.613145 -7.006269 0.233558 0.018330 0.007647 -0.986408 -0.163108 
1710053045.447181 29.538784 -6.979122 0.230718 0.017145 0.006826 -0.986379 -0.163452 
1710053045.548123 29.455819 -6.949921 0.225491 0.014772 0.004209 -0.986425 -0.163491 
1710053045.649258 29.360052 -6.907141 0.226638 0.014716 0.007987 -0.986494 -0.162942 
1710053045.749886 29.267148 -6.866617 0.232136 0.016119 0.008372 -0.986504 -0.162727 
1710053045.850693 29.188683 -6.843416 0.259724 0.015449 0.007279 -0.986614 -0.162178 
1710053045.956205 29.109962 -6.815928 0.281626 0.015506 0.012012 -0.986362 -0.163420 
1710053046.052392 29.023610 -6.799125 0.290859 0.015555 0.006575 -0.986402 -0.163478 
1710053046.153177 28.940326 -6.788099 0.281013 0.017903 0.006114 -0.987140 -0.158732 
1710053046.254167 28.860272 -6.765111 0.297704 0.017992 0.013473 -0.987883 -0.153562 
1710053046.356086 28.769520 -6.741027 0.299168 0.016078 0.013632 -0.987978 -0.153153 
1710053046.455893 28.663129 -6.697799 0.297524 0.018463 0.009006 -0.987753 -0.154668 
1710053046.556706 28.571412 -6.671449 0.292923 0.016106 0.008007 -0.987995 -0.153437 
1710053046.657540 28.500784 -6.639126 0.280935 0.015193 0.008319 -0.988044 -0.153197 
1710053046.758335 28.407610 -6.618402 0.267158 0.015688 0.010666 -0.987815 -0.154471 
1710053046.859241 28.309235 -6.632504 0.238884 0.016343 0.011946 -0.988365 -0.150748 
1710053046.960115 28.244089 -6.654815 0.223349 0.016424 0.013173 -0.990206 -0.138018 
1710053047.061154 28.164091 -6.651104 0.218228 0.014176 0.015098 -0.992146 -0.123360 
1710053047.161953 28.057137 -6.615836 0.223095 0.013327 0.015732 -0.992907 -0.117090 
1710053047.262766 27.951545 -6.579127 0.221184 0.014056 0.007545 -0.993081 -0.116342 
1710053047.363513 27.881270 -6.544555 0.233960 0.013405 0.004415 -0.992984 -0.117400 
1710053047.464372 27.796568 -6.500310 0.218239 0.013682 0.006167 -0.993004 -0.117125 
1710053047.565214 27.683662 -6.466934 0.216352 0.016261 0.008631 -0.992789 -0.118456 
1710053047.666734 27.587443 -6.441745 0.222856 0.013873 0.004927 -0.993159 -0.115842 
1710053047.767037 27.509312 -6.419741 0.227861 0.013018 0.006367 -0.993094 -0.116423 
1710053047.867815 27.405146 -6.399486 0.227309 0.016298 0.010653 -0.992885 -0.117472 
1710053047.969164 27.296478 -6.383268 0.243446 0.013805 0.007249 -0.992979 -0.117256 
1710053048.069502 27.226945 -6.377567 0.257784 0.013733 0.006771 -0.993096 -0.116304 
1710053048.170361 27.141008 -6.365646 0.261383 0.012789 0.004708 -0.993114 -0.116353 
1710053048.271518 27.023336 -6.359070 0.250691 0.015670 0.004300 -0.992833 -0.118403 
1710053048.372268 26.921410 -6.342072 0.230021 0.014348 0.007428 -0.992948 -0.117448 
1710053048.473005 26.839852 -6.317806 0.218354 0.012574 0.006022 -0.992963 -0.117605 
1710053048.573879 26.749268 -6.287197 0.198496 0.013843 0.011266 -0.992788 -0.118543 
1710053048.674720 26.640985 -6.255019 0.177585 0.014277 0.006557 -0.993033 -0.116782 
1710053048.775520 26.548899 -6.238886 0.166014 0.012685 0.006951 -0.992985 -0.117351 
1710053048.876621 26.468237 -6.222737 0.144146 0.011390 0.007048 -0.993079 -0.116678 
1710053048.977581 26.381475 -6.193323 0.117948 0.014781 0.005368 -0.992775 -0.118952 
1710053049.078299 26.278917 -6.178524 0.107146 0.014774 0.009752 -0.992893 -0.117691 
1710053049.179125 26.197452 -6.156182 0.101207 0.013114 0.012189 -0.992497 -0.120948 
1710053049.279842 26.117357 -6.138675 0.085413 0.011806 0.011119 -0.992638 -0.120026 
1710053049.380677 26.025631 -6.109815 0.083723 0.015953 0.009925 -0.992853 -0.117856 
1710053049.481605 25.940692 -6.081997 0.097325 0.014834 0.009589 -0.992810 -0.118389 
1710053049.585657 25.869653 -6.048823 0.107877 0.013688 0.009008 -0.993036 -0.116670 
1710053049.685598 25.776185 -6.020069 0.115918 0.014867 0.004303 -0.992618 -0.120292 
1710053049.784224 25.668773 -5.983934 0.122150 0.019175 0.007387 -0.992586 -0.119795 
1710053049.885080 25.591569 -5.962800 0.138211 0.017253 0.009516 -0.992649 -0.119413 
1710053049.985872 25.526034 -5.947230 0.158553 0.015310 0.007307 -0.992630 -0.119994 
1710053050.086694 25.440983 -5.915206 0.162373 0.020069 0.011486 -0.992976 -0.116036 
1710053050.187548 25.334456 -5.901224 0.170508 0.018573 0.008088 -0.993046 -0.115969 
1710053050.288473 25.251471 -5.891127 0.182168 0.017921 0.005376 -0.993061 -0.116107 
1710053050.389771 25.161194 -5.879571 0.171190 0.015224 0.008193 -0.993104 -0.115953 
1710053050.490328 25.033800 -5.871932 0.153741 0.018472 0.007142 -0.993017 -0.116300 
1710053050.591047 24.936336 -5.856748 0.139045 0.018156 0.008127 -0.992727 -0.118734 
1710053050.691950 24.866401 -5.847165 0.142779 0.015934 0.006799 -0.992820 -0.118360 
1710053050.792727 24.767310 -5.831941 0.120307 0.014887 0.008919 -0.993049 -0.116415 
1710053050.893593 24.667647 -5.811004 0.090934 0.017563 0.009287 -0.992825 -0.117917 
1710053050.994942 24.583797 -5.792019 0.089787 0.017104 0.005140 -0.992695 -0.119318 
1710053051.095550 24.510306 -5.765689 0.087730 0.015888 0.007469 -0.992754 -0.118871 
1710053051.196214 24.428570 -5.745075 0.072652 0.019304 0.003905 -0.992446 -0.121088 
1710053051.296999 24.327313 -5.711484 0.055963 0.020130 0.008013 -0.992398 -0.121146 
1710053051.397847 24.248585 -5.723636 0.059238 0.017631 0.002715 -0.992291 -0.122637 
1710053051.498994 24.172861 -5.695377 0.055783 0.017435 0.001155 -0.992369 -0.122059 
1710053051.600056 24.054683 -5.678140 0.045271 0.019493 0.006057 -0.992610 -0.119616 
1710053051.701149 23.961929 -5.654264 0.057033 0.019580 0.008674 -0.992156 -0.123154 
1710053051.801455 23.882373 -5.647036 0.069041 0.018665 0.006549 -0.992564 -0.120109 
1710053051.905376 23.811963 -5.626519 0.075064 0.017454 0.004424 -0.992428 -0.121498 
1710053052.010036 23.695314 -5.596771 0.060196 0.022110 0.003715 -0.992333 -0.121545 
1710053052.103853 23.601931 -5.578817 0.052579 0.019731 0.004972 -0.992454 -0.120914 
1710053052.204715 23.507312 -5.575310 0.048200 0.017126 0.004740 -0.992398 -0.121781 
1710053052.305764 23.410747 -5.550854 0.010120 0.018807 0.005311 -0.992818 -0.118028 
1710053052.406630 23.330875 -5.515440 0.006712 0.019626 0.003530 -0.992459 -0.120942 
1710053052.507510 23.255268 -5.483416 0.009838 0.016844 0.003849 -0.992705 -0.119328 
1710053052.608164 23.167356 -5.438688 0.024163 0.015546 0.006493 -0.992617 -0.120119 
1710053052.709084 23.042809 -5.422876 0.006369 0.016503 0.005727 -0.992796 -0.118534 
1710053052.809973 22.941876 -5.412778 0.009250 0.016025 0.004757 -0.992833 -0.118338 
1710053052.910756 22.859336 -5.390334 0.023475 0.015215 0.005371 -0.992549 -0.120771 
1710053053.013247 22.781985 -5.384382 0.014313 0.011792 0.009219 -0.992597 -0.120527 
1710053053.112594 22.675059 -5.363324 -0.003650 0.015419 0.005442 -0.992545 -0.120773 
1710053053.213493 22.594401 -5.316445 0.006649 0.014531 0.005696 -0.992737 -0.119290 
1710053053.314208 22.515060 -5.289152 0.005101 0.011920 0.007593 -0.992834 -0.118665 
1710053053.415038 22.422120 -5.276225 0.009704 0.014640 0.005234 -0.992638 -0.120114 
1710053053.516001 22.306967 -5.287251 -0.010386 0.014907 0.004670 -0.992780 -0.118925 
1710053053.616831 22.226386 -5.270071 -0.010667 0.012889 0.007135 -0.992670 -0.119958 
1710053053.718061 22.131506 -5.262549 -0.013157 0.012400 0.006463 -0.992578 -0.120799 
1710053053.818499 22.029933 -5.248154 -0.021509 0.015219 0.004397 -0.992774 -0.118953 
1710053053.920543 21.957688 -5.194758 -0.019918 0.013415 0.005975 -0.992690 -0.119799 
1710053054.020517 21.892262 -5.157375 -0.019514 0.013512 0.005315 -0.992953 -0.117620 
1710053054.121048 21.807775 -5.124652 -0.023740 0.012130 0.006214 -0.992941 -0.117825 
1710053054.224235 21.689851 -5.105899 -0.036208 0.014834 0.004563 -0.992886 -0.118053 
1710053054.322957 21.615656 -5.104577 -0.029357 0.015069 0.004033 -0.992823 -0.118568 
1710053054.423632 21.542793 -5.109526 -0.021191 0.013289 0.005005 -0.992596 -0.120626 
1710053054.524503 21.434288 -5.109605 -0.022893 0.014542 0.004031 -0.992907 -0.117933 
1710053054.625343 21.333493 -5.100119 -0.024824 0.016399 0.002989 -0.992601 -0.120272 
1710053054.726473 21.252037 -5.092078 -0.012851 0.015212 0.003106 -0.992753 -0.119166 
1710053054.827047 21.169131 -5.087944 -0.016253 0.014310 0.003826 -0.992691 -0.119774 
1710053054.928025 21.067770 -5.057280 -0.039167 0.013668 0.004376 -0.992750 -0.119337 
1710053055.029088 20.974412 -5.037190 -0.037142 0.014092 0.003498 -0.992826 -0.118687 
1710053055.129917 20.894985 -5.039448 -0.025040 0.013784 0.003657 -0.992586 -0.120702 
1710053055.230510 20.817352 -5.004984 -0.029430 0.012747 0.004499 -0.992834 -0.118734 
1710053055.331400 20.714825 -4.969547 -0.046575 0.013812 0.003198 -0.992796 -0.118977 
1710053055.432202 20.631505 -4.937257 -0.046469 0.014425 0.002753 -0.992797 -0.118908 
1710053055.533070 20.556477 -4.930302 -0.062509 0.013409 0.003539 -0.992827 -0.118749 
1710053055.634120 20.457423 -4.863598 -0.061956 0.012740 0.003654 -0.992932 -0.117946 
1710053055.734878 20.348568 -4.833614 -0.070793 0.015583 0.002779 -0.992897 -0.117917 
1710053055.835660 20.261427 -4.820258 -0.079071 0.013831 0.002848 -0.992888 -0.118213 
1710053055.936742 20.188154 -4.786332 -0.074297 0.012553 0.003181 -0.993108 -0.116483 
1710053056.037381 20.086739 -4.754835 -0.092241 0.014137 0.002252 -0.993403 -0.113778 
1710053056.138229 19.979078 -4.761735 -0.088392 0.012780 0.002400 -0.993016 -0.117260 
1710053056.239191 19.909274 -4.759767 -0.072421 0.012588 0.002993 -0.993087 -0.116668 
1710053056.340287 19.829876 -4.748916 -0.072291 0.012329 0.002838 -0.992920 -0.118113 
1710053056.440807 19.735115 -4.725329 -0.089218 0.013667 0.003011 -0.992978 -0.117469 
1710053056.541681 19.657072 -4.689234 -0.084243 0.012584 0.002853 -0.993023 -0.117214 
1710053056.642530 19.592590 -4.662303 -0.075091 0.012451 0.003069 -0.992947 -0.117861 
1710053056.743467 19.485053 -4.633262 -0.081569 0.012270 0.003116 -0.993190 -0.115814 
1710053056.844319 19.373872 -4.587402 -0.101112 0.013592 0.003097 -0.993095 -0.116484 
1710053056.945363 19.278577 -4.554617 -0.103905 0.012925 0.002413 -0.993277 -0.115015 
1710053057.046122 19.191287 -4.536030 -0.102936 0.011935 0.002646 -0.993135 -0.116330 
1710053057.147121 19.071313 -4.529758 -0.112537 0.013807 0.002210 -0.993045 -0.116905 
1710053057.247720 18.968869 -4.519839 -0.117560 0.014524 0.002003 -0.993216 -0.115359 
1710053057.348550 18.900141 -4.522524 -0.122452 0.012780 0.002533 -0.993099 -0.116555 
1710053057.449758 18.810494 -4.525910 -0.130844 0.012876 0.002499 -0.992969 -0.117642 
1710053057.550353 18.692599 -4.514443 -0.148779 0.013060 0.002340 -0.993139 -0.116188 
1710053057.651372 18.612256 -4.504176 -0.147194 0.011878 0.002162 -0.993075 -0.116863 
1710053057.752765 18.541596 -4.498080 -0.143998 0.013287 0.001916 -0.993080 -0.116672 
1710053057.852873 18.435779 -4.476078 -0.151802 0.012531 0.001646 -0.993108 -0.116517 
1710053057.953715 18.340156 -4.473482 -0.158076 0.013707 0.001258 -0.993213 -0.115492 
1710053058.054554 18.261907 -4.467062 -0.144863 0.012643 0.002017 -0.992988 -0.117520 
1710053058.155413 18.171265 -4.446452 -0.144695 0.011845 0.002429 -0.993023 -0.117297 
1710053058.256344 18.058794 -4.421336 -0.155168 0.012182 0.002212 -0.993253 -0.115304 
1710053058.357305 17.977594 -4.385407 -0.147505 0.013478 0.001216 -0.993101 -0.116482 
1710053058.458033 17.920693 -4.351367 -0.139874 0.011275 0.001817 -0.993124 -0.116509 
1710053058.558928 17.846201 -4.326004 -0.145193 0.010248 0.003055 -0.992961 -0.117961 
1710053058.661778 17.746406 -4.308729 -0.153004 0.011584 0.002763 -0.993125 -0.116455 
1710053058.768331 17.662299 -4.295334 -0.153398 0.009848 0.002883 -0.993045 -0.117288 
1710053058.863909 17.598971 -4.289830 -0.153241 0.010141 0.002787 -0.992909 -0.118414 
1710053058.963953 17.516377 -4.291401 -0.142468 0.008873 0.003475 -0.993046 -0.117337 
1710053059.067917 17.401850 -4.269428 -0.136012 0.010374 0.002975 -0.993021 -0.117440 
1710053059.164390 17.334126 -4.245429 -0.125907 0.009971 0.003021 -0.993008 -0.117585 
1710053059.265148 17.255157 -4.225552 -0.136180 0.009010 0.002369 -0.993165 -0.116348 
1710053059.365731 17.148855 -4.197544 -0.155652 0.008779 0.002665 -0.992904 -0.118564 
1710053059.466593 17.033736 -4.190849 -0.167273 0.009513 0.002436 -0.993015 -0.117578 
1710053059.567463 16.949025 -4.182501 -0.161097 0.009550 0.002116 -0.992978 -0.117897 
1710053059.668688 16.858803 -4.163215 -0.168383 0.009915 0.002475 -0.992900 -0.118512 
1710053059.771862 16.732845 -4.122115 -0.183137 0.009300 0.002217 -0.993160 -0.116367 
1710053059.870069 16.654695 -4.086481 -0.183232 0.011648 0.001380 -0.993102 -0.116666 
1710053059.970881 16.575030 -4.059281 -0.178145 0.010039 0.001869 -0.993154 -0.116364 
1710053060.071744 16.487412 -4.031835 -0.192014 0.010860 0.002066 -0.992980 -0.117761 
1710053060.172675 16.386025 -4.017504 -0.200527 0.012242 0.002633 -0.992978 -0.117637 
1710053060.277149 16.297018 -4.008469 -0.200512 0.010901 0.001409 -0.993076 -0.116962 
1710053060.374577 16.225060 -3.990254 -0.199652 0.010735 0.001893 -0.992947 -0.118055 
1710053060.475196 16.120076 -3.976134 -0.194519 0.009548 0.002313 -0.993037 -0.117396 
1710053060.577160 16.030514 -3.962260 -0.188101 0.012619 0.001370 -0.993068 -0.116852 
1710053060.676970 15.954185 -3.955768 -0.183622 0.011902 0.001555 -0.993188 -0.115907 
1710053060.777993 15.873018 -3.944775 -0.188313 0.012218 0.000982 -0.993084 -0.116766 
1710053060.878763 15.760780 -3.927215 -0.194419 0.014828 0.000992 -0.992930 -0.117764 
1710053060.979546 15.672349 -3.887688 -0.184099 0.013077 0.002027 -0.993111 -0.116426 
1710053061.080706 15.605533 -3.881384 -0.185072 0.012364 0.001912 -0.992952 -0.117855 
1710053061.181230 15.504422 -3.874738 -0.200413 0.012719 0.002164 -0.993107 -0.116502 
1710053061.282040 15.396963 -3.836223 -0.210432 0.012875 0.000683 -0.993139 -0.116225 
1710053061.382901 15.308887 -3.817626 -0.200297 0.012435 0.001374 -0.993017 -0.117305 
1710053061.483752 15.228647 -3.787929 -0.202842 0.011378 0.001715 -0.993151 -0.116272 
1710053061.585717 15.129628 -3.769171 -0.221690 0.014480 0.001201 -0.992959 -0.117568 
1710053061.685652 15.036936 -3.743743 -0.225488 0.014326 0.001177 -0.993010 -0.117154 
1710053061.786434 14.967546 -3.722212 -0.223129 0.011758 0.000911 -0.993011 -0.117427 
1710053061.887203 14.883142 -3.703121 -0.230121 0.011630 0.001962 -0.993202 -0.115803 
1710053061.988067 14.778194 -3.669551 -0.231284 0.012817 0.001216 -0.993088 -0.116666 
1710053062.088915 14.698282 -3.642615 -0.226356 0.013350 0.000615 -0.993103 -0.116478 
1710053062.190439 14.628403 -3.620550 -0.225420 0.012949 0.001205 -0.993137 -0.116234 
1710053062.290739 14.534585 -3.593040 -0.228270 0.013356 0.001497 -0.992887 -0.118297 
1710053062.391648 14.430112 -3.578539 -0.234985 0.014257 0.001383 -0.992374 -0.122424 
1710053062.492465 14.368471 -3.527877 -0.233451 0.013241 0.001739 -0.991476 -0.129602 
1710053062.593278 14.297660 -3.500622 -0.235256 0.011155 0.000743 -0.990323 -0.138331 
1710053062.694341 14.201546 -3.477577 -0.241774 0.011024 0.000139 -0.988893 -0.148220 
1710053062.795183 14.099266 -3.444959 -0.247323 0.010206 0.000572 -0.987091 -0.159836 
1710053062.895960 14.028588 -3.420003 -0.262188 0.005151 -0.002117 -0.985417 -0.170064 
1710053062.996968 13.956040 -3.383169 -0.267750 0.002039 -0.001165 -0.983120 -0.182947 
1710053063.097565 13.866249 -3.344623 -0.263804 0.001243 -0.001494 -0.980871 -0.194649 
1710053063.198496 13.802466 -3.310967 -0.222370 0.000971 0.000008 -0.978715 -0.205222 
1710053063.299574 13.713883 -3.280380 -0.207136 -0.002304 0.000811 -0.978686 -0.205347 
1710053063.400078 13.623070 -3.232442 -0.221519 0.001889 0.002310 -0.979129 -0.203216 
1710053063.500948 13.530597 -3.187737 -0.222585 -0.001177 0.001710 -0.978945 -0.204112 
1710053063.602832 13.458745 -3.146537 -0.206037 -0.008866 0.003095 -0.979019 -0.203552 
1710053063.702861 13.386609 -3.109792 -0.197735 -0.011313 0.005071 -0.979149 -0.202766 
1710053063.803674 13.285303 -3.066036 -0.195697 -0.010267 0.005412 -0.979045 -0.203315 
1710053063.904388 13.182640 -3.031641 -0.201865 -0.009652 0.005620 -0.979107 -0.203040 
1710053064.005246 13.114206 -2.995517 -0.187097 -0.012893 0.006349 -0.978868 -0.203988 
1710053064.106110 13.028438 -2.978836 -0.174108 -0.013144 0.006548 -0.979117 -0.202768 
1710053064.207043 12.942813 -2.951956 -0.183270 -0.012567 0.006591 -0.979318 -0.201827 
1710053064.308068 12.855462 -2.916478 -0.166931 -0.011461 0.006013 -0.979016 -0.203372 
1710053064.408693 12.787473 -2.874143 -0.163261 -0.011104 0.006029 -0.979247 -0.202275 
1710053064.509556 12.706195 -2.833449 -0.178791 -0.010552 0.005549 -0.978952 -0.203741 
1710053064.610436 12.598517 -2.786496 -0.180818 -0.005398 0.005938 -0.979071 -0.203362 
1710053064.711464 12.516953 -2.751126 -0.183081 -0.007084 0.005352 -0.979069 -0.203333 
1710053064.812405 12.434413 -2.712495 -0.179043 -0.007457 0.005678 -0.978998 -0.203655 
1710053064.913915 12.330199 -2.673095 -0.197204 -0.003900 0.005945 -0.979408 -0.201764 
1710053065.014435 12.239263 -2.626669 -0.203993 -0.000574 0.004187 -0.979103 -0.203322 
1710053065.117167 12.180755 -2.593874 -0.185443 -0.002412 0.005348 -0.979025 -0.203654 
1710053065.215675 12.130338 -2.566521 -0.197903 -0.003693 0.004723 -0.977910 -0.208943 
1710053065.316405 12.052366 -2.520219 -0.205979 -0.002131 0.002042 -0.975772 -0.218772 
1710053065.417293 11.968094 -2.478788 -0.208232 -0.000285 0.002062 -0.974530 -0.224249 
1710053065.518124 11.904533 -2.455322 -0.198912 -0.001246 0.002295 -0.972998 -0.230799 
1710053065.619316 11.823648 -2.422005 -0.169314 -0.002383 0.003116 -0.971197 -0.238247 
1710053065.720030 11.716515 -2.358222 -0.170864 0.001161 0.002467 -0.970673 -0.240389 
1710053065.822083 11.622636 -2.320412 -0.163932 0.002821 0.003439 -0.970883 -0.239515 
1710053065.921596 11.559860 -2.295324 -0.176695 0.000136 0.005230 -0.970453 -0.241235 
1710053066.022428 11.501545 -2.242257 -0.204111 -0.001519 0.003699 -0.967278 -0.253686 
1710053066.123287 11.425009 -2.175415 -0.212538 0.002769 0.000989 -0.964069 -0.265637 
1710053066.224203 11.353690 -2.122185 -0.194350 0.000806 -0.001289 -0.961444 -0.274996 
1710053066.325387 11.265341 -2.084799 -0.167737 0.000600 0.001511 -0.960858 -0.277035 
1710053066.425870 11.151510 -2.047947 -0.196900 0.004185 0.005452 -0.961531 -0.274610 
1710053066.526939 11.062888 -2.023648 -0.179646 0.003058 0.005682 -0.961073 -0.276220 
1710053066.627635 10.981255 -1.994320 -0.159212 0.000720 0.006245 -0.961338 -0.275299 
1710053066.728606 10.901515 -1.955997 -0.166146 -0.001797 0.006340 -0.961270 -0.275528 
1710053066.829577 10.810940 -1.895029 -0.173961 0.001641 0.006052 -0.961043 -0.276329 
1710053066.930332 10.731893 -1.845797 -0.177924 0.000147 0.006697 -0.961128 -0.276021 
1710053067.033376 10.662522 -1.814273 -0.168204 -0.001662 0.006785 -0.960970 -0.276565 
1710053067.131997 10.580607 -1.767839 -0.162426 -0.000155 0.008110 -0.961237 -0.275605 
1710053067.232907 10.498656 -1.703427 -0.172010 0.000018 0.005814 -0.961000 -0.276487 
1710053067.334191 10.434259 -1.652200 -0.168643 -0.000333 0.006054 -0.961232 -0.275675 
1710053067.434461 10.364892 -1.626159 -0.169539 -0.001530 0.006083 -0.961258 -0.275580 
1710053067.535348 10.271372 -1.572268 -0.174222 0.000465 0.006094 -0.961192 -0.275812 
1710053067.636415 10.192880 -1.513871 -0.165550 0.003256 0.006595 -0.961365 -0.275180 
1710053067.737051 10.127663 -1.483689 -0.165914 0.001313 0.006718 -0.960943 -0.276660 
1710053067.838384 10.040682 -1.447641 -0.162563 -0.000140 0.006978 -0.961135 -0.275989 
1710053067.938737 9.939614 -1.404037 -0.162998 0.003511 0.005853 -0.961271 -0.275520 
1710053068.039616 9.863295 -1.362218 -0.158690 0.001102 0.005269 -0.961021 -0.276423 
1710053068.140466 9.784637 -1.322286 -0.167390 0.001093 0.005837 -0.961198 -0.275797 
1710053068.241357 9.702050 -1.271511 -0.180670 0.001083 0.005818 -0.960821 -0.277106 
1710053068.342328 9.618834 -1.203432 -0.190905 0.003387 0.006270 -0.961066 -0.276229 
1710053068.446219 9.549044 -1.157754 -0.179932 0.003133 0.006858 -0.960966 -0.276562 
1710053068.545720 9.481891 -1.113795 -0.177312 0.002477 0.007740 -0.960964 -0.276553 
1710053068.645091 9.388562 -1.064063 -0.185520 0.004127 0.007547 -0.961524 -0.274585 
1710053068.745811 9.305028 -1.011828 -0.192499 0.005525 0.006149 -0.961102 -0.276071 
1710053068.846862 9.230976 -0.963519 -0.181207 0.004059 0.006677 -0.961368 -0.275154 
1710053068.951954 9.146505 -0.924647 -0.161516 0.004487 0.005409 -0.961059 -0.276252 
1710053069.048458 9.065737 -0.885452 -0.174329 0.007752 0.006336 -0.961171 -0.275773 
1710053069.149050 8.992284 -0.854779 -0.185044 0.006749 0.007680 -0.961123 -0.275930 
1710053069.251899 8.926212 -0.816156 -0.184051 0.003593 0.006240 -0.960953 -0.276619 
1710053069.351311 8.849135 -0.771101 -0.160435 0.004035 0.007197 -0.961232 -0.275618 
1710053069.451653 8.760876 -0.696356 -0.162821 0.004920 0.005859 -0.961115 -0.276043 
1710053069.555955 8.708685 -0.638281 -0.156572 0.004339 0.006360 -0.961264 -0.275520 
1710053069.653591 8.637826 -0.593473 -0.168168 0.003179 0.006266 -0.961305 -0.275398 
1710053069.754372 8.551529 -0.538386 -0.171156 0.004182 0.006729 -0.961205 -0.275722 
1710053069.855125 8.457180 -0.499900 -0.175004 0.005831 0.006518 -0.961297 -0.275374 
1710053069.956000 8.385746 -0.469101 -0.173305 0.003714 0.006882 -0.960994 -0.276459 
1710053070.056782 8.302224 -0.425553 -0.192365 0.000874 0.007324 -0.961122 -0.276024 
1710053070.157647 8.210809 -0.363761 -0.199359 0.004755 0.006618 -0.961424 -0.274949 
1710053070.258752 8.137121 -0.311010 -0.192038 0.003586 0.005751 -0.961126 -0.276025 
1710053070.359378 8.066093 -0.265592 -0.186770 0.003046 0.006661 -0.961407 -0.275033 
1710053070.460257 7.975889 -0.225698 -0.197079 0.002523 0.006379 -0.961291 -0.275451 
1710053070.561253 7.884263 -0.172771 -0.202548 0.004455 0.006512 -0.961097 -0.276100 
1710053070.662088 7.805603 -0.136983 -0.191401 0.004035 0.006469 -0.961096 -0.276111 
1710053070.763152 7.744746 -0.095427 -0.192988 0.002348 0.006870 -0.960983 -0.276512 
1710053070.864224 7.658440 -0.036168 -0.175833 0.004773 0.008572 -0.961666 -0.274049 
1710053070.964902 7.595229 0.034986 -0.193061 0.004281 0.006722 -0.961292 -0.275417 
1710053071.065668 7.527644 0.089399 -0.197702 0.002393 0.007419 -0.961491 -0.274725 
1710053071.166235 7.444907 0.144969 -0.200906 0.003022 0.007338 -0.961163 -0.275868 
1710053071.267376 7.355861 0.192471 -0.200694 0.007486 0.007621 -0.961245 -0.275489 
1710053071.368069 7.271473 0.224213 -0.179239 0.004382 0.007875 -0.961336 -0.275230 
1710053071.468804 7.215079 0.208705 -0.181594 0.001019 0.007133 -0.962076 -0.272687 
1710053071.569787 7.135338 0.214730 -0.179597 0.002876 0.011940 -0.965651 -0.259553 
1710053071.670739 7.074265 0.261019 -0.159978 0.006531 0.019617 -0.970162 -0.241575 
1710053071.771508 7.025272 0.295801 -0.145175 0.000540 0.021368 -0.974103 -0.225091 
1710053071.872304 6.960621 0.334990 -0.152844 0.001831 0.024253 -0.977917 -0.207573 
1710053071.973219 6.839134 0.389669 -0.171744 0.002646 0.020395 -0.980018 -0.197841 
1710053072.073977 6.730001 0.446021 -0.155019 0.004939 0.019943 -0.981112 -0.192346 
1710053072.174921 6.625384 0.488506 -0.117393 0.001213 0.010350 -0.981137 -0.193035 
1710053072.281404 6.518617 0.515001 -0.141206 -0.000663 0.007114 -0.980924 -0.194261 
1710053072.377285 6.401811 0.544997 -0.165058 0.002309 0.007773 -0.981473 -0.191430 
1710053072.477425 6.314077 0.569596 -0.171538 0.000367 0.006963 -0.981186 -0.192938 
1710053072.578318 6.231863 0.589468 -0.164463 0.000410 0.006654 -0.981457 -0.191567 
1710053072.679401 6.154769 0.628175 -0.174152 0.003857 0.006179 -0.981315 -0.192272 
1710053072.779986 6.062726 0.669696 -0.178366 0.004052 0.007241 -0.981327 -0.192168 
1710053072.880926 5.986935 0.702688 -0.175782 -0.000010 0.007371 -0.981227 -0.192714 
1710053072.983946 5.915407 0.742205 -0.175977 -0.002726 0.007397 -0.981131 -0.193183 
1710053073.082999 5.826965 0.795951 -0.175346 0.000378 0.007599 -0.981275 -0.192463 
1710053073.183903 5.733686 0.839056 -0.162406 -0.000272 0.006513 -0.981188 -0.192943 
1710053073.284283 5.660744 0.876899 -0.151170 -0.001731 0.006247 -0.981350 -0.192119 
1710053073.385126 5.574956 0.917507 -0.152045 -0.002691 0.006188 -0.981408 -0.191815 
1710053073.485993 5.468296 0.969793 -0.166648 -0.000307 0.006796 -0.981337 -0.192174 
1710053073.586898 5.381657 1.005330 -0.155204 0.001030 0.007729 -0.981343 -0.192108 
1710053073.687861 5.312138 1.021198 -0.145376 0.001314 0.006545 -0.981224 -0.192755 
1710053073.788586 5.222564 1.038624 -0.158497 0.002807 0.006403 -0.981518 -0.191240 
1710053073.889560 5.114915 1.078256 -0.163545 0.003615 0.005624 -0.981361 -0.192059 
1710053073.990294 5.041617 1.124014 -0.149429 0.003452 0.006093 -0.981500 -0.191335 
1710053074.091134 4.968800 1.172477 -0.154963 0.001911 0.006281 -0.981475 -0.191475 
1710053074.195699 4.871331 1.214124 -0.176569 0.003331 0.007509 -0.981345 -0.192081 
1710053074.294597 4.782393 1.250664 -0.180770 0.004095 0.006481 -0.981500 -0.191311 
1710053074.397309 4.710431 1.284138 -0.172259 0.003075 0.006430 -0.981420 -0.191739 
1710053074.499848 4.627042 1.315596 -0.171353 0.004873 0.009972 -0.981570 -0.190782 
1710053074.595953 4.529319 1.350025 -0.189753 0.003156 0.007548 -0.981390 -0.191849 
1710053074.697815 4.445624 1.388927 -0.191118 0.004104 0.005898 -0.981381 -0.191936 
1710053074.797164 4.379553 1.416341 -0.183522 0.004446 0.006163 -0.981533 -0.191142 
1710053074.898104 4.284471 1.452808 -0.183000 0.003990 0.008088 -0.981565 -0.190918 
1710053074.999775 4.174623 1.494268 -0.185637 0.005292 0.007382 -0.981481 -0.191342 
1710053075.099751 4.092509 1.512357 -0.177004 0.004482 0.007263 -0.981414 -0.191714 
1710053075.202008 4.012512 1.529967 -0.168311 0.003727 0.006368 -0.981598 -0.190818 
1710053075.301465 3.922298 1.563149 -0.186178 0.004896 0.006769 -0.981717 -0.190161 
1710053075.402312 3.841415 1.619673 -0.193541 0.003721 0.006750 -0.981395 -0.191844 
1710053075.503185 3.771945 1.652580 -0.178605 0.002299 0.007664 -0.981582 -0.190872 
1710053075.605891 3.695600 1.696219 -0.174061 0.001595 0.007143 -0.981536 -0.191136 
1710053075.705183 3.585068 1.731836 -0.183635 0.003894 0.006726 -0.981487 -0.191373 
1710053075.805779 3.498655 1.748212 -0.173204 0.002789 0.007169 -0.981349 -0.192081 
1710053075.906920 3.417627 1.767956 -0.163523 0.000466 0.006544 -0.981336 -0.192187 
1710053076.007604 3.330507 1.800911 -0.163216 0.001653 0.008064 -0.981645 -0.190540 
1710053076.108332 3.233284 1.842179 -0.171363 0.002902 0.007173 -0.981410 -0.191769 
1710053076.209387 3.157263 1.885067 -0.151591 0.003160 0.006349 -0.981779 -0.189895 
1710053076.310320 3.075633 1.916147 -0.153114 0.001117 0.009764 -0.983390 -0.181239 
1710053076.410946 2.975512 1.952739 -0.159993 0.004290 0.018584 -0.985887 -0.166323 
1710053076.511777 2.869797 1.979876 -0.167085 0.006043 0.023280 -0.988600 -0.148635 
1710053076.612802 2.794911 2.000292 -0.159780 0.003280 0.023073 -0.990502 -0.135511 
1710053076.713580 2.719766 2.024610 -0.163657 0.001962 0.024373 -0.991203 -0.130075 
1710053076.814354 2.635668 2.060690 -0.182244 0.003990 0.016757 -0.991675 -0.127612 
1710053076.915558 2.552680 2.107603 -0.181335 0.000939 0.010762 -0.991423 -0.130245 
1710053077.016420 2.487367 2.139198 -0.169310 0.001548 0.008598 -0.991657 -0.128607 
1710053077.116942 2.396380 2.162276 -0.167531 0.000580 0.006203 -0.991568 -0.129438 
1710053077.217782 2.283350 2.185154 -0.173236 0.003096 0.009047 -0.991564 -0.129268 
1710053077.318983 2.207690 2.191321 -0.175113 0.002393 0.008754 -0.991536 -0.129512 
1710053077.419516 2.123245 2.194962 -0.176814 0.001961 0.007554 -0.991508 -0.129811 
1710053077.520526 2.015371 2.219590 -0.180772 0.003917 0.008353 -0.991725 -0.128047 
1710053077.621311 1.924043 2.241848 -0.185786 0.008032 0.002270 -0.991682 -0.128440 
1710053077.722106 1.846608 2.259066 -0.179422 0.004329 0.005863 -0.991656 -0.128703 
1710053077.822953 1.770863 2.273009 -0.183545 0.001638 0.008352 -0.991512 -0.129738 
1710053077.923876 1.675814 2.295512 -0.173797 0.010571 0.008203 -0.991134 -0.132189 
1710053078.024659 1.589833 2.321199 -0.180135 0.005261 0.007089 -0.991390 -0.130645 
1710053078.125530 1.512474 2.338467 -0.181301 0.002106 0.007770 -0.991306 -0.131332 
1710053078.226899 1.421352 2.374889 -0.181937 -0.000479 0.009079 -0.991489 -0.129874 
1710053078.327443 1.324349 2.406805 -0.177644 0.000350 0.006259 -0.991442 -0.130396 
1710053078.428385 1.249740 2.440126 -0.160472 -0.002072 0.004916 -0.991593 -0.129289 
1710053078.531114 1.181337 2.459281 -0.147909 -0.004055 0.007508 -0.991597 -0.129084 
1710053078.629971 1.080107 2.482511 -0.143749 -0.004986 0.004707 -0.991439 -0.130391 
1710053078.730654 0.977805 2.493572 -0.140440 -0.002385 0.007286 -0.991573 -0.129321 
1710053078.831528 0.904089 2.476570 -0.128580 -0.003883 0.006495 -0.991480 -0.130042 
1710053078.932777 0.836978 2.498219 -0.120088 -0.005056 0.006306 -0.991517 -0.129728 
1710053079.033319 0.735913 2.520557 -0.119984 -0.004578 0.006817 -0.991476 -0.130029 
1710053079.134100 0.633511 2.527348 -0.103200 -0.004718 0.006252 -0.991260 -0.131689 
1710053079.235035 0.551057 2.552131 -0.095107 -0.006956 0.008898 -0.991605 -0.128812 
1710053079.335924 0.458214 2.577942 -0.095745 -0.006592 0.007258 -0.991447 -0.130139 
1710053079.436698 0.340999 2.606841 -0.114169 -0.003996 0.009221 -0.991423 -0.130305 
1710053079.537760 0.245558 2.622614 -0.117126 -0.005818 0.011017 -0.991367 -0.130525 
1710053079.638535 0.168611 2.634581 -0.108142 -0.007752 0.012793 -0.991221 -0.131369 
1710053079.739301 0.070794 2.667774 -0.126717 -0.006131 0.010349 -0.991752 -0.127604 
1710053079.840114 -0.026205 2.694777 -0.111362 -0.004661 0.011825 -0.991844 -0.126825 
1710053079.941025 -0.089833 2.719237 -0.098189 -0.004012 0.008560 -0.991579 -0.129156 
1710053080.042653 -0.165689 2.738538 -0.101648 -0.002821 0.010570 -0.991754 -0.127690 
1710053080.144948 -0.267557 2.765253 -0.113571 -0.003479 0.007118 -0.991575 -0.129290 
1710053080.243670 -0.361213 2.790636 -0.111010 0.003675 0.006259 -0.991533 -0.129652 
1710053080.346150 -0.439414 2.807767 -0.105170 0.004933 0.008806 -0.991341 -0.130926 
1710053080.446329 -0.520927 2.819623 -0.104273 0.005228 0.007271 -0.991417 -0.130429 
1710053080.547851 -0.626558 2.833468 -0.119896 0.008804 0.003535 -0.991619 -0.128848 
1710053080.647840 -0.707909 2.862479 -0.129186 0.009467 0.001804 -0.991406 -0.130464 
1710053080.748036 -0.777146 2.894330 -0.134546 0.008996 0.000074 -0.991736 -0.127982 
1710053080.848803 -0.870280 2.934977 -0.150813 0.007853 0.004922 -0.991582 -0.129151 
