1710051776.639354 -0.003733 0.004895 0.007124 -0.000149 0.000321 -0.000088 1.000000 
1710051776.740078 0.006520 0.006925 0.005695 -0.000133 0.000297 -0.000712 1.000000 
1710051776.840889 0.002422 0.008637 0.006596 -0.000031 0.000287 -0.000705 1.000000 
1710051776.942211 0.007112 0.005864 0.005961 -0.000019 0.000183 0.000040 1.000000 
1710051777.042578 0.002898 0.001236 0.009282 -0.000165 0.000349 -0.000052 1.000000 
1710051777.143287 0.008574 0.001459 0.008248 -0.000123 0.000251 0.000168 1.000000 
1710051777.244395 0.010277 0.007096 0.007722 -0.000079 0.000264 -0.000298 1.000000 
1710051777.345154 0.013016 0.009599 0.008351 -0.000100 0.000268 -0.000022 1.000000 
1710051777.445845 0.015218 0.007980 0.007224 -0.000061 0.000206 -0.000142 1.000000 
1710051777.546928 0.015895 0.007347 0.007751 -0.000116 0.000258 -0.000286 1.000000 
1710051777.647576 0.016382 0.011098 0.007268 -0.000097 0.000254 0.000368 1.000000 
1710051777.748487 0.023359 0.009602 0.006926 -0.000107 0.000224 0.000109 1.000000 
1710051777.849546 0.021206 0.009595 0.007817 -0.000085 0.000237 -0.000393 1.000000 
1710051777.950302 0.022760 0.006765 0.009050 -0.000080 0.000278 0.000183 1.000000 
1710051778.051012 0.018952 0.007603 0.009608 -0.000081 0.000281 -0.000348 1.000000 
1710051778.151997 0.017152 0.008568 0.009822 -0.000074 0.000284 -0.000016 1.000000 
1710051778.252738 0.022590 0.007980 0.009887 -0.000048 0.000294 -0.000832 1.000000 
1710051778.353595 0.020030 0.010228 0.009118 -0.000054 0.000240 -0.000513 1.000000 
1710051778.454449 0.022535 0.008778 0.008677 -0.000087 0.000240 -0.000548 1.000000 
1710051778.555360 0.019696 0.012031 0.009452 -0.000104 0.000266 -0.000257 1.000000 
1710051778.656623 0.016017 0.012817 0.010557 -0.000062 0.000303 -0.000369 1.000000 
1710051778.757245 0.016221 0.015703 0.010407 -0.000028 0.000280 -0.000601 1.000000 
1710051778.858161 0.018027 0.013597 0.011142 -0.000070 0.000303 -0.000130 1.000000 
1710051778.958880 0.018882 0.010123 0.012741 -0.000069 0.000338 -0.000152 1.000000 
1710051779.059730 0.019579 0.010344 0.011346 -0.000070 0.000286 -0.000415 1.000000 
1710051779.160550 0.018765 0.010478 0.010583 -0.000070 0.000301 -0.000303 1.000000 
1710051779.261496 0.016038 0.010159 0.010950 -0.000044 0.000272 -0.000432 1.000000 
1710051779.362463 0.017124 0.010228 0.011110 -0.000068 0.000297 -0.000677 1.000000 
1710051779.463127 0.019044 0.010754 0.011450 -0.000038 0.000294 -0.000544 1.000000 
1710051779.564028 0.020832 0.011753 0.010440 -0.000054 0.000271 -0.000494 1.000000 
1710051779.664993 0.025399 0.014824 0.010306 -0.000072 0.000264 -0.000639 1.000000 
1710051779.765659 0.023451 0.012934 0.010193 -0.000045 0.000239 -0.000343 1.000000 
1710051779.866505 0.025159 0.014116 0.010250 -0.000033 0.000239 -0.000645 1.000000 
1710051779.967327 0.028488 0.013097 0.009472 -0.000058 0.000237 -0.000448 1.000000 
1710051780.068369 0.027634 0.013666 0.009721 -0.000047 0.000236 -0.000549 1.000000 
1710051780.169307 0.026560 0.013773 0.010508 -0.000061 0.000248 -0.000593 1.000000 
1710051780.269936 0.023352 0.016047 0.010295 -0.000060 0.000266 -0.000513 1.000000 
1710051780.370768 0.023632 0.014247 0.009643 -0.000054 0.000253 -0.000472 1.000000 
1710051780.471627 0.024717 0.015016 0.009145 -0.000063 0.000229 -0.000491 1.000000 
1710051780.572531 0.021552 0.015450 0.008534 -0.000065 0.000211 -0.000642 1.000000 
1710051780.675087 0.016802 0.014647 0.011366 -0.000037 0.000296 -0.000526 1.000000 
1710051780.775891 0.018828 0.013281 0.012237 -0.000027 0.000311 -0.000436 1.000000 
1710051780.877364 0.024012 0.014738 0.011635 -0.000040 0.000270 -0.000386 1.000000 
1710051780.976236 0.022530 0.014109 0.009882 -0.000045 0.000232 -0.000382 1.000000 
1710051781.076856 0.024576 0.013036 0.010511 -0.000065 0.000288 -0.000182 1.000000 
1710051781.177692 0.021969 0.012871 0.011017 -0.000037 0.000272 -0.000831 1.000000 
1710051781.278952 0.022650 0.013483 0.010355 -0.000050 0.000249 -0.000275 1.000000 
1710051781.379351 0.023120 0.013445 0.011091 -0.000037 0.000290 -0.000502 1.000000 
1710051781.480296 0.023896 0.014416 0.011847 -0.000050 0.000312 0.000100 1.000000 
1710051781.581088 0.023876 0.012477 0.012809 -0.000062 0.000310 -0.000409 1.000000 
1710051781.681924 0.029985 0.014226 0.012015 0.000004 0.000272 -0.001980 0.999998 
1710051781.782788 0.049729 -0.000208 0.016710 0.000171 0.000363 0.001490 0.999999 
1710051781.883696 0.075649 0.030875 0.019800 0.000229 -0.000280 0.000942 0.999999 
1710051781.984524 0.137213 0.043838 0.018945 0.000116 -0.000099 -0.001358 0.999999 
1710051782.085442 0.193179 0.047411 0.014056 0.000047 -0.000182 0.000075 1.000000 
1710051782.186349 0.278085 0.041414 0.009150 0.000091 -0.000434 -0.000070 1.000000 
1710051782.287091 0.399135 0.023215 -0.000789 0.000129 -0.000333 -0.000297 1.000000 
1710051782.387938 0.492635 0.012939 -0.002731 -0.000097 -0.000704 -0.000786 0.999999 
1710051782.488812 0.548990 0.011236 0.005924 -0.000100 -0.001009 -0.000509 0.999999 
1710051782.589889 0.646404 0.003502 0.005182 -0.000034 -0.001141 -0.000169 0.999999 
1710051782.690714 0.770459 0.004792 -0.010172 -0.000385 -0.001195 -0.000374 0.999999 
1710051782.791965 0.856080 0.011118 -0.007387 -0.000331 -0.001563 -0.000162 0.999999 
1710051782.892492 0.937594 0.020468 -0.001746 -0.000157 -0.001805 -0.000568 0.999998 
1710051782.993290 1.046399 0.033884 -0.007884 -0.000256 -0.002091 0.000847 0.999997 
1710051783.094052 1.166531 0.024106 -0.019755 -0.000382 -0.001995 -0.000132 0.999998 
1710051783.194865 1.252702 0.021334 -0.015240 -0.000321 -0.002319 0.000280 0.999997 
1710051783.295786 1.337077 0.019058 -0.014607 -0.000336 -0.002488 -0.000202 0.999997 
1710051783.396558 1.461844 0.018513 -0.018989 -0.000469 -0.002648 -0.000377 0.999996 
1710051783.497636 1.571848 0.036707 -0.021885 -0.000560 -0.002744 -0.000051 0.999996 
1710051783.598261 1.641151 0.034314 -0.014539 -0.000313 -0.003103 -0.001335 0.999994 
1710051783.699110 1.721200 0.044845 -0.002642 -0.000343 -0.003387 -0.000106 0.999994 
1710051783.800027 1.827185 0.040719 -0.002214 -0.000351 -0.003207 -0.000886 0.999994 
1710051783.900918 1.919484 0.031708 0.001339 -0.000260 -0.003617 -0.000813 0.999993 
1710051784.001698 2.009257 0.028202 0.003221 -0.000261 -0.003669 0.000125 0.999993 
1710051784.102642 2.117600 0.031773 0.001559 -0.000292 -0.003915 -0.000801 0.999992 
1710051784.203667 2.217997 0.036335 -0.004524 -0.000480 -0.003937 -0.000134 0.999992 
1710051784.304261 2.293581 0.047098 -0.001624 -0.000369 -0.004287 -0.000821 0.999990 
1710051784.405145 2.379868 0.050795 0.003992 -0.000116 -0.005151 0.000144 0.999987 
1710051784.506017 2.494070 0.043147 -0.000397 -0.000239 -0.004677 0.000240 0.999989 
1710051784.606996 2.584973 0.044734 0.001949 -0.000243 -0.004861 -0.000714 0.999988 
1710051784.707856 2.658410 0.037641 0.025032 0.000071 -0.005403 -0.000214 0.999985 
1710051784.808825 2.752640 0.027271 0.028177 0.000331 -0.006189 -0.000805 0.999980 
1710051784.909647 2.866424 0.028248 0.016478 -0.000129 -0.005483 -0.000669 0.999985 
1710051785.010303 2.959952 0.025702 0.025393 0.000073 -0.005821 0.000000 0.999983 
1710051785.111126 3.045826 0.023259 0.020281 -0.000116 -0.006056 -0.001068 0.999981 
1710051785.212294 3.150350 0.031119 0.010676 -0.000270 -0.006141 0.000162 0.999981 
1710051785.312914 3.264380 0.032432 0.010996 -0.000066 -0.005833 -0.001121 0.999982 
1710051785.413707 3.343601 0.029027 0.003941 -0.000249 -0.006313 0.000081 0.999980 
1710051785.514827 3.438325 0.030751 -0.000716 -0.000298 -0.006539 -0.000133 0.999979 
1710051785.615454 3.552644 0.025755 -0.027245 -0.000761 -0.006328 -0.002301 0.999977 
1710051785.716318 3.652969 0.014095 -0.032613 -0.000810 -0.005104 -0.000328 0.999987 
1710051785.817206 3.731813 0.020491 -0.035227 -0.000801 -0.005809 -0.001095 0.999982 
1710051785.918227 3.828918 0.027302 -0.046653 -0.000725 -0.005575 -0.000656 0.999984 
1710051786.018942 3.949965 0.021941 -0.044995 -0.000796 -0.005298 -0.000131 0.999986 
1710051786.119800 4.030444 0.010177 -0.032622 -0.000529 -0.006015 -0.000202 0.999982 
1710051786.220639 4.090187 0.011738 -0.024208 -0.000598 -0.006355 -0.000453 0.999980 
1710051786.321433 4.194807 0.024221 -0.032214 -0.000603 -0.006137 -0.001328 0.999980 
1710051786.422298 4.289173 0.034372 -0.032435 -0.000581 -0.006565 -0.001318 0.999977 
1710051786.523571 4.369117 0.045703 -0.017576 -0.000407 -0.007123 -0.001282 0.999974 
1710051786.624244 4.446583 0.051776 -0.020006 -0.000508 -0.007559 -0.000954 0.999971 
1710051786.725085 4.564032 0.050783 -0.020485 -0.000848 -0.007305 -0.001100 0.999972 
1710051786.825873 4.652660 0.039156 -0.012615 -0.000179 -0.007536 -0.000634 0.999971 
1710051786.926750 4.730961 0.035071 -0.006139 -0.000259 -0.007363 0.000551 0.999973 
1710051787.027532 4.823402 0.044452 -0.016255 -0.000429 -0.007391 -0.000705 0.999972 
1710051787.128328 4.938564 0.062469 -0.027409 -0.001183 -0.006975 -0.000393 0.999975 
1710051787.229382 5.024929 0.069580 -0.021781 -0.000779 -0.007996 -0.000718 0.999967 
1710051787.330204 5.099059 0.084989 -0.017462 -0.000571 -0.008421 -0.000993 0.999964 
1710051787.430925 5.193623 0.104770 -0.037842 -0.001272 -0.008139 -0.000205 0.999966 
1710051787.531757 5.295611 0.119198 -0.019188 -0.000994 -0.007813 -0.001102 0.999968 
1710051787.632807 5.374156 0.127122 -0.005568 -0.000528 -0.008597 0.000984 0.999962 
1710051787.733441 5.453965 0.124900 -0.000763 -0.000412 -0.009197 0.000794 0.999957 
1710051787.834776 5.566645 0.143553 -0.018608 -0.000188 -0.008725 -0.000751 0.999962 
1710051787.935897 5.660680 0.155965 -0.019471 -0.000570 -0.009276 -0.000646 0.999957 
1710051788.036142 5.733994 0.154566 -0.009350 -0.000649 -0.009803 -0.001157 0.999951 
1710051788.138560 5.821491 0.174778 -0.020555 -0.000781 -0.010443 -0.000325 0.999945 
1710051788.237761 5.927530 0.179068 -0.026374 -0.001065 -0.009693 -0.001641 0.999951 
1710051788.338722 6.017561 0.185847 -0.018272 -0.000596 -0.010321 -0.000397 0.999946 
1710051788.439487 6.095433 0.183140 -0.005043 -0.000273 -0.010541 -0.000270 0.999944 
1710051788.540721 6.197832 0.190599 -0.003547 -0.000045 -0.010062 -0.000825 0.999949 
1710051788.641235 6.305389 0.222102 -0.004207 -0.000378 -0.010350 -0.000840 0.999946 
1710051788.742207 6.382738 0.230594 0.009276 0.000125 -0.010890 -0.001014 0.999940 
1710051788.843151 6.450733 0.227356 0.010099 0.000136 -0.010969 -0.001009 0.999939 
1710051788.943769 6.556986 0.226176 0.011181 -0.000074 -0.010585 -0.000451 0.999944 
1710051789.044630 6.639993 0.204779 0.017422 0.000140 -0.011049 -0.001212 0.999938 
1710051789.146739 6.712279 0.201727 0.022058 0.000393 -0.011353 -0.000278 0.999935 
1710051789.246439 6.798338 0.198233 0.022431 0.000115 -0.011823 -0.000877 0.999930 
1710051789.347307 6.921104 0.208823 0.015003 0.000173 -0.011225 -0.000951 0.999937 
1710051789.448209 7.012388 0.209592 0.026076 -0.000074 -0.011886 -0.000439 0.999929 
1710051789.549050 7.085957 0.218461 0.037834 0.000351 -0.012238 -0.001134 0.999924 
1710051789.649786 7.181929 0.229492 0.022874 0.000338 -0.012324 -0.000270 0.999924 
1710051789.750645 7.298372 0.229255 0.021517 0.000439 -0.012404 -0.001249 0.999922 
1710051789.851684 7.376686 0.229124 0.045621 0.000810 -0.012811 -0.000280 0.999918 
1710051789.952485 7.456671 0.229650 0.059392 0.000966 -0.013029 -0.000524 0.999915 
1710051790.053327 7.568493 0.237821 0.037876 0.001002 -0.012769 -0.000525 0.999918 
1710051790.154427 7.667656 0.241823 0.034646 0.000670 -0.013145 -0.000486 0.999913 
1710051790.254918 7.742124 0.241533 0.050256 0.000587 -0.013695 -0.000871 0.999906 
1710051790.355863 7.817357 0.244650 0.055649 0.000293 -0.014390 -0.000567 0.999896 
1710051790.456953 7.923686 0.244741 0.058081 0.001121 -0.013466 -0.000546 0.999909 
1710051790.558358 8.012866 0.235506 0.075066 0.001827 -0.013270 -0.000505 0.999910 
1710051790.658369 8.088929 0.233885 0.076561 0.001019 -0.014599 -0.000182 0.999893 
1710051790.759254 8.183044 0.230961 0.075426 0.002080 -0.013248 -0.001501 0.999909 
1710051790.860515 8.306255 0.248466 0.063636 0.002317 -0.012322 0.000422 0.999921 
1710051790.960936 8.380969 0.262105 0.078057 0.002210 -0.013872 -0.000843 0.999901 
1710051791.061800 8.445493 0.261605 0.085318 0.001991 -0.014544 -0.000759 0.999892 
1710051791.163047 8.554007 0.257752 0.058237 0.001944 -0.013234 -0.000900 0.999910 
1710051791.263573 8.649206 0.253764 0.078155 0.002040 -0.013448 -0.000912 0.999907 
1710051791.364387 8.726811 0.256785 0.084691 0.001848 -0.014068 0.000594 0.999899 
1710051791.465652 8.819230 0.257096 0.083019 0.001222 -0.015110 -0.000557 0.999885 
1710051791.566426 8.945070 0.263383 0.063097 0.001939 -0.013042 0.000178 0.999913 
1710051791.669285 9.035681 0.281889 0.071444 0.001791 -0.013927 -0.000942 0.999901 
1710051791.767809 9.105444 0.296338 0.083153 0.001951 -0.014726 -0.001140 0.999889 
1710051791.868858 9.206954 0.307012 0.083411 0.000851 -0.014665 0.000772 0.999892 
1710051791.969616 9.304451 0.306546 0.073962 0.004257 -0.012946 -0.001199 0.999906 
1710051792.070426 9.376768 0.301611 0.091440 0.003054 -0.015347 -0.000513 0.999877 
1710051792.171517 9.442225 0.300117 0.107662 0.002525 -0.015990 -0.000475 0.999869 
1710051792.273335 9.560588 0.302950 0.108499 0.002734 -0.014903 -0.000279 0.999885 
1710051792.372984 9.675584 0.317268 0.098293 0.003401 -0.013784 0.000528 0.999899 
1710051792.473982 9.761000 0.329502 0.102536 0.004623 -0.014442 -0.001306 0.999884 
1710051792.577954 9.853801 0.333292 0.111600 0.001623 -0.014729 0.000049 0.999890 
1710051792.675581 9.958321 0.346730 0.095415 0.005904 -0.011765 -0.000591 0.999913 
1710051792.776620 10.054149 0.344139 0.103103 0.005661 -0.012636 -0.000397 0.999904 
1710051792.877451 10.127935 0.350744 0.107946 0.006194 -0.012018 0.000711 0.999908 
1710051792.978397 10.227852 0.350378 0.105486 0.006627 -0.012382 0.001092 0.999901 
1710051793.078973 10.321238 0.373721 0.099034 0.006967 -0.008833 0.000122 0.999937 
1710051793.182159 10.390479 0.388246 0.113122 0.006411 -0.011265 -0.000863 0.999916 
1710051793.282104 10.452571 0.392862 0.119209 0.005171 -0.012979 -0.000487 0.999902 
1710051793.381548 10.552813 0.390520 0.117883 0.005221 -0.013632 0.000963 0.999893 
1710051793.483161 10.646906 0.364479 0.124350 0.007161 -0.011994 -0.000848 0.999902 
1710051793.583306 10.715811 0.345937 0.147077 0.003725 -0.015093 0.000277 0.999879 
1710051793.684134 10.792096 0.338166 0.158132 0.004177 -0.017814 -0.000475 0.999832 
1710051793.785009 10.909252 0.346840 0.161607 0.004717 -0.013807 -0.000436 0.999893 
1710051793.886331 11.008915 0.348160 0.164394 0.001713 -0.015714 -0.000491 0.999875 
1710051793.986707 11.084025 0.358525 0.173853 0.002934 -0.019248 -0.001519 0.999809 
1710051794.087616 11.178513 0.367581 0.178608 -0.000907 -0.019837 -0.000920 0.999802 
1710051794.188446 11.282636 0.374993 0.178389 0.001885 -0.018714 -0.000578 0.999823 
1710051794.289327 11.374024 0.386337 0.188908 0.002520 -0.018926 -0.000749 0.999817 
1710051794.390146 11.457418 0.385387 0.183096 0.002718 -0.019915 -0.000277 0.999798 
1710051794.491224 11.558426 0.384879 0.177477 0.005482 -0.018857 -0.001003 0.999807 
1710051794.591984 11.678994 0.393429 0.172063 0.004920 -0.016314 0.000684 0.999855 
1710051794.692766 11.754068 0.389798 0.186297 0.002468 -0.018324 -0.000782 0.999829 
1710051794.793783 11.837698 0.390662 0.189447 0.001106 -0.020976 -0.000587 0.999779 
1710051794.894485 11.935185 0.398635 0.181602 0.004598 -0.016461 0.000747 0.999854 
1710051794.995296 12.013898 0.413367 0.195983 0.004976 -0.016553 -0.001840 0.999849 
1710051795.096155 12.085567 0.413031 0.216524 0.004026 -0.018453 -0.000162 0.999822 
1710051795.197098 12.182750 0.405073 0.221112 0.004418 -0.019639 -0.000538 0.999797 
1710051795.298450 12.295533 0.390998 0.215186 0.003386 -0.017911 -0.000556 0.999834 
1710051795.399740 12.377249 0.387946 0.216919 0.004203 -0.018487 -0.000422 0.999820 
1710051795.499663 12.455725 0.387461 0.223242 0.004335 -0.020156 -0.000865 0.999787 
1710051795.600538 12.566726 0.383456 0.228711 0.001758 -0.021327 0.001105 0.999770 
1710051795.701301 12.671251 0.383474 0.225799 0.005361 -0.019161 -0.000458 0.999802 
1710051795.803960 12.746917 0.384338 0.234942 0.004895 -0.019270 -0.000078 0.999802 
1710051795.903599 12.821051 0.384673 0.241372 0.005239 -0.020107 0.000485 0.999784 
1710051796.003942 12.937445 0.370261 0.235427 0.004759 -0.018310 -0.001073 0.999820 
1710051796.104930 13.035698 0.381062 0.234086 0.001930 -0.016440 0.000248 0.999863 
1710051796.205642 13.121752 0.384745 0.237890 0.003060 -0.018383 -0.001041 0.999826 
1710051796.306501 13.209527 0.383794 0.235230 0.003778 -0.018400 0.000823 0.999823 
1710051796.408498 13.325811 0.389489 0.232465 0.003556 -0.016762 -0.000028 0.999853 
1710051796.508385 13.414547 0.373546 0.241439 0.005615 -0.017447 0.000093 0.999832 
1710051796.609148 13.494304 0.390657 0.229665 0.006344 -0.017704 0.000231 0.999823 
1710051796.709892 13.583623 0.387094 0.226250 0.005892 -0.018848 0.000176 0.999805 
1710051796.810869 13.694080 0.395040 0.217095 0.007642 -0.013601 0.000425 0.999878 
1710051796.911683 13.782083 0.404459 0.230965 0.006043 -0.014510 -0.000453 0.999876 
1710051797.013881 13.881874 0.400254 0.234721 0.004865 -0.017903 -0.000065 0.999828 
1710051797.113840 14.001108 0.400015 0.232888 0.006073 -0.014971 0.000289 0.999869 
1710051797.214290 14.087984 0.387854 0.242304 0.007168 -0.013611 -0.000805 0.999881 
1710051797.315094 14.165334 0.385914 0.258677 0.005678 -0.015969 0.000008 0.999856 
1710051797.416367 14.251613 0.387166 0.263563 0.003365 -0.016851 -0.001463 0.999851 
1710051797.516805 14.367284 0.403929 0.257789 0.006067 -0.014667 -0.000565 0.999874 
1710051797.617614 14.438175 0.420537 0.259263 0.006647 -0.015451 -0.000968 0.999858 
1710051797.721127 14.529167 0.423524 0.258167 0.006137 -0.017791 -0.001486 0.999822 
1710051797.819362 14.634761 0.421050 0.268626 0.005273 -0.017806 -0.000478 0.999827 
1710051797.920337 14.733497 0.416888 0.270741 0.007073 -0.015878 -0.000268 0.999849 
1710051798.022519 14.802582 0.408247 0.273908 0.006031 -0.016576 -0.000493 0.999844 
1710051798.122154 14.885359 0.397360 0.272970 0.006529 -0.017651 -0.000269 0.999823 
1710051798.222831 14.987234 0.398150 0.264529 0.008228 -0.013840 -0.000675 0.999870 
1710051798.323852 15.087053 0.408480 0.263105 0.007547 -0.013902 0.000019 0.999875 
1710051798.424673 15.169675 0.413175 0.268838 0.007298 -0.016429 -0.001211 0.999838 
1710051798.525565 15.268212 0.411459 0.264819 0.005481 -0.017195 -0.000719 0.999837 
1710051798.626373 15.384839 0.398736 0.268506 0.008004 -0.014870 -0.000986 0.999857 
1710051798.727463 15.468572 0.380400 0.277756 0.007925 -0.015800 0.000339 0.999844 
1710051798.828115 15.564791 0.381160 0.282173 0.006278 -0.017390 -0.000469 0.999829 
1710051798.928984 15.668434 0.392211 0.271639 0.005763 -0.017025 -0.001187 0.999838 
1710051799.029646 15.770537 0.403109 0.281591 0.007848 -0.015514 -0.000106 0.999849 
1710051799.130581 15.840526 0.422941 0.295192 0.007448 -0.016638 -0.001357 0.999833 
1710051799.231433 15.920309 0.435536 0.288061 0.006636 -0.017981 0.000691 0.999816 
1710051799.332231 16.026842 0.438533 0.301913 0.007427 -0.015442 -0.000638 0.999853 
1710051799.433309 16.110458 0.440867 0.309079 0.007815 -0.015728 -0.000279 0.999846 
1710051799.533935 16.193384 0.427858 0.326058 0.006749 -0.017349 0.000308 0.999827 
1710051799.634808 16.292303 0.445171 0.312929 0.008340 -0.014176 -0.000844 0.999864 
1710051799.735678 16.398309 0.443888 0.308921 0.007441 -0.016801 0.000132 0.999831 
1710051799.836559 16.483459 0.434973 0.315535 0.006689 -0.018222 -0.000567 0.999811 
1710051799.937576 16.568931 0.434225 0.319834 0.007372 -0.017903 0.000344 0.999812 
1710051800.038289 16.678818 0.425638 0.348098 0.005334 -0.018632 -0.000049 0.999812 
1710051800.139447 16.765603 0.415634 0.355903 0.007280 -0.016312 0.000125 0.999840 
1710051800.239960 16.842180 0.412509 0.363389 0.006722 -0.017967 0.000750 0.999816 
1710051800.341042 16.932039 0.409532 0.368658 0.006638 -0.017931 -0.000025 0.999817 
1710051800.441939 17.046804 0.438538 0.360822 0.008311 -0.014648 0.000381 0.999858 
1710051800.542728 17.137091 0.456312 0.364306 0.007130 -0.016465 0.000616 0.999839 
1710051800.643697 17.211445 0.461575 0.369638 0.006983 -0.018385 -0.000220 0.999807 
1710051800.744537 17.308513 0.459208 0.360016 0.008088 -0.015569 0.001381 0.999845 
1710051800.845308 17.413563 0.448292 0.367109 0.009041 -0.013877 -0.000190 0.999863 
1710051800.946034 17.498561 0.441126 0.374886 0.007815 -0.016702 0.000485 0.999830 
1710051801.046833 17.572436 0.432674 0.382914 0.008233 -0.016467 0.000305 0.999830 
1710051801.147715 17.671354 0.440124 0.373704 0.008972 -0.013384 -0.000341 0.999870 
1710051801.248741 17.770934 0.451588 0.363872 0.008947 -0.013707 0.001713 0.999865 
1710051801.349912 17.850148 0.453959 0.387292 0.008745 -0.012675 -0.000089 0.999881 
1710051801.450388 17.935926 0.466078 0.386446 0.007679 -0.015170 0.001068 0.999855 
1710051801.551416 18.037094 0.456096 0.405942 0.006906 -0.013232 0.001367 0.999888 
1710051801.652017 18.138152 0.462637 0.391120 0.009057 -0.012631 0.000259 0.999879 
1710051801.752846 18.213375 0.468312 0.385099 0.009146 -0.012993 0.001531 0.999873 
1710051801.854137 18.314303 0.484733 0.378225 0.008876 -0.014346 0.000158 0.999858 
1710051801.954914 18.425065 0.504198 0.373319 0.010028 -0.012302 0.000998 0.999874 
1710051802.055526 18.498461 0.530307 0.388793 0.009028 -0.014597 0.000132 0.999853 
1710051802.156411 18.577922 0.534502 0.407872 0.008278 -0.015897 -0.000149 0.999839 
1710051802.257308 18.669056 0.557517 0.402607 0.008369 -0.016287 0.002587 0.999829 
1710051802.358154 18.766538 0.571289 0.400111 0.008688 -0.014078 -0.000325 0.999863 
1710051802.458983 18.841342 0.584306 0.420906 0.007585 -0.018455 0.000401 0.999801 
1710051802.559903 18.921362 0.575600 0.436939 0.008433 -0.016763 0.001307 0.999823 
1710051802.660837 19.027632 0.574600 0.427381 0.008434 -0.017199 0.000029 0.999817 
1710051802.761848 19.132327 0.588066 0.419881 0.007995 -0.018668 0.000755 0.999793 
1710051802.862297 19.213125 0.591785 0.438867 0.007820 -0.019510 -0.000399 0.999779 
1710051802.963259 19.301748 0.582737 0.450314 0.007335 -0.019397 0.000511 0.999785 
1710051803.064003 19.403408 0.555047 0.445956 0.008394 -0.017723 0.000597 0.999808 
1710051803.165003 19.493443 0.529035 0.453188 0.007876 -0.018998 0.000508 0.999788 
1710051803.265733 19.569988 0.527407 0.462096 0.008122 -0.019858 0.000790 0.999770 
1710051803.366935 19.671481 0.518506 0.455929 0.008507 -0.019680 0.000170 0.999770 
1710051803.467503 19.783717 0.526653 0.447701 0.008714 -0.015953 0.001494 0.999834 
1710051803.568280 19.860723 0.536716 0.462464 0.008544 -0.018575 0.000721 0.999791 
1710051803.669163 19.944370 0.549373 0.474468 0.008147 -0.020724 0.000267 0.999752 
1710051803.770046 20.049790 0.564263 0.461353 0.008454 -0.017353 0.001244 0.999813 
1710051803.870965 20.148451 0.546619 0.465923 0.009055 -0.019399 0.000346 0.999771 
1710051803.971902 20.218237 0.544095 0.471745 0.009088 -0.020772 0.001389 0.999742 
1710051804.072650 20.307288 0.529273 0.477143 0.008479 -0.021412 0.000793 0.999734 
1710051804.173515 20.430428 0.526974 0.465483 0.008416 -0.019666 0.000940 0.999771 
1710051804.274648 20.513232 0.550365 0.465659 0.008751 -0.020364 0.000526 0.999754 
1710051804.375342 20.584724 0.550353 0.466733 0.008649 -0.022764 0.000145 0.999703 
1710051804.476368 20.691100 0.561033 0.460430 0.008201 -0.023040 0.001396 0.999700 
1710051804.576966 20.796259 0.561295 0.465760 0.009235 -0.018529 0.000789 0.999785 
1710051804.677794 20.879728 0.560320 0.471582 0.009321 -0.020370 0.000833 0.999749 
1710051804.778844 20.944341 0.557296 0.481914 0.009230 -0.019476 0.001084 0.999767 
1710051804.879539 21.051445 0.551459 0.476109 0.009401 -0.020074 0.000084 0.999754 
1710051804.980340 21.170214 0.562454 0.458158 0.009247 -0.022454 -0.000422 0.999705 
1710051805.081187 21.246369 0.570287 0.475597 0.009142 -0.020858 -0.000189 0.999741 
1710051805.182091 21.333777 0.579642 0.482718 0.009064 -0.020784 0.000177 0.999743 
1710051805.282889 21.424667 0.583706 0.475180 0.009412 -0.020214 0.000797 0.999751 
1710051805.383771 21.517077 0.565542 0.493607 0.009442 -0.019386 -0.000374 0.999767 
1710051805.485594 21.598464 0.561724 0.503450 0.008986 -0.020972 0.001081 0.999739 
1710051805.585474 21.693631 0.552249 0.506418 0.008938 -0.019621 0.001545 0.999766 
1710051805.686333 21.811778 0.569457 0.501603 0.009193 -0.019397 0.000559 0.999769 
1710051805.787348 21.902516 0.589037 0.505289 0.009156 -0.020806 0.001025 0.999741 
1710051805.888125 21.984052 0.603454 0.516447 0.009025 -0.021627 0.000677 0.999725 
1710051805.988987 22.083656 0.626647 0.496039 0.009508 -0.020495 0.000971 0.999744 
1710051806.090024 22.173224 0.624868 0.495517 0.009578 -0.021166 -0.000582 0.999730 
1710051806.192883 22.240335 0.628870 0.509532 0.009163 -0.023387 0.000839 0.999684 
1710051806.291960 22.317421 0.633067 0.518998 0.009042 -0.022792 0.000434 0.999699 
1710051806.392355 22.431539 0.641580 0.513482 0.009306 -0.021784 0.000036 0.999719 
1710051806.493471 22.504790 0.659465 0.519018 0.009527 -0.021206 0.000632 0.999730 
1710051806.594232 22.569745 0.667956 0.529053 0.008963 -0.024335 -0.000657 0.999663 
1710051806.695391 22.645280 0.681224 0.542502 0.008803 -0.023308 -0.001912 0.999688 
1710051806.795828 22.757261 0.691127 0.538805 0.009221 -0.024458 -0.000372 0.999658 
1710051806.896712 22.846126 0.688090 0.551206 0.009263 -0.023989 -0.001298 0.999668 
1710051806.997618 22.931569 0.680885 0.561428 0.009294 -0.022197 0.001085 0.999710 
1710051807.098431 23.053258 0.683286 0.566788 0.009230 -0.024009 0.000381 0.999669 
1710051807.199247 23.158308 0.692403 0.568200 0.008947 -0.025147 0.000194 0.999644 
1710051807.300072 23.238390 0.695061 0.588219 0.009050 -0.024069 0.000333 0.999669 
1710051807.404352 23.316313 0.707822 0.585782 0.009150 -0.025052 -0.000127 0.999644 
1710051807.501927 23.386942 0.720997 0.580476 0.009021 -0.025539 -0.000265 0.999633 
1710051807.602641 23.430099 0.717719 0.574622 0.009547 -0.024122 -0.002001 0.999661 
1710051807.706220 23.489013 0.714683 0.578589 0.009286 -0.028275 -0.001355 0.999556 
1710051807.804404 23.549540 0.714374 0.571457 0.009592 -0.025405 -0.000613 0.999631 
1710051807.905297 23.630299 0.722220 0.560990 0.009572 -0.025063 0.000580 0.999640 
1710051808.006180 23.668482 0.737292 0.555278 0.010140 -0.023915 0.006909 0.999639 
1710051808.106995 23.730633 0.742083 0.563188 0.009358 -0.024687 0.015495 0.999531 
1710051808.208170 23.792382 0.741763 0.565250 0.009450 -0.024910 0.018070 0.999482 
1710051808.308812 23.848735 0.739854 0.568277 0.009286 -0.024791 0.018949 0.999470 
1710051808.409580 23.893382 0.740075 0.580507 0.009078 -0.025797 0.020407 0.999418 
1710051808.511338 23.946068 0.740096 0.587483 0.009200 -0.025051 0.019169 0.999460 
1710051808.611252 24.022091 0.741899 0.594254 0.009194 -0.025594 0.020831 0.999413 
1710051808.712852 24.089774 0.730028 0.609704 0.009020 -0.027111 0.023545 0.999314 
1710051808.813005 24.133558 0.718150 0.618818 0.008949 -0.026990 0.023552 0.999318 
1710051808.914810 24.191931 0.720721 0.619653 0.008752 -0.027080 0.023908 0.999309 
1710051809.014887 24.252374 0.719256 0.621099 0.008682 -0.027339 0.021894 0.999349 
1710051809.115719 24.303386 0.720827 0.635741 0.008695 -0.029768 0.022268 0.999271 
1710051809.217846 24.356779 0.731555 0.643578 0.008884 -0.038361 0.021332 0.998997 
1710051809.320186 24.413010 0.737202 0.654777 0.008063 -0.039920 0.020833 0.998953 
1710051809.418180 24.465759 0.743241 0.670205 0.007755 -0.047647 0.022403 0.998583 
1710051809.518977 24.499229 0.750100 0.689528 0.007978 -0.063177 0.022590 0.997715 
1710051809.619863 24.564118 0.750722 0.706993 0.007257 -0.089354 0.022569 0.995718 
1710051809.720700 24.624717 0.756658 0.749700 0.007427 -0.104481 0.025007 0.994185 
1710051809.821613 24.654548 0.752110 0.737028 0.005954 -0.115797 0.025441 0.992929 
1710051809.922477 24.717542 0.763327 0.745554 0.005142 -0.142808 0.025119 0.989418 
1710051810.023620 24.774415 0.753600 0.770141 0.005085 -0.164906 0.023661 0.986012 
1710051810.124519 24.816226 0.742559 0.770334 0.006521 -0.186904 0.021730 0.982116 
1710051810.225035 24.885281 0.774684 0.789266 0.019382 -0.201866 0.020353 0.979010 
1710051810.325869 24.953160 0.784229 0.805785 0.013483 -0.219776 0.018957 0.975273 
1710051810.426732 25.002619 0.781517 0.838618 0.014392 -0.234675 0.018461 0.971792 
1710051810.527835 25.047407 0.787150 0.868616 0.016745 -0.247008 0.017181 0.968717 
1710051810.628425 25.098021 0.781407 0.915918 0.014391 -0.258212 0.020169 0.965770 
1710051810.729406 25.178085 0.762233 0.957852 0.019859 -0.264290 0.020721 0.964016 
1710051810.830183 25.257855 0.763622 1.002127 0.019027 -0.267801 0.019761 0.963084 
1710051810.930986 25.347058 0.786117 1.057174 0.018812 -0.274563 0.020008 0.961177 
1710051811.031912 25.425943 0.815744 1.087227 0.017438 -0.275852 0.022363 0.960782 
1710051811.132763 25.505432 0.829794 1.118548 0.015132 -0.276878 0.021875 0.960537 
1710051811.233597 25.551281 0.830676 1.151505 0.021332 -0.286901 0.026333 0.957361 
1710051811.334528 25.601156 0.818959 1.205877 0.022855 -0.281432 0.027462 0.958916 
1710051811.435350 25.652829 0.799257 1.227102 0.019178 -0.277522 0.024119 0.960225 
1710051811.536145 25.697141 0.798244 1.238629 0.022097 -0.282357 0.025531 0.958715 
1710051811.637006 25.743163 0.769998 1.278147 0.020993 -0.283844 0.027001 0.958260 
1710051811.737865 25.814630 0.764140 1.305817 0.020170 -0.280215 0.021201 0.959491 
1710051811.838871 25.872980 0.782493 1.336984 0.021542 -0.278694 0.021569 0.959896 
1710051811.939639 25.926548 0.786964 1.362064 0.023457 -0.280600 0.020770 0.959313 
1710051812.040606 25.970763 0.794774 1.407576 0.019448 -0.281379 0.018097 0.959229 
1710051812.141523 26.030191 0.795752 1.442499 0.019145 -0.281398 0.019217 0.959208 
1710051812.242302 26.085290 0.800301 1.477887 0.022400 -0.279862 0.020775 0.959554 
1710051812.343032 26.128536 0.797791 1.533586 0.020271 -0.279749 0.019750 0.959656 
1710051812.443985 26.177044 0.794288 1.571279 0.021315 -0.282701 0.021144 0.958738 
1710051812.547919 26.236892 0.797602 1.619006 0.019253 -0.282194 0.020847 0.958938 
1710051812.645584 26.313622 0.801264 1.633044 0.016765 -0.277483 0.019942 0.960377 
1710051812.746656 26.385545 0.807437 1.659978 0.013446 -0.275499 0.019462 0.961010 
1710051812.849195 26.438525 0.817723 1.679864 0.016463 -0.278839 0.020452 0.959979 
1710051812.948171 26.487067 0.810039 1.712500 0.019317 -0.279635 0.020355 0.959696 
1710051813.049079 26.537915 0.805133 1.745203 0.018078 -0.279398 0.021114 0.959773 
1710051813.150014 26.616071 0.803745 1.775426 0.017394 -0.277486 0.018892 0.960386 
1710051813.250861 26.696034 0.794456 1.796475 0.018705 -0.277660 0.020086 0.960287 
1710051813.351708 26.741002 0.793417 1.822995 0.016895 -0.279517 0.019977 0.959784 
1710051813.452595 26.777488 0.810053 1.861376 0.017406 -0.281171 0.020720 0.959276 
1710051813.553317 26.828318 0.849000 1.903617 0.016773 -0.280759 0.021347 0.959394 
1710051813.654181 26.905696 0.890270 1.937612 0.016157 -0.280137 0.021688 0.959579 
1710051813.755032 26.964071 0.909032 1.983138 0.015669 -0.277987 0.018367 0.960281 
1710051813.856073 27.020637 0.905539 2.000834 0.015033 -0.279361 0.018957 0.959881 
1710051813.956784 27.057957 0.882944 2.063498 0.017955 -0.281546 0.020410 0.959163 
1710051814.057935 27.123996 0.862823 2.097188 0.017439 -0.279032 0.018321 0.959949 
1710051814.158522 27.199502 0.859069 2.130745 0.016640 -0.278815 0.018042 0.960031 
1710051814.259346 27.239229 0.851261 2.159099 0.021010 -0.281168 0.020225 0.959215 
1710051814.360206 27.264578 0.849392 2.185064 0.022389 -0.282916 0.021039 0.958653 
1710051814.461095 27.317178 0.874912 2.219789 0.017860 -0.286852 0.017469 0.957649 
1710051814.561920 27.382199 0.899897 2.259855 0.014356 -0.285543 0.017870 0.958092 
1710051814.662792 27.458713 0.925438 2.311583 0.012281 -0.280239 0.016631 0.959708 
1710051814.764142 27.517679 0.931616 2.354123 0.015496 -0.283531 0.017916 0.958671 
1710051814.864938 27.554251 0.929360 2.399197 0.019218 -0.283762 0.019517 0.958504 
1710051814.965362 27.612188 0.932938 2.430766 0.019310 -0.287393 0.018308 0.957443 
1710051815.066303 27.677168 0.914568 2.463667 0.018520 -0.284132 0.018778 0.958422 
1710051815.167195 27.754374 0.911771 2.490027 0.020616 -0.283776 0.017629 0.958507 
1710051815.267919 27.808010 0.907754 2.530215 0.018094 -0.284472 0.016740 0.958367 
1710051815.368977 27.860870 0.899679 2.566505 0.016546 -0.288445 0.018830 0.957168 
1710051815.469767 27.911630 0.909719 2.599315 0.016912 -0.288006 0.018884 0.957293 
1710051815.570601 27.987502 0.932920 2.628664 0.020102 -0.286384 0.019071 0.957714 
1710051815.671358 28.062067 0.961869 2.657937 0.018608 -0.287521 0.018172 0.957421 
1710051815.772479 28.099087 0.975201 2.700831 0.017201 -0.286549 0.017138 0.957758 
1710051815.873149 28.127521 0.972975 2.762903 0.017577 -0.287223 0.017201 0.957548 
1710051815.974268 28.184458 0.969936 2.811204 0.018468 -0.288945 0.015298 0.957045 
1710051816.074934 28.250198 0.952246 2.854718 0.018647 -0.286837 0.014585 0.957687 
1710051816.175850 28.325038 0.942345 2.883246 0.019036 -0.287265 0.012988 0.957574 
1710051816.276692 28.374257 0.954176 2.911289 0.020873 -0.287721 0.012182 0.957409 
1710051816.377361 28.427504 0.963428 2.948627 0.016777 -0.287951 0.011208 0.957433 
1710051816.478584 28.488088 0.976620 2.992790 0.018647 -0.289677 0.014040 0.956840 
1710051816.579101 28.555376 0.986309 3.044014 0.014588 -0.284774 0.012713 0.958399 
1710051816.680079 28.615824 0.990085 3.053793 0.015865 -0.285429 0.011952 0.958194 
1710051816.780813 28.674818 0.989503 3.057176 0.017098 -0.286889 0.011554 0.957742 
1710051816.881673 28.731113 0.980276 3.103098 0.018837 -0.288091 0.012186 0.957340 
1710051816.982635 28.812659 0.954998 3.141331 0.018220 -0.287094 0.013936 0.957628 
1710051817.083486 28.867140 0.949662 3.180524 0.017988 -0.287888 0.014490 0.957386 
1710051817.184309 28.911867 0.942668 3.213064 0.017220 -0.288925 0.013587 0.957100 
1710051817.285099 28.972702 0.955233 3.245068 0.017438 -0.291627 0.012998 0.956285 
1710051817.386120 29.040312 0.964165 3.276841 0.018096 -0.292540 0.013371 0.955988 
1710051817.486928 29.124359 0.975087 3.315590 0.016164 -0.290833 0.013373 0.956544 
1710051817.587674 29.166217 0.980486 3.348556 0.015904 -0.293014 0.014517 0.955866 
1710051817.688777 29.201283 0.987693 3.389496 0.015687 -0.293556 0.013560 0.955717 
1710051817.789649 29.263282 0.986969 3.416445 0.018135 -0.296501 0.011769 0.954788 
1710051817.890300 29.337135 0.981370 3.439965 0.014751 -0.299532 0.012889 0.953885 
1710051817.991338 29.430544 0.970802 3.466056 0.017559 -0.295877 0.013964 0.954962 
1710051818.092317 29.493716 0.948530 3.500684 0.017565 -0.296446 0.014427 0.954779 
1710051818.193153 29.531020 0.944804 3.545440 0.017703 -0.297395 0.014819 0.954475 
1710051818.293686 29.564301 0.957801 3.582245 0.014340 -0.301637 0.014665 0.953202 
1710051818.394590 29.618576 0.973049 3.621377 0.016957 -0.300839 0.014235 0.953418 
1710051818.495635 29.670415 0.998375 3.674065 0.015537 -0.293517 0.011610 0.955757 
1710051818.596259 29.729619 1.009198 3.708695 0.015242 -0.293004 0.011054 0.955926 
1710051818.697385 29.790746 1.022418 3.716515 0.016576 -0.293958 0.011855 0.955601 
1710051818.798024 29.851455 1.011728 3.751583 0.016898 -0.291215 0.010608 0.956450 
1710051818.898985 29.954326 1.003214 3.757179 0.015878 -0.283022 0.011853 0.958909 
1710051818.999729 29.999401 1.003949 3.805692 0.014713 -0.271426 0.011433 0.962279 
1710051819.100681 30.015560 1.006333 3.868084 0.014293 -0.256760 0.011137 0.966305 
1710051819.201436 30.069408 1.002854 3.916823 0.012858 -0.242572 0.012087 0.969973 
1710051819.302311 30.150093 1.015408 3.933793 0.016337 -0.218836 0.013334 0.975534 
1710051819.403219 30.224394 1.027900 3.941222 0.011716 -0.188084 0.012719 0.982001 
1710051819.503988 30.273791 1.024156 3.962451 0.006541 -0.156965 0.014067 0.987482 
1710051819.610883 30.317117 1.017257 3.983535 0.006751 -0.128597 0.015084 0.991559 
1710051819.705733 30.376594 1.004444 3.996952 0.009287 -0.105208 0.013917 0.994310 
1710051819.806735 30.444861 0.994614 4.009494 0.007370 -0.074958 0.015317 0.997042 
1710051819.907465 30.514411 1.010137 4.021655 0.011486 -0.058104 0.014467 0.998140 
1710051820.008522 30.589190 1.009515 4.037198 0.007111 -0.048099 0.015409 0.998698 
1710051820.112248 30.658829 1.014481 4.039884 0.008164 -0.035012 0.015799 0.999229 
1710051820.210008 30.732810 1.014730 4.020029 0.007019 -0.029242 0.015990 0.999420 
1710051820.310865 30.813222 1.023408 4.008438 0.007409 -0.029042 0.014793 0.999441 
1710051820.412155 30.881374 1.033341 4.010359 0.006420 -0.026567 0.015707 0.999503 
1710051820.512792 30.963049 1.055598 4.010279 0.004418 -0.026149 0.017216 0.999500 
1710051820.613448 31.013114 1.073847 4.012866 0.007499 -0.019603 0.015252 0.999663 
1710051820.716695 31.058911 1.079864 4.018820 0.006785 -0.024229 0.015444 0.999564 
1710051820.815169 31.111030 1.080264 4.020736 0.007808 -0.026125 0.015703 0.999505 
1710051820.916039 31.187931 1.073389 4.027332 0.009016 -0.024961 0.015649 0.999525 
1710051821.016877 31.263320 1.078745 4.024079 0.007624 -0.026267 0.015241 0.999510 
1710051821.118665 31.321747 1.084172 4.029574 0.008244 -0.028659 0.015511 0.999435 
1710051821.218651 31.375962 1.084070 4.027080 0.008442 -0.025551 0.015097 0.999524 
1710051821.319496 31.440739 1.070711 4.039978 0.010027 -0.022809 0.015994 0.999562 
1710051821.420546 31.496111 1.076266 4.044649 0.008109 -0.024734 0.014220 0.999560 
1710051821.521180 31.536449 1.078991 4.033174 0.009604 -0.023627 0.011149 0.999613 
1710051821.622048 31.601319 1.085913 4.017645 0.008909 -0.023628 0.007888 0.999650 
1710051821.722919 31.657032 1.076863 4.013465 0.007661 -0.016904 0.007094 0.999803 
1710051821.823786 31.711014 1.086849 4.017962 0.009252 -0.019567 0.007719 0.999736 
1710051821.924757 31.772315 1.087910 4.014696 0.008797 -0.020764 0.008549 0.999709 
1710051822.025647 31.840555 1.076767 3.996228 0.006980 -0.018744 0.007852 0.999769 
1710051822.126414 31.891761 1.077417 4.008460 0.007274 -0.020038 0.009737 0.999725 
1710051822.227190 31.947727 1.088312 4.013374 0.007892 -0.017365 0.010892 0.999759 
1710051822.328066 32.016041 1.087883 4.017729 0.007187 -0.021316 0.010077 0.999696 
1710051822.429085 32.084481 1.103751 4.013354 0.007855 -0.018754 0.010284 0.999740 
1710051822.529859 32.125048 1.114863 4.003155 0.008714 -0.014789 0.011086 0.999791 
1710051822.630749 32.170606 1.115956 4.014337 0.008921 -0.018680 0.009723 0.999738 
1710051822.731483 32.233732 1.112630 4.024963 0.008064 -0.022245 0.011170 0.999658 
1710051822.832384 32.304365 1.110135 4.042411 0.009346 -0.025998 0.010915 0.999559 
1710051822.933203 32.362952 1.102641 4.051988 0.006865 -0.037954 0.011577 0.999189 
1710051823.034132 32.410438 1.091325 4.081123 0.008040 -0.055237 0.011181 0.998378 
1710051823.135014 32.447475 1.079038 4.093650 0.009129 -0.066422 0.012658 0.997670 
1710051823.235870 32.508971 1.078639 4.102936 0.009830 -0.081707 0.014093 0.996508 
1710051823.336819 32.565983 1.083377 4.120225 0.009520 -0.097540 0.017915 0.995025 
1710051823.437564 32.616911 1.093003 4.124625 0.011773 -0.129067 0.014496 0.991460 
1710051823.538365 32.666769 1.095809 4.153401 0.010998 -0.156519 0.012833 0.987530 
1710051823.639275 32.735739 1.087406 4.179722 0.012044 -0.177281 0.011251 0.984022 
1710051823.744342 32.805821 1.086303 4.215398 0.012940 -0.196997 0.008685 0.980280 
1710051823.840997 32.857324 1.097923 4.225955 0.015711 -0.222131 0.008359 0.974854 
1710051823.941924 32.905041 1.093476 4.255325 0.014278 -0.242849 0.008533 0.969922 
1710051824.047139 32.969270 1.105379 4.298619 0.015239 -0.254142 0.009377 0.967001 
1710051824.143564 33.041446 1.116813 4.348833 0.014983 -0.257771 0.010807 0.966030 
1710051824.244364 33.102097 1.111233 4.387963 0.010789 -0.264470 0.011478 0.964265 
1710051824.346564 33.157729 1.106583 4.415716 0.012120 -0.274469 0.012598 0.961437 
1710051824.446387 33.204887 1.100332 4.445605 0.014855 -0.277466 0.013272 0.960529 
1710051824.546993 33.268459 1.089362 4.459345 0.017080 -0.280361 0.013553 0.959647 
1710051824.648020 33.345512 1.074078 4.490716 0.013947 -0.276997 0.014227 0.960664 
1710051824.748678 33.409374 1.077171 4.534499 0.022173 -0.279259 0.017484 0.959800 
1710051824.849502 33.451527 1.081129 4.606487 0.015635 -0.279805 0.016270 0.959792 
1710051824.950381 33.522654 1.100019 4.635284 0.015089 -0.282782 0.015050 0.958947 
1710051825.051958 33.611719 1.124583 4.667252 0.008918 -0.277851 0.015244 0.960462 
1710051825.152344 33.666356 1.139351 4.720552 0.010424 -0.279266 0.013820 0.960058 
1710051825.252947 33.715113 1.151869 4.754852 0.012858 -0.281497 0.013313 0.959384 
1710051825.353990 33.772073 1.144130 4.768933 0.018353 -0.277615 0.011590 0.960447 
1710051825.454678 33.820650 1.155316 4.769544 0.018708 -0.276757 0.007951 0.960725 
1710051825.555556 33.867013 1.151368 4.779369 0.017599 -0.280720 0.011029 0.959565 
1710051825.656650 33.916178 1.140999 4.799406 0.017914 -0.279124 0.009295 0.960043 
1710051825.757532 33.994694 1.129740 4.825511 0.015574 -0.277788 0.010252 0.960461 
1710051825.858363 34.059253 1.107573 4.867261 0.013734 -0.278543 0.012272 0.960247 
1710051825.959083 34.113289 1.088030 4.915749 0.016325 -0.279184 0.007688 0.960068 
1710051826.063633 34.163499 1.073116 4.963604 0.014401 -0.286550 0.011030 0.957894 
1710051826.162203 34.233041 1.042943 5.014620 0.012761 -0.278436 0.008855 0.960329 
1710051826.261930 34.305143 1.034715 5.024038 0.017847 -0.280305 0.010463 0.959688 
1710051826.362774 34.351835 1.037903 5.063252 0.017747 -0.284966 0.009849 0.958323 
1710051826.463489 34.398740 1.044651 5.115052 0.013574 -0.286004 0.008868 0.958091 
1710051826.564131 34.458312 1.059326 5.131744 0.014025 -0.283404 0.010168 0.958844 
1710051826.666323 34.526592 1.073461 5.160182 0.013298 -0.281400 0.009748 0.959449 
1710051826.765875 34.576213 1.092244 5.193058 0.015433 -0.281027 0.010742 0.959516 
1710051826.866693 34.623147 1.095203 5.248395 0.015607 -0.284119 0.009547 0.958615 
1710051826.967570 34.686568 1.075490 5.282589 0.014921 -0.282573 0.009980 0.959078 
1710051827.068552 34.753405 1.070836 5.306137 0.012997 -0.281548 0.011007 0.959396 
1710051827.169333 34.808410 1.080546 5.329398 0.013762 -0.281875 0.009148 0.959309 
1710051827.270137 34.854222 1.077977 5.361213 0.015833 -0.281192 0.009643 0.959472 
1710051827.371027 34.907455 1.083031 5.397177 0.017077 -0.283351 0.011176 0.958799 
1710051827.471842 34.967340 1.083713 5.431454 0.013398 -0.285013 0.010788 0.958369 
1710051827.572814 35.048533 1.104123 5.422346 0.015474 -0.283822 0.011847 0.958679 
1710051827.673622 35.138466 1.113057 5.434058 0.012762 -0.284042 0.010565 0.958669 
1710051827.774686 35.176285 1.121517 5.481149 0.012505 -0.283807 0.010224 0.958745 
1710051827.875395 35.202809 1.109341 5.531778 0.012319 -0.284109 0.010399 0.958656 
1710051827.976243 35.250943 1.092441 5.588082 0.013473 -0.286284 0.010568 0.957992 
1710051828.077225 35.320364 1.083431 5.618276 0.012211 -0.284448 0.010221 0.958559 
1710051828.177864 35.372863 1.098170 5.665027 0.015259 -0.282923 0.011785 0.958949 
1710051828.278961 35.437485 1.104692 5.703582 0.015531 -0.283990 0.011791 0.958629 
1710051828.379817 35.501349 1.124707 5.741992 0.013239 -0.284476 0.010610 0.958533 
1710051828.480491 35.567523 1.144617 5.790742 0.014346 -0.284731 0.011716 0.958428 
1710051828.581325 35.640874 1.169514 5.832778 0.011069 -0.283066 0.010967 0.958974 
1710051828.682255 35.693548 1.180778 5.867219 0.012216 -0.282896 0.011955 0.958998 
1710051828.783091 35.754445 1.181763 5.870217 0.012271 -0.284693 0.011771 0.958468 
1710051828.883862 35.798469 1.168828 5.912777 0.014606 -0.286666 0.011405 0.957851 
1710051828.984726 35.860975 1.144950 5.951749 0.013795 -0.287259 0.013340 0.957661 
1710051829.086679 35.930583 1.151211 5.980952 0.014436 -0.285911 0.012962 0.958060 
1710051829.186481 35.967336 1.162899 6.024199 0.014579 -0.286018 0.013443 0.958019 
1710051829.287362 36.012342 1.169221 6.072623 0.013627 -0.289411 0.013675 0.957010 
1710051829.388341 36.069421 1.177699 6.104896 0.012138 -0.293956 0.013055 0.955653 
1710051829.489073 36.103100 1.195962 6.172966 0.013096 -0.294710 0.015122 0.955377 
1710051829.589964 36.176192 1.240061 6.196675 0.010689 -0.291454 0.012538 0.956443 
1710051829.690939 36.267213 1.254046 6.205028 0.011523 -0.292227 0.011173 0.956214 
1710051829.791652 36.339757 1.268404 6.232179 0.013780 -0.292960 0.012032 0.955950 
1710051829.892664 36.407750 1.268667 6.268723 0.016675 -0.296410 0.011902 0.954841 
1710051829.993483 36.481472 1.250416 6.311491 0.014045 -0.296861 0.009913 0.954766 
1710051830.094260 36.530934 1.235826 6.347306 0.015357 -0.297655 0.011656 0.954479 
1710051830.195196 36.588085 1.233102 6.370482 0.016217 -0.297061 0.011441 0.954652 
1710051830.295895 36.645214 1.235615 6.403564 0.014798 -0.298967 0.010767 0.954088 
1710051830.400467 36.737980 1.248514 6.403853 0.011174 -0.304564 0.011568 0.952356 
1710051830.497644 36.806419 1.266516 6.442177 0.012800 -0.300866 0.013812 0.953481 
1710051830.600921 36.898065 1.263868 6.462674 0.010376 -0.298215 0.011220 0.954376 
1710051830.699347 36.956693 1.264433 6.506707 0.012660 -0.299460 0.012887 0.953938 
1710051830.800230 36.976771 1.265079 6.543077 0.013415 -0.301491 0.011757 0.953302 
1710051830.901044 37.008128 1.236068 6.591914 0.016430 -0.302384 0.012498 0.952963 
1710051831.001920 37.066408 1.213150 6.633499 0.015292 -0.299778 0.011798 0.953813 
1710051831.102815 37.097378 1.177603 6.698178 0.016939 -0.301595 0.011503 0.953216 
1710051831.203701 37.150315 1.166622 6.718726 0.016223 -0.300457 0.011942 0.953583 
1710051831.305496 37.199768 1.193887 6.763248 0.013443 -0.298357 0.010197 0.954305 
1710051831.405392 37.292207 1.225607 6.767405 0.012616 -0.296799 0.011366 0.954789 
1710051831.506391 37.372226 1.256581 6.795387 0.011805 -0.282029 0.012862 0.959247 
1710051831.608086 37.412543 1.268178 6.853513 0.010736 -0.267818 0.011850 0.963337 
1710051831.708034 37.438466 1.274015 6.916326 0.013772 -0.252729 0.014038 0.967337 
1710051831.809205 37.469017 1.260706 6.985553 0.010421 -0.225851 0.014123 0.974004 
1710051831.909642 37.536192 1.235737 7.004002 0.008548 -0.194198 0.013476 0.980833 
1710051832.010666 37.594991 1.222324 7.078253 0.010100 -0.167625 0.017115 0.985650 
1710051832.111370 37.675070 1.254252 7.069364 0.008377 -0.145024 0.016879 0.989249 
1710051832.212297 37.756915 1.253201 7.074810 0.007625 -0.122670 0.016191 0.992286 
1710051832.314297 37.838939 1.280155 7.044575 0.004727 -0.103379 0.016269 0.994498 
1710051832.414149 37.908388 1.307397 7.051587 0.006538 -0.088718 0.014446 0.995931 
1710051832.514812 37.996996 1.335785 7.022278 0.001117 -0.069139 0.016470 0.997470 
1710051832.615668 38.061727 1.361659 7.012518 0.005932 -0.053496 0.015435 0.998431 
1710051832.716535 38.115427 1.375900 7.063078 0.003406 -0.044216 0.016328 0.998883 
1710051832.817386 38.168094 1.381705 7.051729 0.003659 -0.037787 0.017820 0.999120 
1710051832.918220 38.239609 1.384248 7.046537 0.004387 -0.030210 0.015418 0.999415 
1710051833.019107 38.294315 1.394197 7.051732 0.003973 -0.024923 0.018879 0.999503 
1710051833.120611 38.358158 1.388671 7.042597 0.005188 -0.024409 0.019647 0.999496 
1710051833.220856 38.426966 1.374170 7.037567 0.005951 -0.026039 0.020629 0.999430 
1710051833.321851 38.500448 1.364971 7.051608 0.006799 -0.025600 0.020817 0.999432 
1710051833.422551 38.552653 1.364647 7.056962 0.007205 -0.025091 0.020427 0.999450 
1710051833.523559 38.595462 1.370153 7.055166 0.007170 -0.025449 0.020760 0.999435 
1710051833.624475 38.666667 1.363181 7.046713 0.007129 -0.025280 0.019561 0.999464 
1710051833.725232 38.738120 1.376447 7.053865 0.005136 -0.023802 0.019555 0.999512 
1710051833.826421 38.788854 1.381457 7.051177 0.007168 -0.024199 0.019581 0.999490 
1710051833.926863 38.848120 1.394736 7.052956 0.004845 -0.025053 0.018674 0.999500 
1710051834.028350 38.911605 1.392579 7.052262 0.006585 -0.022838 0.017939 0.999557 
1710051834.128815 38.965889 1.376334 7.064670 0.005845 -0.022681 0.018727 0.999550 
1710051834.229681 39.032415 1.378297 7.067631 0.005386 -0.022083 0.020211 0.999537 
1710051834.330271 39.137057 1.408682 7.040328 0.004431 -0.022691 0.019956 0.999534 
1710051834.431305 39.229904 1.421566 7.052733 0.002164 -0.018580 0.019893 0.999627 
1710051834.531998 39.309045 1.445642 7.069040 0.002128 -0.019188 0.019520 0.999623 
1710051834.633087 39.387750 1.458743 7.060852 0.001111 -0.019290 0.018511 0.999642 
1710051834.733747 39.496566 1.458003 7.070045 0.001100 -0.019931 0.019745 0.999606 
1710051834.834534 39.583907 1.454033 7.070424 0.004495 -0.013737 0.019191 0.999711 
1710051834.935414 39.664178 1.446141 7.078671 0.005144 -0.013121 0.020938 0.999681 
1710051835.036552 39.756938 1.457371 7.076994 0.005220 -0.015128 0.020035 0.999671 
1710051835.137256 39.871329 1.462179 7.079945 0.002820 -0.011432 0.020744 0.999715 
1710051835.238035 39.970728 1.480418 7.089506 0.002354 -0.008934 0.020622 0.999745 
1710051835.338894 40.059997 1.490554 7.083078 0.003960 -0.010521 0.019718 0.999742 
1710051835.439699 40.151536 1.501614 7.085070 0.000583 -0.011227 0.020241 0.999732 
1710051835.540722 40.267634 1.520004 7.100902 0.003886 -0.007348 0.019580 0.999774 
1710051835.641710 40.338182 1.519011 7.099307 0.003913 -0.007127 0.020256 0.999762 
1710051835.742479 40.419407 1.524458 7.100140 0.004227 -0.006644 0.020632 0.999756 
1710051835.843630 40.541342 1.543016 7.075729 0.003345 -0.008237 0.020165 0.999757 
1710051835.944859 40.644371 1.545929 7.079840 0.003500 -0.006122 0.020816 0.999758 
1710051836.044950 40.725355 1.555536 7.093941 0.003423 -0.005870 0.019640 0.999784 
1710051836.145715 40.799345 1.571037 7.090368 0.001873 -0.006949 0.020226 0.999770 
1710051836.246628 40.923004 1.585037 7.107813 0.000408 -0.004908 0.021272 0.999762 
1710051836.347424 41.022719 1.597699 7.099048 0.004609 -0.006713 0.019518 0.999776 
1710051836.448328 41.100998 1.593662 7.104080 0.004357 -0.008751 0.021145 0.999729 
1710051836.549169 41.192562 1.595742 7.107682 0.004026 -0.007328 0.020538 0.999754 
1710051836.650680 41.303288 1.618061 7.109486 0.002066 -0.006360 0.021112 0.999755 
1710051836.750860 41.383464 1.641782 7.114585 0.002723 -0.009940 0.020331 0.999740 
1710051836.851743 41.459209 1.660088 7.116334 0.003485 -0.011292 0.019928 0.999732 
1710051836.952578 41.550002 1.678869 7.133588 -0.000326 -0.008847 0.020464 0.999751 
1710051837.053777 41.647347 1.693765 7.146208 0.002515 -0.009833 0.020748 0.999733 
1710051837.154318 41.720062 1.707725 7.146512 0.003697 -0.011376 0.021525 0.999697 
1710051837.255375 41.812857 1.718074 7.144860 0.004642 -0.012725 0.021879 0.999669 
1710051837.356076 41.929504 1.734255 7.120231 0.004773 -0.011605 0.020849 0.999704 
1710051837.456994 42.011739 1.747992 7.132916 0.002738 -0.011689 0.021017 0.999707 
1710051837.557864 42.089515 1.756977 7.150613 0.002092 -0.011827 0.020024 0.999727 
1710051837.659128 42.183468 1.778421 7.130727 0.001370 -0.010589 0.021063 0.999721 
1710051837.759899 42.301411 1.775831 7.124644 0.002387 -0.009442 0.019826 0.999756 
1710051837.860320 42.379674 1.766500 7.135710 0.003565 -0.010731 0.021424 0.999707 
1710051837.961283 42.468575 1.761477 7.148319 0.003587 -0.011410 0.021309 0.999701 
1710051838.062031 42.579541 1.771404 7.146098 0.002892 -0.009399 0.021291 0.999725 
1710051838.163542 42.677472 1.776110 7.143685 0.002492 -0.008765 0.021078 0.999736 
1710051838.263815 42.757065 1.792711 7.148472 0.002936 -0.010891 0.019964 0.999737 
1710051838.364719 42.841249 1.817187 7.157710 0.002214 -0.013090 0.020735 0.999697 
1710051838.465696 42.942702 1.823204 7.158633 0.002480 -0.011744 0.020958 0.999708 
1710051838.566341 43.045809 1.827442 7.169291 0.003762 -0.012127 0.020358 0.999712 
1710051838.667261 43.118005 1.827071 7.172927 0.004055 -0.012757 0.021659 0.999676 
1710051838.768049 43.214245 1.835577 7.167857 0.003587 -0.014226 0.021139 0.999669 
1710051838.868907 43.330319 1.847972 7.170778 0.002587 -0.012386 0.021146 0.999696 
1710051838.969764 43.409216 1.850799 7.178495 0.003225 -0.014413 0.020686 0.999677 
1710051839.071004 43.479104 1.857155 7.186822 0.003009 -0.015552 0.020454 0.999665 
1710051839.171483 43.574285 1.864384 7.164861 0.002608 -0.013612 0.021992 0.999662 
1710051839.273487 43.672280 1.865737 7.170189 0.003330 -0.013088 0.020645 0.999696 
1710051839.373208 43.757863 1.873318 7.188396 0.003644 -0.015510 0.021871 0.999634 
1710051839.474329 43.843968 1.885894 7.183438 0.004587 -0.016780 0.021424 0.999619 
1710051839.575826 43.955295 1.910677 7.178133 0.003702 -0.015331 0.021453 0.999645 
1710051839.675819 44.042253 1.921386 7.183286 0.003121 -0.014762 0.020494 0.999676 
1710051839.776690 44.110283 1.925999 7.191880 0.003233 -0.014622 0.019852 0.999691 
1710051839.877512 44.209002 1.926832 7.195021 0.002759 -0.014565 0.022143 0.999645 
1710051839.978524 44.314640 1.926988 7.180814 0.003634 -0.012017 0.021008 0.999700 
1710051840.079201 44.399274 1.927759 7.187233 0.003816 -0.013586 0.021368 0.999672 
1710051840.180068 44.458815 1.928445 7.191645 0.003862 -0.014295 0.021193 0.999666 
1710051840.280985 44.569964 1.940583 7.195255 0.002529 -0.012813 0.020966 0.999695 
1710051840.382085 44.696350 1.973770 7.192061 0.002937 -0.012896 0.021865 0.999673 
1710051840.484975 44.775215 1.986875 7.199457 0.003434 -0.014241 0.020512 0.999682 
1710051840.583534 44.853770 2.004475 7.206116 0.002906 -0.014512 0.020989 0.999670 
1710051840.684688 44.957989 2.007155 7.197053 0.003205 -0.012523 0.021477 0.999686 
1710051840.785235 45.059219 1.996467 7.215077 0.003306 -0.013019 0.020546 0.999699 
1710051840.886069 45.138536 1.987219 7.223323 0.003139 -0.014214 0.021890 0.999654 
1710051840.987144 45.234232 1.971894 7.217118 0.004127 -0.016375 0.021251 0.999632 
1710051841.087960 45.335360 1.986196 7.207842 0.002734 -0.014150 0.021233 0.999671 
1710051841.188727 45.418926 2.010063 7.211437 0.003096 -0.015123 0.020994 0.999660 
1710051841.289760 45.484945 2.019996 7.216788 0.003266 -0.015553 0.021280 0.999647 
1710051841.390578 45.580385 2.041308 7.215526 0.002867 -0.016442 0.022513 0.999607 
1710051841.491394 45.689096 2.025886 7.210265 0.005355 -0.014593 0.021512 0.999648 
1710051841.593757 45.775783 2.018154 7.218250 0.003647 -0.016372 0.021556 0.999627 
1710051841.693013 45.850587 2.011271 7.224469 0.004329 -0.016490 0.021961 0.999613 
1710051841.793813 45.965190 2.021871 7.231008 0.003418 -0.015115 0.021133 0.999657 
1710051841.894660 46.040896 2.041809 7.241807 0.002483 -0.015763 0.021812 0.999635 
1710051841.995618 46.104576 2.062986 7.250509 0.002893 -0.016477 0.024215 0.999567 
1710051842.096520 46.169023 2.065543 7.260186 0.002512 -0.017801 0.021152 0.999615 
1710051842.197318 46.225051 2.065225 7.251055 0.003164 -0.016752 0.012470 0.999777 
1710051842.298221 46.280761 2.069174 7.254238 0.003134 -0.016434 0.005775 0.999843 
1710051842.398973 46.330810 2.057017 7.245808 0.003474 -0.016419 0.007180 0.999833 
1710051842.499891 46.392500 2.039666 7.241107 0.004319 -0.015238 0.006155 0.999856 
1710051842.600899 46.440413 2.041996 7.245037 0.004501 -0.007746 0.007418 0.999932 
1710051842.701772 46.471928 2.056371 7.251485 0.005190 -0.007641 0.008285 0.999923 
1710051842.802488 46.511367 2.055142 7.227599 0.004502 -0.011545 0.010266 0.999871 
1710051842.903244 46.568700 2.052888 7.222262 0.003844 -0.011946 0.010584 0.999865 
1710051843.004207 46.622848 2.036272 7.222467 0.003758 -0.014161 0.010403 0.999839 
1710051843.105295 46.667964 2.022639 7.227602 0.004201 -0.016070 0.014826 0.999752 
1710051843.205880 46.706218 2.049398 7.233041 0.002670 -0.017886 0.023877 0.999551 
1710051843.306800 46.766890 2.081202 7.237935 0.002429 -0.014538 0.029081 0.999468 
1710051843.407550 46.818579 2.124147 7.269003 0.002248 -0.019202 0.021158 0.999589 
1710051843.508534 46.863066 2.123439 7.286090 0.005076 -0.024709 0.012595 0.999602 
1710051843.609351 46.915211 2.125911 7.304028 0.006861 -0.033766 0.008204 0.999373 
1710051843.710204 46.932006 2.124071 7.314588 0.004916 -0.035894 0.006096 0.999325 
1710051843.811132 46.943832 2.117229 7.316576 0.002536 -0.051168 0.006508 0.998666 
1710051843.912095 46.970168 2.114646 7.319049 0.005338 -0.066325 0.008805 0.997745 
1710051844.012714 47.014728 2.112907 7.324056 0.005534 -0.078086 0.009313 0.996888 
1710051844.113591 47.065509 2.107301 7.343254 0.003535 -0.083479 0.012310 0.996427 
1710051844.214433 47.099360 2.108988 7.363153 0.004087 -0.087911 0.011052 0.996059 
1710051844.315356 47.140486 2.102596 7.379714 0.004289 -0.090491 0.011865 0.995817 
1710051844.416342 47.187961 2.094595 7.382648 0.005920 -0.090817 0.014780 0.995740 
1710051844.517016 47.230725 2.098420 7.373872 0.007029 -0.101703 0.017717 0.994632 
1710051844.618059 47.272124 2.105081 7.373915 0.007841 -0.110762 0.019313 0.993628 
1710051844.719060 47.321839 2.118019 7.361775 0.011664 -0.118970 0.018373 0.992659 
1710051844.819614 47.349909 2.120058 7.364752 0.009783 -0.130269 0.015048 0.991316 
1710051844.920448 47.383343 2.128923 7.364663 0.010486 -0.149375 0.010537 0.988669 
1710051845.021392 47.424120 2.126921 7.386654 0.006781 -0.161272 0.010267 0.986833 
1710051845.122142 47.468708 2.117390 7.413162 0.009859 -0.172719 0.010890 0.984862 
1710051845.223022 47.507675 2.114818 7.442422 0.011964 -0.180511 0.010424 0.983445 
1710051845.324070 47.551195 2.128260 7.474724 0.013395 -0.181669 0.010842 0.983209 
1710051845.424800 47.605311 2.112041 7.511988 0.009536 -0.178129 0.009617 0.983914 
1710051845.525771 47.664678 2.113224 7.539061 0.006236 -0.171407 0.009349 0.985136 
1710051845.626768 47.706161 2.116039 7.548282 0.008463 -0.168992 0.014075 0.985481 
1710051845.727372 47.748204 2.112673 7.552205 0.011381 -0.168639 0.017140 0.985463 
1710051845.828165 47.797645 2.107955 7.546515 0.010294 -0.161577 0.024560 0.986501 
1710051845.929223 47.838148 2.103904 7.567066 0.011305 -0.163303 0.031351 0.986013 
1710051846.029876 47.876892 2.091876 7.588530 0.011112 -0.165360 0.034435 0.985569 
1710051846.130766 47.932422 2.083987 7.607792 0.012924 -0.166708 0.034607 0.985314 
1710051846.231602 47.997894 2.083396 7.668283 0.009818 -0.166110 0.028602 0.985643 
1710051846.332695 48.049382 2.093393 7.715110 0.012396 -0.161007 0.025114 0.986556 
1710051846.433311 48.098081 2.095988 7.718773 0.013257 -0.162519 0.017114 0.986468 
1710051846.534189 48.144393 2.090323 7.708063 0.013294 -0.168632 0.008497 0.985553 
1710051846.635059 48.189710 2.073525 7.720020 0.008828 -0.173801 0.005611 0.984725 
1710051846.736360 48.213316 2.067341 7.707083 0.008629 -0.183289 0.003208 0.983016 
1710051846.836749 48.256272 2.067147 7.720501 0.011884 -0.200560 0.005032 0.979596 
1710051846.937957 48.331406 2.088818 7.733918 0.010318 -0.206900 0.004896 0.978295 
1710051847.038852 48.409523 2.100884 7.772039 0.006555 -0.209770 0.002546 0.977725 
1710051847.139374 48.459721 2.103636 7.800604 0.004778 -0.212564 0.003157 0.977130 
1710051847.240293 48.511235 2.119789 7.846000 0.007855 -0.218058 0.002307 0.975901 
1710051847.341133 48.551648 2.131390 7.935965 0.008082 -0.212815 0.002628 0.977056 
1710051847.442127 48.621721 2.130302 7.928439 0.015352 -0.214555 0.003928 0.976583 
1710051847.542818 48.687716 2.128117 7.919735 0.012652 -0.224279 0.004399 0.974433 
1710051847.643839 48.760705 2.129514 7.928082 0.011102 -0.225759 0.004036 0.974112 
1710051847.744507 48.842002 2.130366 7.942973 0.007503 -0.225725 0.002686 0.974158 
1710051847.845330 48.895623 2.132184 7.980127 0.008679 -0.224122 0.004149 0.974514 
1710051847.946307 48.952069 2.120158 7.999375 0.008720 -0.224041 0.002847 0.974537 
1710051848.047058 49.010901 2.111406 8.014609 0.004325 -0.220771 0.002076 0.975314 
1710051848.147949 49.068532 2.114997 8.061190 0.009850 -0.219150 0.004493 0.975631 
1710051848.248779 49.106116 2.130020 8.104218 0.005901 -0.225384 0.003710 0.974245 
1710051848.356337 49.152832 2.120918 8.149518 0.009824 -0.230242 0.005196 0.973070 
1710051848.456058 49.228122 2.138789 8.155525 0.010624 -0.229071 0.002252 0.973349 
1710051848.551382 49.306753 2.148713 8.157424 0.007460 -0.228439 0.003832 0.973522 
1710051848.652267 49.367755 2.145632 8.169748 0.006169 -0.227830 0.002678 0.973678 
1710051848.753064 49.434864 2.134574 8.181224 0.007352 -0.225862 0.002452 0.974128 
1710051848.855862 49.526401 2.132193 8.165411 0.010187 -0.215923 0.003986 0.976349 
1710051848.956327 49.592904 2.143741 8.197190 0.013548 -0.209009 0.004888 0.977808 
1710051849.055666 49.675692 2.149720 8.187589 0.000483 -0.197059 0.002169 0.980389 
1710051849.156558 49.728783 2.151586 8.194068 0.005201 -0.183300 0.002854 0.983039 
1710051849.257584 49.769671 2.157926 8.228725 0.005784 -0.178288 0.003712 0.983954 
1710051849.358902 49.825082 2.170254 8.247117 0.005544 -0.174196 0.003263 0.984690 
1710051849.459286 49.891271 2.187561 8.286109 0.003782 -0.164367 0.003784 0.986385 
1710051849.559925 49.939586 2.198850 8.314783 0.005061 -0.158404 0.001876 0.987360 
1710051849.660899 49.978433 2.219373 8.335738 0.009617 -0.158373 0.005469 0.987317 
1710051849.761692 50.036009 2.219808 8.374081 0.003841 -0.152620 0.004835 0.988266 
1710051849.862558 50.095877 2.217817 8.408682 0.002815 -0.151557 0.003734 0.988438 
1710051849.963398 50.135431 2.220343 8.439437 0.005596 -0.149349 0.003910 0.988761 
1710051850.064322 50.195421 2.228328 8.482025 0.005069 -0.149980 0.004221 0.988667 
1710051850.165121 50.257670 2.238552 8.523989 0.005990 -0.146864 0.005449 0.989124 
1710051850.265973 50.319055 2.240034 8.569683 0.004913 -0.145875 0.003589 0.989284 
1710051850.367108 50.367177 2.244432 8.597905 0.006996 -0.149780 0.004570 0.988684 
1710051850.467661 50.429639 2.253507 8.614629 0.008520 -0.150435 0.005332 0.988569 
1710051850.568642 50.486925 2.269353 8.625365 0.008413 -0.146568 0.005183 0.989151 
1710051850.669380 50.549747 2.279024 8.645955 0.005660 -0.148998 0.003907 0.988814 
1710051850.770252 50.611388 2.275509 8.665731 0.006289 -0.151990 0.003940 0.988354 
1710051850.871112 50.673604 2.269332 8.685567 0.009136 -0.152829 0.006225 0.988191 
1710051850.971990 50.756006 2.259824 8.688865 0.013877 -0.149362 0.004503 0.988675 
1710051851.072866 50.822359 2.273779 8.718047 0.011047 -0.154631 0.004174 0.987902 
1710051851.173838 50.858932 2.273228 8.759238 0.006736 -0.154006 0.004738 0.988036 
1710051851.274806 50.924920 2.268789 8.769111 0.011121 -0.151187 0.005177 0.988429 
1710051851.376803 51.002117 2.255159 8.786261 0.008036 -0.151472 0.004791 0.988417 
1710051851.476803 51.052588 2.248437 8.812618 0.008208 -0.153865 0.004115 0.988049 
1710051851.577128 51.108181 2.241217 8.846767 0.006480 -0.154173 0.004211 0.988014 
1710051851.678152 51.171900 2.244023 8.878600 0.007213 -0.151405 0.004559 0.988435 
1710051851.779836 51.236245 2.243603 8.921429 0.007579 -0.151869 0.003717 0.988365 
1710051851.879732 51.286478 2.250344 8.942220 0.008628 -0.152141 0.004341 0.988312 
1710051851.980549 51.341556 2.263219 8.954666 0.008340 -0.154848 0.005373 0.987889 
1710051852.081439 51.414856 2.282602 8.948061 0.008707 -0.150005 0.005142 0.988634 
1710051852.182265 51.484686 2.279528 8.947088 0.007050 -0.150935 0.004481 0.988508 
1710051852.285157 51.522559 2.280720 8.982423 0.006055 -0.152266 0.004242 0.988312 
1710051852.384021 51.567249 2.282918 9.005111 0.006264 -0.154142 0.003897 0.988021 
1710051852.484838 51.632034 2.287748 9.031054 0.010478 -0.151807 0.006263 0.988335 
1710051852.585798 51.688024 2.309510 9.085031 0.010291 -0.146749 0.003463 0.989114 
1710051852.686641 51.734312 2.314610 9.140304 0.009264 -0.149851 0.002791 0.988661 
1710051852.787429 51.785696 2.314289 9.170453 0.006871 -0.149951 0.004726 0.988658 
1710051852.888280 51.851888 2.313422 9.180267 0.007888 -0.141762 0.004629 0.989858 
1710051852.989232 51.927841 2.314494 9.179300 0.005646 -0.127500 0.004459 0.991813 
1710051853.090025 51.984412 2.315860 9.157130 0.006062 -0.113834 0.005774 0.993464 
1710051853.192084 52.052676 2.311673 9.154415 0.007705 -0.097128 0.004794 0.995230 
1710051853.292070 52.120911 2.302900 9.159391 0.005819 -0.077351 0.008645 0.996949 
1710051853.392814 52.176954 2.289284 9.179338 0.009474 -0.058908 0.005700 0.998202 
1710051853.493512 52.229130 2.278730 9.201403 0.005690 -0.048124 0.005638 0.998809 
1710051853.594477 52.290990 2.284470 9.189823 0.006259 -0.041405 0.006244 0.999103 
1710051853.695317 52.370111 2.291088 9.187768 0.004837 -0.032045 0.005908 0.999457 
1710051853.796226 52.432390 2.297152 9.188032 0.005168 -0.026625 0.005838 0.999615 
1710051853.900187 52.493686 2.294707 9.195564 0.005222 -0.024764 0.005621 0.999664 
1710051853.997747 52.572148 2.299816 9.193431 0.005304 -0.022354 0.005966 0.999718 
1710051854.098582 52.680690 2.280869 9.201436 0.007991 -0.018172 0.006273 0.999783 
1710051854.212051 52.764134 2.275610 9.209038 0.008596 -0.019536 0.005947 0.999755 
1710051854.300510 52.834693 2.265822 9.207729 0.008411 -0.020481 0.006921 0.999731 
1710051854.401232 52.937593 2.260013 9.212837 0.008791 -0.018738 0.005743 0.999769 
1710051854.503966 53.048488 2.263964 9.206505 0.005790 -0.017767 0.006942 0.999801 
1710051854.603849 53.129431 2.259852 9.208574 0.006282 -0.018085 0.005065 0.999804 
1710051854.704098 53.212440 2.267600 9.209807 0.005662 -0.018205 0.006181 0.999799 
1710051854.804601 53.311946 2.261586 9.194252 0.005129 -0.015565 0.006898 0.999842 
1710051854.905458 53.406959 2.262942 9.215458 0.006317 -0.016968 0.006348 0.999816 
1710051855.006500 53.482046 2.258959 9.227737 0.005320 -0.017105 0.006739 0.999817 
1710051855.108127 53.575917 2.266421 9.222184 0.006670 -0.017939 0.006096 0.999798 
1710051855.208421 53.687460 2.264004 9.209844 0.005138 -0.015902 0.006493 0.999839 
1710051855.309128 53.761919 2.258702 9.224379 0.003898 -0.016291 0.005705 0.999843 
1710051855.409792 53.835942 2.258260 9.237988 0.004450 -0.017566 0.005650 0.999820 
1710051855.510606 53.928589 2.251309 9.223739 0.003567 -0.014480 0.007688 0.999859 
1710051855.611537 54.039896 2.251090 9.207935 0.006435 -0.017901 0.005128 0.999806 
1710051855.712632 54.131504 2.249671 9.226283 0.005039 -0.017522 0.009492 0.999789 
1710051855.813238 54.198411 2.248398 9.225847 0.005270 -0.016783 0.013545 0.999754 
1710051855.914168 54.274875 2.246345 9.240521 0.005704 -0.018203 0.016328 0.999685 
1710051856.014901 54.332689 2.248026 9.239342 0.004906 -0.018342 0.017521 0.999666 
1710051856.116148 54.396965 2.253001 9.248849 0.006499 -0.020478 0.018774 0.999593 
1710051856.216603 54.458162 2.270174 9.249597 0.007854 -0.022932 0.019899 0.999508 
1710051856.317583 54.493255 2.279346 9.267646 0.007728 -0.024899 0.018222 0.999494 
1710051856.418416 54.517348 2.276981 9.270070 0.007660 -0.039315 0.019195 0.999013 
1710051856.519688 54.552393 2.271838 9.281043 0.008235 -0.051389 0.018699 0.998470 
1710051856.620070 54.615522 2.262680 9.293631 0.009336 -0.061728 0.017585 0.997894 
1710051856.721219 54.662008 2.252099 9.305200 0.005763 -0.065765 0.019131 0.997635 
1710051856.821802 54.690198 2.253705 9.307196 0.006156 -0.075447 0.017827 0.996971 
1710051856.922683 54.721390 2.255805 9.316769 0.005755 -0.084009 0.017363 0.996297 
1710051857.023744 54.760699 2.246113 9.318063 0.007167 -0.091631 0.020364 0.995559 
1710051857.124652 54.805619 2.232881 9.341076 0.004738 -0.096670 0.035194 0.994683 
1710051857.225657 54.840503 2.278966 9.361031 0.011085 -0.114760 0.087309 0.989487 
1710051857.326211 54.908925 2.333743 9.359284 0.027698 -0.133954 0.132003 0.981766 
1710051857.426999 54.969742 2.395317 9.359756 0.027607 -0.139968 0.150811 0.978214 
1710051857.527799 54.984774 2.434075 9.368417 0.025223 -0.158511 0.156773 0.974505 
1710051857.629236 54.971451 2.467676 9.380667 0.021046 -0.166417 0.165448 0.971848 
1710051857.729569 54.954505 2.488298 9.389936 0.027957 -0.174681 0.174562 0.968624 
1710051857.830377 54.961832 2.509387 9.399000 0.033352 -0.184841 0.179647 0.965634 
1710051857.931245 54.995619 2.545805 9.399202 0.036162 -0.191997 0.180045 0.964061 
1710051858.032573 55.051218 2.588427 9.404344 0.034775 -0.196948 0.176500 0.963769 
1710051858.133226 55.088161 2.632832 9.429622 0.035313 -0.195694 0.175376 0.964210 
1710051858.233880 55.114962 2.683006 9.467454 0.035975 -0.195065 0.167776 0.965664 
1710051858.334840 55.182686 2.750398 9.467870 0.030791 -0.187545 0.157755 0.969016 
1710051858.435677 55.243492 2.802197 9.490331 0.027078 -0.177386 0.141175 0.973586 
1710051858.536885 55.301715 2.827478 9.500265 0.030766 -0.171170 0.117751 0.977696 
1710051858.637345 55.329230 2.839718 9.501729 0.029549 -0.169892 0.092513 0.980666 
1710051858.738086 55.353325 2.857108 9.488695 0.030531 -0.168420 0.072402 0.982579 
1710051858.838962 55.378641 2.870298 9.480986 0.022221 -0.165082 0.062032 0.984076 
1710051858.940060 55.383367 2.881506 9.483470 0.015296 -0.158170 0.060138 0.985460 
1710051859.040855 55.391108 2.879466 9.514106 0.011482 -0.157956 0.060718 0.985511 
1710051859.141604 55.422639 2.880721 9.543762 0.013335 -0.157236 0.065558 0.985292 
1710051859.244138 55.465877 2.857234 9.589861 0.008610 -0.155596 0.067899 0.985447 
1710051859.345200 55.508646 2.872090 9.632855 0.016932 -0.154700 0.072261 0.985170 
1710051859.444343 55.537350 2.900658 9.653000 0.024679 -0.147923 0.071966 0.986068 
1710051859.544978 55.576371 2.913108 9.681344 0.021116 -0.152141 0.069305 0.985700 
1710051859.651858 55.642055 2.918561 9.683212 0.016183 -0.148455 0.061256 0.986887 
1710051859.746805 55.685028 2.920656 9.668774 0.020780 -0.152362 0.043734 0.987138 
1710051859.847565 55.750778 2.912169 9.669666 0.020701 -0.168832 0.019940 0.985226 
1710051859.948436 55.819843 2.884385 9.699392 0.015153 -0.185118 0.008535 0.982562 
1710051860.049261 55.907456 2.870779 9.724380 0.017149 -0.195058 0.001709 0.980640 
1710051860.150127 55.973308 2.863657 9.732895 0.016756 -0.201180 0.000782 0.979411 
1710051860.257125 56.033455 2.859791 9.769241 0.013027 -0.195180 0.002150 0.980679 
1710051860.352223 56.103729 2.865238 9.790148 0.009163 -0.184878 0.000348 0.982719 
1710051860.456596 56.163858 2.870453 9.785319 0.009299 -0.173713 0.000409 0.984752 
1710051860.555896 56.202190 2.858529 9.833100 0.012341 -0.168909 0.001534 0.985553 
1710051860.655919 56.260078 2.838801 9.838583 0.015872 -0.163900 0.003682 0.986342 
1710051860.756104 56.309895 2.803855 9.848314 0.012464 -0.158693 0.002316 0.987247 
1710051860.856170 56.360087 2.773687 9.880904 0.011746 -0.160130 -0.000033 0.987026 
1710051860.958098 56.412042 2.737428 9.905861 0.012136 -0.160082 0.001799 0.987027 
1710051861.058177 56.482320 2.716058 9.933593 0.010982 -0.151161 -0.000154 0.988448 
1710051861.158860 56.549041 2.688068 9.969778 0.007458 -0.148240 0.003805 0.988916 
1710051861.259781 56.617587 2.655558 10.007272 0.007195 -0.155218 0.002190 0.987852 
1710051861.360431 56.674582 2.657599 10.011052 0.010749 -0.150328 0.000290 0.988578 
1710051861.461338 56.734175 2.662962 10.030796 0.010901 -0.151714 0.001497 0.988363 
1710051861.562143 56.792857 2.655389 10.053943 0.008677 -0.154416 0.001643 0.987967 
1710051861.663381 56.848413 2.648340 10.073773 0.009797 -0.156017 0.002446 0.987703 
1710051861.763849 56.923300 2.651747 10.078365 0.010680 -0.154641 0.000927 0.987913 
1710051861.865196 56.964116 2.647167 10.128568 0.010258 -0.146719 0.003245 0.989120 
1710051861.965723 57.001434 2.652790 10.191389 0.008156 -0.148366 0.001086 0.988898 
1710051862.066435 57.061947 2.658948 10.204704 0.008405 -0.150719 0.001853 0.988539 
1710051862.167306 57.124247 2.672370 10.219966 0.006393 -0.155992 0.008208 0.987704 
1710051862.268408 57.181369 2.648268 10.257337 0.007765 -0.168616 0.011981 0.985578 
1710051862.369036 57.246676 2.634566 10.283817 0.007278 -0.174060 0.009915 0.984658 
1710051862.469942 57.296632 2.638867 10.313643 0.006460 -0.181748 0.010178 0.983271 
1710051862.570769 57.346537 2.629168 10.340395 0.007396 -0.192889 0.010687 0.981134 
1710051862.671595 57.393992 2.651029 10.363447 0.006498 -0.198321 0.010283 0.980062 
1710051862.772487 57.462588 2.662423 10.380671 0.006651 -0.201036 0.010517 0.979505 
1710051862.873333 57.528087 2.676149 10.388591 0.009660 -0.206068 0.009379 0.978445 
1710051862.974476 57.572978 2.687825 10.405192 0.008544 -0.216565 0.010733 0.976172 
1710051863.075175 57.632971 2.698333 10.423470 0.010059 -0.219637 0.010293 0.975475 
1710051863.177868 57.704701 2.700765 10.427462 0.008682 -0.219337 0.010208 0.975557 
1710051863.276966 57.756255 2.696700 10.436381 0.007767 -0.219417 0.010249 0.975546 
1710051863.378497 57.828588 2.698092 10.447920 0.010331 -0.220080 0.009534 0.975381 
1710051863.478527 57.894106 2.709483 10.450135 0.009579 -0.216847 0.011214 0.976094 
1710051863.579525 57.970631 2.698121 10.478231 0.010751 -0.215610 0.011021 0.976358 
1710051863.680382 58.006625 2.702122 10.522204 0.009813 -0.218069 0.011114 0.975821 
1710051863.781049 58.048197 2.713946 10.564965 0.011309 -0.223321 0.011501 0.974612 
1710051863.884852 58.116188 2.722983 10.586512 0.010652 -0.228461 0.009303 0.973450 
1710051863.983563 58.198402 2.733343 10.587489 0.006940 -0.227055 0.010514 0.973800 
1710051864.083645 58.254523 2.733316 10.606484 0.006972 -0.224156 0.010452 0.974472 
1710051864.184484 58.292414 2.731784 10.636572 0.011783 -0.220541 0.008668 0.975268 
1710051864.288642 58.366896 2.702665 10.630088 0.014447 -0.215374 0.003170 0.976420 
1710051864.386555 58.428012 2.676707 10.622973 0.012971 -0.206997 -0.002102 0.978253 
1710051864.487176 58.470265 2.681821 10.662611 0.009532 -0.209069 0.002559 0.977851 
1710051864.588100 58.526837 2.676774 10.732216 0.009992 -0.209658 -0.001759 0.977722 
1710051864.688841 58.617419 2.652537 10.764167 0.007686 -0.211424 -0.001498 0.977363 
1710051864.789737 58.685930 2.648112 10.788384 0.007434 -0.213257 0.000071 0.976968 
1710051864.890706 58.731987 2.656388 10.810454 0.007642 -0.213120 -0.003103 0.976991 
1710051864.991501 58.797414 2.666281 10.820860 0.005721 -0.208742 0.000091 0.977954 
1710051865.092238 58.864359 2.688148 10.841619 0.008513 -0.208073 -0.001121 0.978076 
1710051865.193344 58.914926 2.688999 10.866703 0.007168 -0.215279 0.000241 0.976526 
1710051865.294137 58.966509 2.707815 10.874911 0.010508 -0.219227 -0.000381 0.975617 
1710051865.394799 59.028213 2.708992 10.915074 0.008262 -0.216401 -0.002527 0.976266 
1710051865.495832 59.070100 2.706767 10.959756 0.005716 -0.210706 -0.001093 0.977532 
1710051865.596755 59.121373 2.704315 10.985307 0.007411 -0.206997 -0.001964 0.978311 
1710051865.697379 59.184555 2.687487 11.017969 0.005513 -0.197518 -0.001478 0.980283 
1710051865.798337 59.249239 2.660596 11.017963 0.008951 -0.182420 -0.000231 0.983180 
1710051865.900966 59.304968 2.635846 11.016124 0.012046 -0.167931 0.000116 0.985725 
1710051866.000397 59.362804 2.640072 11.030981 0.001020 -0.161697 -0.001151 0.986839 
1710051866.100787 59.419166 2.652202 11.049471 0.002620 -0.144383 -0.001876 0.989517 
1710051866.204457 59.491654 2.669274 11.043993 0.004823 -0.126136 -0.000037 0.992001 
1710051866.302693 59.533938 2.680784 11.043827 0.004896 -0.110062 0.000447 0.993913 
1710051866.403386 59.592054 2.689188 11.073707 0.004040 -0.092628 -0.000288 0.995693 
1710051866.504489 59.665849 2.707735 11.079603 0.002232 -0.071861 0.002050 0.997410 
1710051866.605092 59.726815 2.721949 11.092272 0.006708 -0.055830 0.000380 0.998418 
1710051866.705934 59.783123 2.729546 11.118706 0.002512 -0.046223 0.002548 0.998925 
1710051866.806959 59.853819 2.738187 11.105220 0.008302 -0.040297 0.001504 0.999152 
1710051866.907961 59.934629 2.738777 11.110596 0.006966 -0.033240 -0.000577 0.999423 
1710051867.008785 59.987780 2.733962 11.114910 0.005902 -0.029162 0.000932 0.999557 
1710051867.109373 60.042941 2.731843 11.131956 0.005638 -0.024300 0.000618 0.999689 
1710051867.210491 60.119309 2.723622 11.131686 0.005843 -0.023338 0.001933 0.999709 
1710051867.311128 60.215458 2.709391 11.127135 0.007658 -0.022353 0.000872 0.999720 
1710051867.412327 60.287669 2.701969 11.134871 0.008076 -0.023629 0.000894 0.999688 
1710051867.512874 60.366343 2.697540 11.134888 0.008000 -0.024790 0.001271 0.999660 
1710051867.613680 60.470893 2.702056 11.131727 0.007903 -0.023424 0.001020 0.999694 
1710051867.714525 60.550894 2.716409 11.132923 0.005852 -0.023102 0.001276 0.999715 
1710051867.815612 60.605911 2.718869 11.132693 0.007048 -0.024380 -0.000362 0.999678 
1710051867.916237 60.665024 2.717718 11.128469 0.005802 -0.022538 0.000519 0.999729 
1710051868.017949 60.734996 2.707092 11.127203 0.006468 -0.023637 0.000493 0.999700 
1710051868.117964 60.791912 2.691115 11.124960 0.007263 -0.023836 0.000516 0.999689 
1710051868.218853 60.841916 2.683138 11.127602 0.006293 -0.023230 0.000943 0.999710 
1710051868.319729 60.907609 2.690839 11.126243 0.006187 -0.023549 0.000280 0.999704 
1710051868.420548 60.977812 2.695233 11.130259 0.004674 -0.018225 0.001299 0.999822 
1710051868.521722 61.036897 2.711061 11.149549 0.004746 -0.019236 0.000608 0.999804 
1710051868.622261 61.088493 2.719178 11.150864 0.005032 -0.019286 0.000902 0.999801 
1710051868.723243 61.154830 2.721919 11.151217 0.005605 -0.016551 0.002065 0.999845 
1710051868.824137 61.220557 2.722936 11.156768 0.006504 -0.016801 0.000535 0.999838 
1710051868.925106 61.277039 2.715851 11.164352 0.005759 -0.017089 0.001351 0.999836 
1710051869.025886 61.346332 2.718676 11.167428 0.003891 -0.019638 0.001488 0.999798 
1710051869.126559 61.404598 2.728893 11.166170 0.004223 -0.014995 0.001087 0.999878 
1710051869.227609 61.464814 2.741607 11.174040 0.005194 -0.012543 -0.000009 0.999908 
1710051869.328404 61.510830 2.752132 11.177451 0.004158 -0.015147 -0.000243 0.999877 
1710051869.429157 61.574770 2.746338 11.186518 0.003490 -0.014680 0.001586 0.999885 
1710051869.540017 61.647063 2.744514 11.193674 0.005694 -0.012912 0.000896 0.999900 
1710051869.632003 61.704641 2.738012 11.195801 0.005894 -0.019048 0.001258 0.999800 
1710051869.731722 61.772131 2.749387 11.197312 0.006125 -0.025238 0.000646 0.999662 
1710051869.835922 61.869983 2.761184 11.199590 0.003835 -0.030398 0.000171 0.999530 
1710051869.935835 61.949339 2.764955 11.213111 0.002405 -0.038279 0.001112 0.999264 
1710051870.034289 62.024950 2.770928 11.237350 0.002718 -0.059351 -0.001392 0.998233 
1710051870.135137 62.108885 2.763287 11.266074 0.000728 -0.086476 0.000692 0.996253 
1710051870.236028 62.213555 2.746638 11.269432 0.002380 -0.109794 0.000304 0.993951 
1710051870.336883 62.288666 2.739484 11.320896 0.003415 -0.139515 -0.000347 0.990214 
1710051870.437721 62.373184 2.757672 11.349511 0.012161 -0.161102 0.000428 0.986863 
1710051870.546445 62.496795 2.772058 11.353665 0.007856 -0.175176 -0.001584 0.984505 
1710051870.639470 62.586154 2.781820 11.372830 0.005198 -0.185166 -0.000132 0.982693 
1710051870.741927 62.655248 2.786888 11.399728 0.007599 -0.193237 -0.002255 0.981120 
1710051870.841533 62.721864 2.781735 11.433548 0.003964 -0.195993 -0.000457 0.980597 
1710051870.947857 62.804885 2.790132 11.474018 0.005350 -0.188401 0.001256 0.982077 
1710051871.042983 62.880527 2.805451 11.487368 0.012131 -0.188893 -0.000121 0.981923 
1710051871.148028 62.955362 2.809241 11.537784 0.004994 -0.184579 0.002580 0.982802 
1710051871.244725 63.042156 2.809875 11.557663 0.007986 -0.179962 -0.003611 0.983634 
1710051871.345462 63.117764 2.804389 11.587254 0.006334 -0.171593 -0.001077 0.985147 
1710051871.446305 63.195406 2.800900 11.613867 0.008659 -0.166312 -0.000523 0.986035 
1710051871.547493 63.260938 2.800223 11.627903 0.008314 -0.163551 -0.002210 0.986497 
1710051871.648240 63.334964 2.796583 11.640925 0.008253 -0.159233 -0.000739 0.987206 
1710051871.748886 63.400071 2.794586 11.647593 0.009147 -0.156903 -0.001371 0.987571 
1710051871.850102 63.446661 2.790837 11.671640 0.008825 -0.156223 -0.000211 0.987682 
1710051871.950661 63.507057 2.783632 11.692590 0.009630 -0.157985 -0.000706 0.987394 
1710051872.053445 63.575101 2.771646 11.732263 0.003958 -0.151257 -0.002667 0.988483 
1710051872.152326 63.629633 2.756831 11.772934 0.001513 -0.150495 -0.001791 0.988608 
1710051872.253866 63.695634 2.758030 11.771866 0.012698 -0.152482 0.000101 0.988225 
1710051872.354030 63.741405 2.756387 11.789394 0.004219 -0.149483 -0.001459 0.988754 
1710051872.454961 63.810073 2.754357 11.813194 0.006615 -0.151865 -0.000737 0.988379 
1710051872.555857 63.849995 2.762101 11.835954 0.007877 -0.154422 -0.000773 0.987973 
1710051872.656694 63.897383 2.759713 11.859827 0.010241 -0.153861 0.000870 0.988039 
1710051872.757680 63.974253 2.770956 11.877373 0.007171 -0.151022 -0.000674 0.988504 
1710051872.858490 64.047128 2.750998 11.912590 0.006485 -0.154815 -0.000323 0.987922 
1710051872.960342 64.106362 2.728922 11.955194 0.005970 -0.160866 -0.000702 0.986958 
1710051873.060053 64.148936 2.729383 11.974305 0.006564 -0.161078 -0.000164 0.986920 
1710051873.161025 64.225679 2.727389 11.988492 0.006635 -0.157847 -0.000515 0.987441 
1710051873.261804 64.284399 2.736053 11.973475 0.008808 -0.159123 -0.000511 0.987219 
1710051873.362717 64.331181 2.740085 11.981364 0.007346 -0.159997 0.000023 0.987090 
1710051873.463488 64.392871 2.744504 12.019502 0.007937 -0.159616 -0.000684 0.987147 
1710051873.564494 64.470050 2.760377 12.055721 0.007235 -0.153297 -0.000538 0.988154 
1710051873.665566 64.535304 2.752798 12.104146 0.004394 -0.149856 -0.000911 0.988698 
1710051873.766088 64.585783 2.743158 12.127140 0.006012 -0.149929 -0.001358 0.988678 
1710051873.867156 64.646169 2.738605 12.133966 0.008778 -0.146192 0.001103 0.989217 
1710051873.968097 64.706958 2.725324 12.142791 0.010346 -0.145954 -0.000069 0.989237 
1710051874.069138 64.761700 2.721014 12.161881 0.008426 -0.148400 -0.000192 0.988891 
1710051874.169484 64.819360 2.721128 12.179485 0.008943 -0.149184 0.000571 0.988769 
1710051874.270843 64.893579 2.719875 12.189756 0.007122 -0.146118 -0.001527 0.989240 
1710051874.371229 64.958241 2.721514 12.188318 0.004640 -0.144998 0.000085 0.989421 
1710051874.472115 65.015923 2.725640 12.193727 0.006286 -0.146037 0.000083 0.989259 
1710051874.573031 65.058013 2.722197 12.236757 0.007881 -0.148392 -0.001194 0.988897 
1710051874.673844 65.118328 2.709816 12.253443 0.007787 -0.145378 0.000546 0.989345 
1710051874.774961 65.187853 2.698274 12.293133 0.008026 -0.147526 -0.000440 0.989025 
1710051874.875860 65.236088 2.685162 12.338180 0.008082 -0.151102 0.000434 0.988485 
1710051874.976536 65.277925 2.683732 12.352786 0.008322 -0.152541 0.000948 0.988262 
1710051875.077284 65.335310 2.706558 12.424087 0.011018 -0.155834 0.000315 0.987722 
1710051875.178831 65.410600 2.709582 12.453897 0.005504 -0.150122 0.000250 0.988652 
1710051875.278946 65.485633 2.702015 12.412674 0.003735 -0.156505 -0.000632 0.987670 
1710051875.379808 65.537114 2.690142 12.469790 0.006471 -0.164880 -0.000729 0.986292 
1710051875.480664 65.595958 2.674896 12.467317 0.007390 -0.172533 -0.001160 0.984975 
1710051875.581572 65.653641 2.666326 12.460059 0.011083 -0.186878 0.000079 0.982321 
1710051875.682401 65.701119 2.665589 12.475205 0.010839 -0.197011 0.000400 0.980341 
1710051875.785254 65.756385 2.671730 12.526930 0.006279 -0.199959 -0.001870 0.979782 
1710051875.884099 65.790049 2.680664 12.572328 0.005919 -0.202946 -0.001047 0.979172 
1710051875.984946 65.834376 2.686326 12.601972 0.007172 -0.204224 -0.001097 0.978897 
1710051876.085823 65.896429 2.687842 12.632030 0.001948 -0.206767 -0.001369 0.978387 
1710051876.187085 65.961241 2.677255 12.629386 0.007511 -0.203758 0.000038 0.978992 
1710051876.287619 66.034730 2.681006 12.628337 0.005630 -0.209839 0.001157 0.977719 
1710051876.388410 66.100394 2.689044 12.623885 0.007111 -0.215808 0.001301 0.976409 
1710051876.489488 66.175446 2.701535 12.674411 0.009439 -0.218380 -0.001624 0.975817 
1710051876.590508 66.243479 2.719076 12.691712 0.004787 -0.217479 -0.001395 0.976052 
1710051876.691314 66.297492 2.725245 12.706990 0.005205 -0.217592 -0.001573 0.976025 
1710051876.791977 66.345436 2.713585 12.768019 0.004070 -0.217875 -0.002620 0.975965 
1710051876.892928 66.390629 2.697426 12.817299 0.006930 -0.214619 -0.001676 0.976672 
1710051876.994700 66.455560 2.683192 12.825514 0.009118 -0.214341 -0.000558 0.976716 
1710051877.095210 66.497963 2.681477 12.875249 0.007924 -0.218870 -0.001724 0.975720 
1710051877.195413 66.552160 2.691017 12.879054 0.005065 -0.221953 -0.004034 0.975036 
1710051877.296296 66.635730 2.691176 12.916094 0.004587 -0.218495 -0.002647 0.975824 
1710051877.397002 66.703590 2.703231 12.933686 0.004465 -0.215340 0.000042 0.976529 
1710051877.497835 66.771522 2.718207 12.937647 0.005318 -0.209771 -0.003357 0.977730 
1710051877.598883 66.846259 2.726772 12.942102 -0.001330 -0.198372 0.000415 0.980126 
1710051877.699546 66.910766 2.747311 12.933202 0.009215 -0.181633 -0.000794 0.983323 
1710051877.800714 66.974891 2.753856 12.917936 0.001919 -0.170584 0.000890 0.985341 
1710051877.901403 67.018271 2.770796 12.940897 0.006701 -0.158400 -0.000174 0.987352 
1710051878.002123 67.076617 2.780297 12.955083 0.002782 -0.142350 -0.001692 0.989811 
1710051878.102987 67.147707 2.788059 12.975277 -0.000594 -0.125399 -0.000984 0.992106 
1710051878.203987 67.199293 2.794263 12.981126 0.003100 -0.108051 0.000018 0.994141 
1710051878.304845 67.256565 2.785674 13.018154 -0.002794 -0.088797 -0.000188 0.996046 
1710051878.405595 67.318208 2.793126 13.036614 0.003697 -0.070037 0.002156 0.997535 
1710051878.506754 67.369881 2.803215 13.037668 0.008091 -0.052936 0.001170 0.998564 
1710051878.607892 67.427776 2.808326 13.038031 0.001662 -0.049295 0.000827 0.998783 
1710051878.708338 67.480900 2.818693 13.057455 0.004963 -0.038545 0.001589 0.999243 
1710051878.809147 67.553110 2.831494 13.054425 0.002089 -0.030603 0.001342 0.999529 
1710051878.910052 67.612925 2.831571 13.049103 0.002196 -0.027491 0.002156 0.999617 
1710051879.010859 67.680792 2.837006 13.056077 0.000781 -0.024930 0.000721 0.999689 
1710051879.111788 67.776167 2.840301 13.053565 0.002579 -0.019433 0.002875 0.999804 
1710051879.212894 67.869189 2.843134 13.047331 0.003987 -0.019133 0.000503 0.999809 
1710051879.313326 67.940949 2.846483 13.061426 0.003494 -0.021211 0.002169 0.999767 
1710051879.414152 68.025929 2.841594 13.066695 0.003857 -0.022024 0.002719 0.999746 
1710051879.515527 68.137773 2.858013 13.068258 0.002113 -0.018023 0.002237 0.999833 
1710051879.616031 68.231341 2.866903 13.067607 0.001274 -0.017871 0.002632 0.999836 
1710051879.716853 68.314858 2.880906 13.073742 0.002588 -0.017821 0.001643 0.999837 
1710051879.823739 68.405343 2.891577 13.077685 -0.003456 -0.017812 0.002316 0.999833 
1710051879.919836 68.504697 2.901246 13.064452 0.000803 -0.014870 0.001934 0.999887 
1710051880.022814 68.592713 2.907516 13.070691 0.002413 -0.013944 0.002913 0.999896 
1710051880.124168 68.670744 2.911845 13.076421 0.001350 -0.014683 0.002820 0.999887 
1710051880.221118 68.773707 2.928828 13.093805 0.001989 -0.014255 0.002289 0.999894 
1710051880.322256 68.870177 2.937523 13.107487 -0.000235 -0.008875 0.002490 0.999957 
1710051880.422756 68.955919 2.961606 13.106882 0.000889 -0.010964 0.002163 0.999937 
1710051880.524715 69.042464 2.972550 13.102521 0.000172 -0.012922 0.001795 0.999915 
1710051880.624994 69.151699 2.988168 13.097183 -0.002658 -0.007778 0.003189 0.999961 
1710051880.728376 69.247058 2.985228 13.108715 -0.001164 -0.009265 0.002123 0.999954 
1710051880.826715 69.321064 2.992789 13.108933 0.000589 -0.010508 0.003876 0.999937 
1710051880.927092 69.416818 3.005063 13.097950 0.004008 -0.013242 0.003730 0.999897 
1710051881.032222 69.529427 3.023084 13.091076 -0.000327 -0.009790 0.003209 0.999947 
1710051881.132580 69.616449 3.043809 13.105048 0.001375 -0.010197 0.002890 0.999943 
1710051881.235829 69.695455 3.066197 13.109732 0.001015 -0.011959 0.001784 0.999926 
1710051881.331840 69.796133 3.085612 13.110466 -0.002903 -0.012173 0.003097 0.999917 
1710051881.431494 69.896527 3.090473 13.112060 0.000177 -0.008109 0.001713 0.999966 
1710051881.539562 69.980039 3.090333 13.122049 0.002699 -0.009898 0.003248 0.999942 
1710051881.633127 70.058094 3.100202 13.122965 0.003573 -0.012271 0.002924 0.999914 
1710051881.733988 70.164123 3.121464 13.133773 0.002086 -0.009651 0.002122 0.999949 
1710051881.836907 70.252995 3.147333 13.134746 0.000896 -0.007922 0.002496 0.999965 
1710051881.937704 70.332498 3.169333 13.134580 0.001885 -0.011687 0.002042 0.999928 
1710051882.036578 70.431047 3.182907 13.138905 -0.000579 -0.012696 0.001510 0.999918 
1710051882.137357 70.538340 3.180010 13.143884 -0.000722 -0.009071 0.001961 0.999957 
1710051882.242824 70.625482 3.172803 13.148620 0.001358 -0.011190 0.002383 0.999934 
1710051882.339261 70.706741 3.179891 13.149469 0.001977 -0.012077 0.004085 0.999917 
1710051882.441841 70.818776 3.211510 13.132765 0.003978 -0.016040 0.002645 0.999860 
1710051882.540848 70.918436 3.227241 13.145602 0.001926 -0.010888 0.002022 0.999937 
1710051882.642250 70.996635 3.240158 13.164952 0.001891 -0.011354 0.002058 0.999932 
1710051882.742851 71.077067 3.254080 13.153308 -0.000583 -0.012893 0.001501 0.999916 
1710051882.843451 71.187494 3.262281 13.159996 0.001478 -0.009965 0.002834 0.999945 
1710051882.944530 71.271486 3.273196 13.185733 0.003382 -0.007759 0.001451 0.999963 
1710051883.045084 71.352858 3.269180 13.196909 0.003038 -0.010966 0.002599 0.999932 
1710051883.145939 71.451325 3.274844 13.174011 0.002190 -0.012321 0.002160 0.999919 
1710051883.246871 71.558595 3.285474 13.174635 0.001381 -0.009905 0.002196 0.999948 
1710051883.347647 71.649169 3.292886 13.182629 0.003209 -0.011450 0.001595 0.999928 
1710051883.448508 71.728531 3.311663 13.182754 0.003150 -0.011881 0.002419 0.999922 
1710051883.549514 71.835731 3.314432 13.184964 -0.002911 -0.012566 0.001157 0.999916 
1710051883.650288 71.935726 3.317637 13.189209 0.002346 -0.011510 0.002129 0.999929 
1710051883.751153 72.021331 3.318377 13.196191 0.003931 -0.012502 0.003033 0.999910 
1710051883.852140 72.109689 3.329100 13.200019 0.004906 -0.012631 0.001990 0.999906 
1710051883.958770 72.225712 3.338357 13.198484 0.002602 -0.009976 0.002078 0.999945 
1710051884.053706 72.306384 3.336274 13.200938 0.004164 -0.012235 0.002409 0.999914 
1710051884.154528 72.389118 3.353514 13.204672 0.004348 -0.014568 0.001600 0.999883 
1710051884.255583 72.485223 3.355375 13.198625 -0.000168 -0.012078 0.002304 0.999924 
1710051884.356415 72.600836 3.356329 13.205243 0.003447 -0.013116 0.002027 0.999906 
1710051884.457339 72.676631 3.362515 13.220940 0.003617 -0.013888 0.002923 0.999893 
1710051884.558193 72.770023 3.362345 13.225600 0.004555 -0.015424 0.002935 0.999866 
1710051884.658982 72.878267 3.370312 13.210246 0.003655 -0.012807 0.003345 0.999906 
1710051884.759682 72.975589 3.377645 13.206444 0.003460 -0.013813 0.002786 0.999895 
1710051884.861272 73.055132 3.389846 13.220447 0.003976 -0.015265 0.001579 0.999874 
1710051884.961808 73.145983 3.410582 13.205833 0.001402 -0.015473 0.004132 0.999871 
1710051885.062377 73.243520 3.426015 13.225723 -0.000880 -0.012172 0.001715 0.999924 
1710051885.163250 73.324152 3.433991 13.234075 0.003568 -0.012822 0.002866 0.999907 
1710051885.263994 73.404622 3.433803 13.239997 0.003844 -0.014612 0.003330 0.999880 
1710051885.364851 73.510590 3.440162 13.238571 0.003325 -0.012036 0.002756 0.999918 
1710051885.465752 73.618141 3.455904 13.236088 0.001347 -0.010805 0.002904 0.999937 
1710051885.566726 73.696258 3.465942 13.241826 0.003202 -0.012757 0.002667 0.999910 
1710051885.667502 73.776838 3.477087 13.240657 0.001991 -0.013503 0.002418 0.999904 
1710051885.768577 73.881897 3.483032 13.236643 0.000631 -0.010200 0.002279 0.999945 
1710051885.869142 73.974161 3.474693 13.250007 0.002349 -0.011783 0.002222 0.999925 
1710051885.969999 74.053068 3.480181 13.258565 0.003286 -0.012213 0.003989 0.999912 
1710051886.070846 74.146498 3.493035 13.251551 0.004831 -0.014286 0.003476 0.999880 
1710051886.171719 74.252971 3.509172 13.249579 0.003005 -0.010788 0.002649 0.999934 
1710051886.272632 74.336336 3.517680 13.259674 0.002065 -0.011697 0.002471 0.999926 
1710051886.373509 74.413494 3.532344 13.264898 0.002481 -0.013307 0.001977 0.999906 
1710051886.474400 74.507123 3.541292 13.252657 0.001029 -0.011500 0.004543 0.999923 
1710051886.575324 74.608735 3.549989 13.257911 0.002561 -0.010779 0.001941 0.999937 
1710051886.676397 74.689562 3.558579 13.273771 0.003278 -0.013088 0.003557 0.999903 
1710051886.776865 74.777890 3.566444 13.283354 0.004503 -0.015225 0.003527 0.999868 
1710051886.877925 74.881023 3.574719 13.279342 0.002166 -0.012534 0.003166 0.999914 
1710051886.978770 74.981192 3.596566 13.270422 0.002687 -0.013019 0.002991 0.999907 
1710051887.079497 75.052595 3.612899 13.282808 0.003443 -0.014788 0.002288 0.999882 
1710051887.180333 75.136777 3.620100 13.300864 -0.000309 -0.013922 0.002460 0.999900 
1710051887.281167 75.240349 3.629504 13.297136 0.001961 -0.012717 0.002585 0.999914 
1710051887.382006 75.330414 3.627054 13.300048 0.003351 -0.013486 0.003141 0.999899 
1710051887.483183 75.411121 3.637309 13.304012 0.004350 -0.013974 0.003948 0.999885 
1710051887.583746 75.503078 3.655093 13.309753 0.004245 -0.014440 0.003876 0.999879 
1710051887.685190 75.606454 3.668907 13.312538 0.001920 -0.010632 0.002980 0.999937 
1710051887.785665 75.684536 3.681145 13.310048 0.001857 -0.012019 0.002526 0.999923 
1710051887.886501 75.767492 3.696131 13.315767 0.001211 -0.013077 0.001667 0.999912 
1710051887.987164 75.863363 3.702679 13.297777 0.000449 -0.009015 0.003108 0.999954 
1710051888.088027 75.966112 3.703338 13.301396 0.001335 -0.010268 0.002262 0.999944 
1710051888.188962 76.045639 3.715045 13.313017 0.002797 -0.011838 0.004331 0.999917 
1710051888.292160 76.136742 3.722023 13.313873 0.004660 -0.014275 0.003624 0.999881 
1710051888.390684 76.243118 3.750951 13.307420 0.002042 -0.010869 0.003471 0.999933 
1710051888.493051 76.338389 3.780187 13.316639 0.001783 -0.011701 0.002819 0.999926 
1710051888.592329 76.413739 3.795402 13.331249 0.002574 -0.012700 0.002283 0.999913 
1710051888.693235 76.502150 3.810876 13.339619 -0.000747 -0.012826 0.003596 0.999911 
1710051888.794034 76.609289 3.805706 13.324967 0.001580 -0.010290 0.002141 0.999944 
1710051888.895241 76.684572 3.807636 13.335259 0.002216 -0.011479 0.003427 0.999926 
1710051888.995801 76.757674 3.821082 13.334718 0.004433 -0.013329 0.003486 0.999895 
1710051889.096744 76.865037 3.833109 13.356188 0.001411 -0.011990 0.002575 0.999924 
1710051889.197622 76.961904 3.862695 13.356213 0.001720 -0.009542 0.003012 0.999948 
1710051889.298342 77.041128 3.885321 13.360167 0.002812 -0.012315 0.002892 0.999916 
1710051889.399215 77.128485 3.893716 13.377322 0.000534 -0.012900 0.002290 0.999914 
1710051889.500060 77.235008 3.907299 13.363317 0.000912 -0.010186 0.002557 0.999944 
1710051889.601321 77.320839 3.911498 13.365473 0.002185 -0.012418 0.002581 0.999917 
1710051889.702169 77.400152 3.920748 13.363256 0.003650 -0.013620 0.003868 0.999893 
1710051889.802801 77.503786 3.942870 13.365891 0.004698 -0.016945 0.003850 0.999838 
1710051889.903994 77.606320 3.967968 13.371295 0.001616 -0.012596 0.002761 0.999916 
1710051890.004366 77.688877 3.982255 13.386730 0.001540 -0.012805 0.002128 0.999915 
1710051890.105207 77.765589 3.993764 13.390266 0.001911 -0.014232 0.001465 0.999896 
1710051890.206268 77.866019 4.016199 13.381299 -0.000391 -0.012744 0.003668 0.999912 
1710051890.306955 77.951553 4.028994 13.371258 0.001391 -0.011812 0.001245 0.999928 
1710051890.408531 78.028965 4.035166 13.389983 0.002395 -0.013781 0.003134 0.999897 
1710051890.508818 78.125120 4.042382 13.395907 0.004533 -0.015852 0.003529 0.999858 
1710051890.609625 78.239258 4.053747 13.398774 0.000595 -0.013315 0.003131 0.999906 
1710051890.710427 78.331977 4.070685 13.396111 0.001910 -0.013808 0.002788 0.999899 
1710051890.811231 78.402120 4.085118 13.405476 0.002677 -0.015085 0.002085 0.999880 
1710051890.912483 78.491330 4.099502 13.426186 -0.001315 -0.014031 0.002030 0.999899 
1710051891.012947 78.592686 4.115566 13.417217 0.001340 -0.012979 0.001937 0.999913 
1710051891.114014 78.669226 4.122235 13.425783 0.002670 -0.013885 0.002709 0.999896 
1710051891.214671 78.751980 4.130179 13.423585 0.004313 -0.015336 0.003406 0.999867 
1710051891.315505 78.863619 4.149785 13.449493 0.002299 -0.015208 0.002168 0.999879 
1710051891.416408 78.969973 4.152262 13.438044 0.001633 -0.012629 0.002350 0.999916 
1710051891.517339 79.056504 4.163897 13.432583 0.001868 -0.014602 0.002476 0.999889 
1710051891.618098 79.137917 4.169185 13.438167 0.000938 -0.015863 0.001669 0.999872 
1710051891.719197 79.246386 4.185225 13.431697 -0.000028 -0.012670 0.002710 0.999916 
1710051891.819809 79.330525 4.190005 13.444119 0.001428 -0.014034 0.002040 0.999898 
1710051891.920727 79.404611 4.207063 13.453090 0.003396 -0.016068 0.003517 0.999859 
1710051892.021561 79.512710 4.240872 13.450510 0.004242 -0.017747 0.002725 0.999830 
1710051892.122404 79.616328 4.262238 13.452654 -0.000214 -0.014508 0.002975 0.999890 
1710051892.223376 79.698226 4.277835 13.471350 0.001051 -0.015040 0.002361 0.999884 
1710051892.324147 79.781146 4.299948 13.472569 0.002773 -0.016179 0.002195 0.999863 
1710051892.425293 79.878060 4.317181 13.466763 -0.000224 -0.017538 0.004124 0.999838 
1710051892.526017 79.975188 4.324845 13.478144 0.000111 -0.013913 0.002071 0.999901 
1710051892.626702 80.053309 4.335219 13.492156 0.002214 -0.016138 0.003616 0.999861 
1710051892.727657 80.136177 4.343858 13.501521 0.003819 -0.017457 0.003777 0.999833 
1710051892.828451 80.248221 4.371130 13.496180 0.002658 -0.015244 0.003223 0.999875 
1710051892.929444 80.341078 4.389368 13.504649 0.000738 -0.014478 0.002189 0.999893 
1710051893.030131 80.417989 4.402691 13.512022 0.002963 -0.016464 0.002189 0.999858 
1710051893.132227 80.508277 4.415348 13.506865 0.000265 -0.016572 0.001844 0.999861 
1710051893.231865 80.610696 4.416404 13.514934 0.002734 -0.015232 0.002279 0.999878 
1710051893.332716 80.697011 4.422338 13.523370 0.003237 -0.015759 0.003403 0.999865 
1710051893.433551 80.792935 4.439354 13.522877 0.004326 -0.017109 0.002952 0.999840 
1710051893.534617 80.906429 4.449947 13.514771 0.001806 -0.015234 0.001939 0.999880 
1710051893.635389 81.013515 4.465308 13.513225 0.002029 -0.014703 0.002619 0.999886 
1710051893.736511 81.098017 4.479406 13.524584 0.002828 -0.015111 0.001854 0.999880 
1710051893.836979 81.173235 4.493645 13.509283 0.000232 -0.014148 0.003208 0.999895 
1710051893.938594 81.285831 4.492357 13.505502 0.000511 -0.012823 0.002216 0.999915 
1710051894.038754 81.368718 4.494452 13.522299 0.002639 -0.014467 0.003315 0.999886 
1710051894.139628 81.457588 4.493270 13.530878 0.003629 -0.016632 0.003439 0.999849 
1710051894.240492 81.559248 4.501886 13.518350 0.001301 -0.014039 0.003451 0.999895 
1710051894.341539 81.671822 4.520401 13.514495 0.001175 -0.014645 0.003110 0.999887 
1710051894.442460 81.755796 4.535291 13.522958 0.003134 -0.016632 0.002574 0.999853 
1710051894.543221 81.835948 4.553484 13.526883 0.001489 -0.016003 0.003075 0.999866 
1710051894.643856 81.931766 4.558198 13.529274 -0.000997 -0.015318 0.002202 0.999880 
1710051894.744771 82.028492 4.550929 13.539430 0.002704 -0.015615 0.002915 0.999870 
1710051894.845830 82.104853 4.555350 13.548349 0.003852 -0.016733 0.004075 0.999844 
1710051894.951729 82.202363 4.562732 13.545546 0.004534 -0.017203 0.003427 0.999836 
1710051895.047364 82.308884 4.579296 13.535464 0.000755 -0.014107 0.003880 0.999893 
1710051895.148364 82.385994 4.594037 13.559251 0.001781 -0.015394 0.003219 0.999875 
1710051895.249015 82.463173 4.609195 13.568580 0.002730 -0.016633 0.002614 0.999855 
1710051895.349989 82.562651 4.621415 13.568846 -0.001994 -0.012397 0.003132 0.999916 
1710051895.450742 82.670597 4.628337 13.581876 0.001098 -0.014299 0.002886 0.999893 
1710051895.551677 82.748973 4.633133 13.590328 0.001508 -0.015420 0.004288 0.999871 
1710051895.652912 82.841441 4.641162 13.589278 0.002954 -0.016993 0.003566 0.999845 
1710051895.753423 82.946289 4.645162 13.576834 0.000510 -0.014865 0.003896 0.999882 
1710051895.854161 83.049205 4.657337 13.583850 0.002174 -0.014839 0.004028 0.999879 
1710051895.955033 83.125043 4.666922 13.592829 0.003168 -0.015615 0.002373 0.999870 
1710051896.055914 83.216957 4.682555 13.581385 0.001212 -0.014511 0.003891 0.999886 
1710051896.156834 83.322992 4.695136 13.581692 0.001295 -0.012207 0.003026 0.999920 
1710051896.257849 83.400662 4.702876 13.592680 0.003826 -0.014874 0.003357 0.999876 
1710051896.358591 83.484965 4.704638 13.608273 0.004622 -0.015703 0.003622 0.999859 
1710051896.459378 83.574793 4.706553 13.596910 0.000994 -0.013358 0.002934 0.999906 
1710051896.560174 83.679050 4.718907 13.604614 -0.000162 -0.012564 0.003304 0.999916 
1710051896.661041 83.758650 4.720918 13.616154 0.002671 -0.014765 0.002653 0.999884 
1710051896.762401 83.838072 4.726620 13.626630 0.000149 -0.014278 0.002937 0.999894 
1710051896.862932 83.945484 4.730437 13.626200 0.000110 -0.012765 0.003338 0.999913 
1710051896.963611 84.037000 4.753751 13.636424 0.002930 -0.013352 0.002527 0.999903 
1710051897.064632 84.113805 4.760061 13.637035 0.002582 -0.014390 0.003483 0.999887 
1710051897.165344 84.199224 4.771884 13.631273 0.003832 -0.015770 0.003630 0.999862 
1710051897.266195 84.316612 4.778686 13.628804 0.002298 -0.011272 0.002476 0.999931 
1710051897.367061 84.399842 4.780373 13.646436 0.001022 -0.013527 0.002637 0.999905 
1710051897.467975 84.463419 4.789576 13.656298 0.002052 -0.015281 0.002198 0.999879 
1710051897.568769 84.572933 4.807996 13.646144 -0.000984 -0.011759 0.003632 0.999924 
1710051897.669623 84.673767 4.821346 13.652573 0.000746 -0.012682 0.002480 0.999916 
1710051897.770649 84.751654 4.836601 13.670216 0.001945 -0.014087 0.003993 0.999891 
1710051897.871375 84.835381 4.847405 13.672896 0.004441 -0.016402 0.003691 0.999849 
1710051897.972197 84.942082 4.861665 13.654572 0.002929 -0.014129 0.003531 0.999890 
1710051898.073066 85.037698 4.858191 13.653864 0.002448 -0.014326 0.003641 0.999888 
1710051898.174103 85.114558 4.868594 13.665402 0.003328 -0.016085 0.002477 0.999862 
1710051898.275013 85.207524 4.876175 13.666205 0.002799 -0.016877 0.004648 0.999843 
1710051898.375894 85.322914 4.868139 13.660024 0.003050 -0.013410 0.003272 0.999900 
1710051898.476790 85.414117 4.866403 13.666498 0.003859 -0.015452 0.003553 0.999867 
1710051898.577486 85.491344 4.875696 13.664838 0.004170 -0.017028 0.003666 0.999840 
1710051898.678265 85.596892 4.885520 13.662782 0.003178 -0.015526 0.002401 0.999872 
1710051898.779101 85.700210 4.896709 13.662468 0.002299 -0.013821 0.003765 0.999895 
1710051898.880077 85.771490 4.909142 13.666836 0.002928 -0.017052 0.002995 0.999846 
1710051898.980883 85.846493 4.917982 13.686023 0.003252 -0.017272 0.002901 0.999841 
1710051899.081894 85.951933 4.923733 13.674447 0.001990 -0.014903 0.003154 0.999882 
1710051899.182519 86.042543 4.920888 13.693235 0.004260 -0.016986 0.003053 0.999842 
1710051899.283378 86.116592 4.924737 13.709553 0.003431 -0.016294 0.003954 0.999854 
1710051899.384220 86.210760 4.927291 13.708432 0.005328 -0.018391 0.004168 0.999808 
1710051899.485118 86.317623 4.941789 13.699085 0.003802 -0.014202 0.002918 0.999888 
1710051899.585966 86.393368 4.960962 13.706202 0.002825 -0.015124 0.001920 0.999880 
1710051899.686822 86.470084 4.971846 13.716506 0.004054 -0.016603 0.002471 0.999851 
1710051899.787769 86.577851 4.973943 13.716926 0.000998 -0.014766 0.004761 0.999879 
1710051899.888789 86.684801 4.965121 13.707422 0.003334 -0.014510 0.002482 0.999886 
1710051899.989535 86.769571 4.962351 13.723734 0.003823 -0.015968 0.003978 0.999857 
1710051900.090250 86.849062 4.961367 13.728955 0.004235 -0.017277 0.003002 0.999837 
1710051900.191471 86.968395 4.964605 13.721332 0.002081 -0.014403 0.003022 0.999890 
1710051900.292351 87.062135 4.976970 13.727333 0.002915 -0.014412 0.003544 0.999886 
1710051900.396514 87.129874 4.987134 13.738602 0.003791 -0.016907 0.002575 0.999847 
1710051900.493699 87.215268 4.989722 13.747766 0.002077 -0.017077 0.003868 0.999845 
1710051900.594529 87.319164 4.987495 13.751612 0.004138 -0.016194 0.003271 0.999855 
1710051900.695372 87.397965 4.988960 13.767605 0.004491 -0.016355 0.003487 0.999850 
1710051900.796986 87.473253 4.999604 13.769667 0.004596 -0.017065 0.003611 0.999837 
1710051900.897195 87.571296 5.006764 13.772070 0.005322 -0.016884 0.002431 0.999840 
1710051900.997988 87.684084 5.015849 13.766709 0.003080 -0.014255 0.003151 0.999889 
1710051901.099083 87.757530 5.023191 13.768817 0.003677 -0.016800 0.002716 0.999848 
1710051901.199692 87.842769 5.021472 13.771649 0.004025 -0.018202 0.003159 0.999821 
1710051901.300578 87.941763 5.026417 13.769570 0.002531 -0.014718 0.004451 0.999879 
1710051901.404025 88.032492 5.032264 13.785001 0.003962 -0.016306 0.003184 0.999854 
1710051901.502452 88.102563 5.039401 13.795421 0.003567 -0.017055 0.004821 0.999837 
1710051901.603167 88.200733 5.047446 13.798605 0.003658 -0.018014 0.003572 0.999825 
1710051901.704654 88.306446 5.052349 13.798343 0.002404 -0.014764 0.003130 0.999883 
1710051901.804905 88.389238 5.055480 13.803683 0.002870 -0.015414 0.003308 0.999872 
1710051901.906051 88.474244 5.059194 13.809478 0.003354 -0.017309 0.002815 0.999841 
1710051902.006595 88.572074 5.072161 13.800710 0.001940 -0.016946 0.004599 0.999844 
1710051902.107694 88.679929 5.081393 13.797520 0.004255 -0.015045 0.002698 0.999874 
1710051902.208522 88.757727 5.085639 13.815947 0.004336 -0.016091 0.003792 0.999854 
1710051902.309207 88.835219 5.091631 13.818155 0.004790 -0.017835 0.003071 0.999825 
1710051902.410107 88.950556 5.093981 13.816889 0.003413 -0.016237 0.003235 0.999857 
1710051902.510932 89.044416 5.104901 13.812730 0.003205 -0.015791 0.003316 0.999865 
1710051902.611720 89.119657 5.114668 13.821992 0.004227 -0.017148 0.002535 0.999841 
1710051902.712565 89.215889 5.108902 13.830425 0.001818 -0.018395 0.003243 0.999824 
1710051902.813618 89.326529 5.098674 13.822310 0.003443 -0.017328 0.003591 0.999837 
1710051902.914422 89.410853 5.092068 13.826702 0.003920 -0.018646 0.002998 0.999814 
1710051903.015279 89.496904 5.103456 13.832596 0.004296 -0.018919 0.004023 0.999804 
1710051903.116010 89.597966 5.120521 13.836795 0.005993 -0.020073 0.003203 0.999775 
1710051903.216876 89.700044 5.133751 13.834975 0.003905 -0.017014 0.003271 0.999842 
1710051903.317812 89.776461 5.147654 13.843579 0.004153 -0.018379 0.002905 0.999818 
1710051903.418614 89.848591 5.152273 13.845003 0.004773 -0.019232 0.003126 0.999799 
1710051903.519595 89.957660 5.151744 13.844607 0.003724 -0.015812 0.003987 0.999860 
1710051903.620487 90.052157 5.144948 13.863782 0.003848 -0.015526 0.003641 0.999865 
1710051903.721387 90.130803 5.142421 13.877371 0.003973 -0.017485 0.003940 0.999831 
1710051903.822106 90.223962 5.145675 13.878792 0.004422 -0.018804 0.004222 0.999805 
1710051903.922912 90.327611 5.150078 13.872859 0.002433 -0.015303 0.004500 0.999870 
1710051904.023953 90.410619 5.172333 13.881584 0.003996 -0.016608 0.003488 0.999848 
1710051904.124669 90.492042 5.177913 13.888991 0.004786 -0.017682 -0.002001 0.999830 
1710051904.225698 90.586659 5.180896 13.904215 0.004893 -0.018177 -0.005776 0.999806 
1710051904.326631 90.694634 5.177151 13.900718 0.009722 -0.014066 -0.017794 0.999695 
1710051904.427269 90.774586 5.168973 13.905209 0.012911 -0.016527 -0.028753 0.999367 
1710051904.528186 90.857825 5.166183 13.901343 0.014556 -0.018780 -0.040420 0.998900 
1710051904.628945 90.969267 5.173403 13.901620 0.017699 -0.015470 -0.050603 0.998442 
1710051904.729751 91.060247 5.177287 13.918561 0.013003 -0.012533 -0.060517 0.998004 
1710051904.830943 91.128959 5.166191 13.921133 0.014690 -0.017255 -0.070713 0.997239 
1710051904.931483 91.221212 5.145814 13.914798 0.013713 -0.018968 -0.079898 0.996528 
1710051905.032448 91.326022 5.119239 13.922052 0.012966 -0.014159 -0.088753 0.995869 
1710051905.133220 91.406626 5.096604 13.932942 0.015224 -0.015521 -0.099787 0.994771 
1710051905.234129 91.492573 5.084021 13.934964 0.014237 -0.016180 -0.108358 0.993878 
1710051905.334880 91.582781 5.059311 13.929630 0.017050 -0.017307 -0.117158 0.992816 
1710051905.435779 91.681392 5.035845 13.927535 0.017031 -0.013820 -0.126894 0.991674 
1710051905.536943 91.770260 5.016498 13.943507 0.016304 -0.014008 -0.138161 0.990176 
1710051905.637458 91.851803 4.995035 13.939031 0.015773 -0.014619 -0.147681 0.988801 
1710051905.738598 91.955936 4.964362 13.941280 0.016478 -0.011912 -0.155889 0.987565 
1710051905.839333 92.047913 4.941123 13.943871 0.020876 -0.011541 -0.167048 0.985660 
1710051905.940063 92.125767 4.902457 13.954207 0.018145 -0.014087 -0.175592 0.984195 
1710051906.041053 92.216262 4.865368 13.951652 0.017426 -0.014935 -0.187237 0.982047 
1710051906.141785 92.312506 4.836339 13.953874 0.015760 -0.012021 -0.198202 0.979961 
1710051906.242722 92.393790 4.808660 13.970957 0.019123 -0.012121 -0.209352 0.977578 
1710051906.343537 92.465656 4.784658 13.964612 0.019774 -0.013427 -0.218912 0.975452 
1710051906.444542 92.555804 4.728774 13.971363 0.011228 -0.014971 -0.226095 0.973926 
1710051906.545330 92.654649 4.699901 13.968066 0.018164 -0.013271 -0.234781 0.971788 
1710051906.646059 92.725171 4.665371 13.970258 0.017733 -0.014146 -0.241134 0.970227 
1710051906.746929 92.805281 4.628409 13.968082 0.018531 -0.015889 -0.248749 0.968260 
1710051906.848180 92.909865 4.575438 13.966660 0.016318 -0.012741 -0.257314 0.966106 
1710051906.948961 92.987369 4.523340 13.980586 0.018431 -0.011663 -0.267677 0.963262 
1710051907.049579 93.051084 4.473612 13.994405 0.020815 -0.013114 -0.281708 0.959185 
1710051907.151950 93.136157 4.420636 13.987007 0.018675 -0.010585 -0.296935 0.954656 
1710051907.251238 93.225806 4.355501 13.990051 0.024955 -0.011936 -0.307243 0.951229 
1710051907.352269 93.305341 4.293088 13.994330 0.024420 -0.011574 -0.322125 0.946311 
1710051907.456223 93.376340 4.235816 13.996008 0.024346 -0.012362 -0.333025 0.942523 
1710051907.555853 93.447118 4.167698 13.985782 0.022518 -0.010334 -0.347314 0.937421 
1710051907.654710 93.522125 4.106325 13.979457 0.025674 -0.010465 -0.358831 0.932991 
1710051907.755720 93.580100 4.060427 13.994164 0.026401 -0.010994 -0.372211 0.927707 
1710051907.856494 93.641317 4.001990 13.981304 0.025165 -0.010566 -0.386084 0.922060 
1710051907.958005 93.703194 3.916596 13.970228 0.024722 -0.010177 -0.396228 0.917763 
1710051908.058894 93.746798 3.854999 13.968781 0.026908 -0.011049 -0.407920 0.912554 
1710051908.163853 93.776316 3.796021 13.977626 0.025182 -0.010960 -0.416619 0.908666 
1710051908.260137 93.844223 3.731034 13.976211 0.025713 -0.009946 -0.427322 0.903679 
1710051908.361360 93.925926 3.640391 13.976693 0.024377 -0.008027 -0.439398 0.897926 
1710051908.461527 93.984861 3.583306 13.978514 0.026698 -0.010078 -0.452924 0.891092 
1710051908.564793 94.034280 3.520597 13.985274 0.027544 -0.010947 -0.465060 0.884783 
1710051908.663259 94.098348 3.448445 13.986989 0.026644 -0.009109 -0.475269 0.879390 
1710051908.764181 94.153202 3.371988 14.006194 0.028148 -0.009903 -0.488205 0.872219 
1710051908.865089 94.178762 3.308476 14.004695 0.028016 -0.009617 -0.499118 0.866028 
1710051908.965886 94.218816 3.225456 13.985743 0.028657 -0.011234 -0.511683 0.858623 
1710051909.066790 94.263102 3.135396 13.968442 0.028108 -0.007875 -0.522966 0.851853 
1710051909.167768 94.322490 3.065341 13.980650 0.027927 -0.008389 -0.535534 0.844010 
1710051909.268398 94.353720 2.997142 13.992290 0.029554 -0.008256 -0.549774 0.834750 
1710051909.369260 94.410396 2.910217 13.967747 0.029209 -0.007377 -0.563546 0.825535 
1710051909.470551 94.446228 2.810016 13.962291 0.033829 -0.007042 -0.576994 0.816017 
1710051909.570969 94.461983 2.740237 13.971540 0.034579 -0.007738 -0.588847 0.807467 
1710051909.671889 94.478123 2.662182 13.969463 0.034317 -0.007843 -0.602296 0.797497 
1710051909.772734 94.512057 2.554914 13.948983 0.038938 -0.005860 -0.615185 0.787399 
1710051909.873630 94.525084 2.454764 13.946462 0.039202 -0.000315 -0.628989 0.776425 
1710051909.974600 94.527825 2.376303 13.949652 0.041087 0.001020 -0.642305 0.765346 
1710051910.075441 94.543089 2.299722 13.945748 0.043883 0.001389 -0.653842 0.755356 
1710051910.176337 94.543686 2.199827 13.931542 0.043954 0.003988 -0.665051 0.745493 
1710051910.277015 94.554217 2.131576 13.946076 0.045947 0.004904 -0.676628 0.734874 
1710051910.377998 94.574436 2.051199 13.937402 0.047565 0.005553 -0.687272 0.724820 
1710051910.478708 94.588032 1.974068 13.919649 0.048353 0.005920 -0.699493 0.712977 
1710051910.579647 94.587980 1.868470 13.895264 0.052581 0.009088 -0.709639 0.702542 
1710051910.680418 94.581464 1.792053 13.894489 0.051220 0.010956 -0.720946 0.691009 
1710051910.782421 94.603425 1.704780 13.892452 0.049205 0.011132 -0.725908 0.685939 
1710051910.882201 94.619194 1.589586 13.867151 0.044725 0.016696 -0.725335 0.686739 
1710051910.983022 94.635571 1.488181 13.873433 0.044369 0.020176 -0.725892 0.686079 
1710051911.084053 94.634073 1.403672 13.877996 0.041221 0.019153 -0.725369 0.686858 
1710051911.185809 94.637547 1.316345 13.870226 0.039246 0.018331 -0.725528 0.686828 
1710051911.285619 94.644391 1.215138 13.859906 0.042047 0.022482 -0.725812 0.686238 
1710051911.386469 94.648012 1.124301 13.853099 0.038968 0.020365 -0.726254 0.686019 
1710051911.487421 94.640646 1.042508 13.848919 0.038740 0.017361 -0.726594 0.685754 
1710051911.588186 94.637460 0.945525 13.841831 0.036002 0.018859 -0.725679 0.686832 
1710051911.689349 94.647966 0.842540 13.823715 0.038587 0.019260 -0.726176 0.686154 
1710051911.790171 94.648092 0.763019 13.818797 0.038230 0.017904 -0.725690 0.686726 
1710051911.890861 94.651031 0.679465 13.807643 0.037314 0.016523 -0.725390 0.687127 
1710051911.991745 94.646254 0.577737 13.801824 0.041347 0.015233 -0.725107 0.687225 
1710051912.092656 94.645339 0.485880 13.803737 0.040456 0.020846 -0.725003 0.687240 
1710051912.194313 94.647184 0.412217 13.805580 0.039437 0.019832 -0.725908 0.686374 
1710051912.296018 94.649407 0.324002 13.795209 0.037879 0.018111 -0.725872 0.686548 
1710051912.399827 94.656202 0.209404 13.766499 0.037581 0.021234 -0.725271 0.687109 
1710051912.495954 94.672468 0.124594 13.781879 0.039771 0.020080 -0.726204 0.686035 
1710051912.596933 94.677752 0.050363 13.791403 0.039922 0.019149 -0.724710 0.687630 
1710051912.697659 94.681240 -0.044249 13.776818 0.039756 0.016548 -0.725020 0.687380 
1710051912.798628 94.692009 -0.153503 13.758503 0.041553 0.021590 -0.725622 0.686498 
1710051912.899414 94.712577 -0.232449 13.765009 0.038984 0.019436 -0.726321 0.685974 
1710051913.000348 94.717708 -0.312547 13.765968 0.039414 0.017373 -0.726379 0.685943 
1710051913.101035 94.732082 -0.422401 13.753676 0.035115 0.019150 -0.725520 0.687038 
1710051913.202174 94.728566 -0.532464 13.738171 0.039084 0.018737 -0.726236 0.686077 
1710051913.302750 94.717474 -0.608020 13.735126 0.039325 0.017923 -0.725408 0.686961 
1710051913.403715 94.712418 -0.687952 13.728928 0.038687 0.017130 -0.725236 0.687200 
1710051913.504571 94.701464 -0.798617 13.719093 0.040306 0.017395 -0.725434 0.686891 
1710051913.605353 94.706756 -0.900007 13.718549 0.041063 0.022138 -0.725686 0.686443 
1710051913.706297 94.716319 -0.975544 13.713936 0.040587 0.020785 -0.726328 0.685834 
1710051913.807128 94.727643 -1.073919 13.707525 0.040287 0.020165 -0.726155 0.686053 
1710051913.912018 94.748991 -1.178612 13.686258 0.040920 0.022979 -0.725878 0.686221 
1710051914.009115 94.741767 -1.248324 13.685777 0.041800 0.021136 -0.726215 0.685870 
1710051914.109993 94.749246 -1.323165 13.677076 0.041028 0.020092 -0.724909 0.687328 
1710051914.210625 94.754123 -1.426725 13.672353 0.042030 0.018652 -0.725239 0.686960 
1710051914.311540 94.762794 -1.540060 13.662614 0.042322 0.023598 -0.724998 0.687045 
1710051914.412603 94.768042 -1.626901 13.664362 0.042723 0.021926 -0.725840 0.686186 
1710051914.513122 94.755661 -1.699349 13.656376 0.041707 0.021738 -0.726305 0.685762 
1710051914.613966 94.754684 -1.816813 13.654164 0.040863 0.022150 -0.725077 0.687098 
1710051914.714787 94.775162 -1.920312 13.637471 0.042363 0.023029 -0.726632 0.685333 
1710051914.816187 94.777937 -1.994110 13.635561 0.041365 0.021535 -0.725709 0.686420 
1710051914.916636 94.774017 -2.076274 13.622356 0.041522 0.019364 -0.725911 0.686261 
1710051915.017509 94.781620 -2.192036 13.606704 0.042740 0.020960 -0.725217 0.686873 
1710051915.118455 94.781031 -2.274427 13.599131 0.041230 0.022444 -0.725655 0.686456 
1710051915.219406 94.777092 -2.346121 13.594364 0.040117 0.020116 -0.726321 0.685889 
1710051915.319963 94.765581 -2.448514 13.600737 0.039074 0.018726 -0.725686 0.686660 
1710051915.421053 94.771008 -2.538749 13.589841 0.040779 0.019738 -0.726332 0.685849 
1710051915.524506 94.762873 -2.619286 13.587357 0.039493 0.018219 -0.726032 0.686284 
1710051915.622603 94.771575 -2.697640 13.577066 0.038821 0.015774 -0.725793 0.686636 
1710051915.723653 94.775833 -2.818950 13.567775 0.038276 0.013545 -0.727070 0.685361 
1710051915.824327 94.773772 -2.926208 13.558979 0.039732 0.017308 -0.725611 0.686739 
1710051915.925372 94.780592 -3.014945 13.562516 0.040644 0.016438 -0.726724 0.685529 
1710051916.026075 94.775971 -3.091590 13.550612 0.038669 0.016140 -0.726741 0.685633 
1710051916.127099 94.786229 -3.202513 13.543290 0.040410 0.017831 -0.726024 0.686249 
1710051916.227664 94.783589 -3.290545 13.533824 0.042269 0.017534 -0.726946 0.685169 
1710051916.329066 94.775670 -3.377302 13.534860 0.041677 0.017580 -0.725806 0.686411 
1710051916.429379 94.776518 -3.482709 13.524651 0.040927 0.018979 -0.727002 0.685152 
1710051916.530231 94.773938 -3.576750 13.507348 0.045373 0.023860 -0.726002 0.685779 
1710051916.631101 94.766647 -3.651693 13.506357 0.044240 0.021567 -0.726398 0.685510 
1710051916.737263 94.754325 -3.714549 13.493239 0.043231 0.019297 -0.726333 0.685711 
1710051916.833070 94.744201 -3.817653 13.506336 0.039959 0.019344 -0.725680 0.686598 
1710051916.933759 94.721889 -3.918371 13.483703 0.042396 0.019037 -0.726552 0.685538 
1710051917.034853 94.718348 -3.995778 13.473341 0.040948 0.018165 -0.725726 0.686524 
1710051917.135379 94.725644 -4.078903 13.462029 0.040567 0.017998 -0.726025 0.686234 
1710051917.236833 94.739267 -4.213936 13.447810 0.040792 0.018294 -0.726065 0.686171 
1710051917.337100 94.736383 -4.303400 13.447375 0.042046 0.020038 -0.725500 0.686644 
1710051917.438322 94.736309 -4.375176 13.446513 0.040615 0.018159 -0.726843 0.685361 
1710051917.538831 94.748602 -4.468868 13.438985 0.037577 0.019744 -0.726669 0.685675 
1710051917.640227 94.755943 -4.572363 13.435717 0.040131 0.018038 -0.725678 0.686626 
1710051917.740546 94.743466 -4.642604 13.437468 0.039486 0.016646 -0.726152 0.686197 
1710051917.842362 94.743824 -4.723349 13.429043 0.039624 0.016949 -0.725897 0.686452 
1710051917.942529 94.766596 -4.830840 13.416170 0.038104 0.017866 -0.726760 0.685601 
1710051918.043152 94.768383 -4.946105 13.400697 0.040552 0.018245 -0.725836 0.686429 
1710051918.144347 94.765494 -5.023425 13.406633 0.039058 0.017215 -0.726628 0.685704 
1710051918.249979 94.758391 -5.105084 13.391091 0.037343 0.018893 -0.726851 0.685519 
1710051918.345777 94.751003 -5.228062 13.397835 0.035058 0.018126 -0.726178 0.686373 
1710051918.447073 94.733590 -5.305481 13.381014 0.038292 0.016824 -0.726475 0.685919 
1710051918.547939 94.730306 -5.381211 13.385848 0.038716 0.016384 -0.725606 0.686825 
1710051918.648390 94.730475 -5.474283 13.370462 0.038925 0.016566 -0.726226 0.686153 
1710051918.749291 94.753809 -5.582927 13.368507 0.039000 0.020697 -0.725914 0.686366 
1710051918.849991 94.759296 -5.707933 13.362891 0.038626 0.017730 -0.727668 0.684611 
1710051918.950899 94.773562 -5.825206 13.380447 0.042408 0.013816 -0.734739 0.676882 
1710051919.051946 94.767470 -5.938849 13.385074 0.045875 0.014502 -0.743617 0.666873 
1710051919.152565 94.750863 -6.008478 13.374666 0.050710 0.013392 -0.749839 0.659538 
1710051919.253427 94.743706 -6.056375 13.349866 0.048047 0.015450 -0.750194 0.659289 
1710051919.354297 94.736714 -6.129907 13.328559 0.046822 0.016323 -0.749484 0.660163 
1710051919.455422 94.730076 -6.242128 13.297194 0.043731 0.022622 -0.750511 0.659021 
1710051919.556019 94.729634 -6.365516 13.287427 0.043819 0.022700 -0.749466 0.660200 
1710051919.657959 94.726072 -6.466365 13.289056 0.042817 0.019846 -0.750588 0.659082 
1710051919.759849 94.726624 -6.562371 13.271679 0.041204 0.020839 -0.752643 0.656807 
1710051919.858705 94.730366 -6.672755 13.279898 0.041630 0.017756 -0.757867 0.650837 
1710051919.959639 94.711521 -6.747028 13.289791 0.040834 0.012972 -0.762970 0.645012 
1710051920.060320 94.692430 -6.853378 13.309304 0.040395 0.005048 -0.767763 0.639439 
1710051920.161400 94.678101 -6.964838 13.285596 0.039597 0.004304 -0.774813 0.630934 
1710051920.262027 94.666088 -7.052504 13.293203 0.033387 0.000775 -0.781332 0.623221 
1710051920.363535 94.659697 -7.103907 13.300214 0.030165 -0.006391 -0.788975 0.613651 
1710051920.463733 94.642303 -7.161294 13.281816 0.023822 -0.010523 -0.795889 0.604883 
1710051920.564597 94.620578 -7.246309 13.287115 0.020401 -0.012371 -0.805382 0.592275 
1710051920.665468 94.593897 -7.327724 13.289376 0.021431 -0.016337 -0.818306 0.574151 
1710051920.766500 94.564459 -7.403352 13.285441 0.022525 -0.018013 -0.829050 0.558430 
1710051920.867178 94.541853 -7.501469 13.256492 0.022996 -0.013964 -0.832782 0.552946 
1710051920.968173 94.536488 -7.604624 13.254863 0.022006 -0.004738 -0.833349 0.552288 
1710051921.068886 94.538607 -7.692319 13.270150 0.018048 -0.000619 -0.833530 0.552179 
1710051921.169755 94.523492 -7.755435 13.273834 0.015737 -0.000384 -0.833598 0.552148 
1710051921.272893 94.499385 -7.838058 13.264717 0.017434 0.000582 -0.834492 0.550744 
1710051921.371525 94.438296 -7.919874 13.281595 0.021639 -0.004050 -0.838844 0.543927 
1710051921.472383 94.370258 -7.984490 13.280115 0.026200 -0.011328 -0.847690 0.529723 
1710051921.573302 94.300724 -8.068687 13.278768 0.034267 -0.018006 -0.861041 0.507060 
1710051921.674156 94.237143 -8.153188 13.241519 0.041771 -0.017429 -0.877239 0.477915 
1710051921.775578 94.168122 -8.234262 13.240292 0.045849 -0.018482 -0.896014 0.441266 
1710051921.875873 94.110008 -8.294100 13.255070 0.050019 -0.024481 -0.912420 0.405448 
1710051921.976757 94.050605 -8.364107 13.218059 0.049581 -0.020077 -0.926318 0.372926 
1710051922.077518 93.986298 -8.427967 13.201828 0.054078 -0.017630 -0.939543 0.337673 
1710051922.178435 93.937194 -8.446129 13.219052 0.056601 -0.019412 -0.951755 0.300970 
1710051922.279366 93.893207 -8.465129 13.213208 0.056268 -0.016057 -0.960315 0.272711 
1710051922.380169 93.842610 -8.548902 13.193372 0.057952 -0.006414 -0.964847 0.256264 
1710051922.480937 93.768576 -8.618784 13.177505 0.056969 0.006293 -0.967216 0.247404 
1710051922.581845 93.698794 -8.674595 13.178406 0.054538 0.013833 -0.967893 0.244983 
1710051922.683082 93.654286 -8.716230 13.174639 0.052238 0.018661 -0.967646 0.246138 
1710051922.785544 93.574296 -8.755389 13.158345 0.054158 0.015450 -0.969019 0.240480 
1710051922.884365 93.509221 -8.791625 13.163229 0.056242 0.009415 -0.973136 0.223058 
1710051922.985400 93.455055 -8.814029 13.147700 0.058365 0.004543 -0.976127 0.209161 
1710051923.086071 93.372696 -8.871552 13.127281 0.060246 0.001094 -0.978698 0.196263 
1710051923.187402 93.287156 -8.903094 13.109253 0.064592 0.005869 -0.981146 0.182059 
1710051923.288275 93.205806 -8.916045 13.117159 0.067657 0.003496 -0.984553 0.161450 
1710051923.388881 93.104673 -8.940746 13.108958 0.067059 0.000472 -0.988016 0.139019 
1710051923.490076 93.007981 -8.997917 13.067336 0.068376 0.001125 -0.990190 0.121850 
1710051923.590564 92.929330 -9.034925 13.055856 0.071545 -0.000885 -0.992221 0.101876 
1710051923.691560 92.862084 -9.055433 13.052350 0.070631 -0.002271 -0.993722 0.086736 
1710051923.792135 92.778918 -9.085462 13.053653 0.071670 -0.001594 -0.994956 0.070168 
1710051923.893120 92.671973 -9.129870 13.034518 0.076704 0.001647 -0.995576 0.054251 
1710051923.993915 92.573547 -9.176047 13.023812 0.077105 0.003782 -0.996166 0.041157 
1710051924.094996 92.478599 -9.205027 13.024667 0.076609 0.004783 -0.996405 0.035838 
1710051924.195522 92.383296 -9.239568 13.017552 0.073786 0.012681 -0.996487 0.037532 
1710051924.300790 92.282830 -9.249223 12.990282 0.076334 0.014209 -0.996246 0.038277 
1710051924.397273 92.196664 -9.240255 12.984908 0.075292 0.015003 -0.996270 0.039388 
1710051924.498367 92.122743 -9.228819 12.974200 0.073964 0.013391 -0.996359 0.040222 
1710051924.598942 92.040011 -9.248506 12.967400 0.074257 0.014958 -0.996350 0.039367 
1710051924.699917 91.940539 -9.283708 12.946444 0.077941 0.016971 -0.996070 0.038488 
1710051924.800688 91.857093 -9.302870 12.936808 0.075841 0.015051 -0.996230 0.039334 
1710051924.901524 91.778167 -9.319188 12.942798 0.074043 0.015269 -0.996373 0.039065 
1710051925.002724 91.671941 -9.358047 12.901615 0.074875 0.017213 -0.996307 0.038325 
1710051925.103240 91.575979 -9.383667 12.869495 0.075074 0.013255 -0.996401 0.037062 
1710051925.204098 91.512445 -9.391982 12.858291 0.074247 0.009536 -0.996676 0.032139 
1710051925.304974 91.421087 -9.386672 12.843441 0.073501 0.007880 -0.996838 0.029135 
1710051925.405966 91.307643 -9.405744 12.821290 0.077955 0.012209 -0.996439 0.029718 
1710051925.506770 91.212457 -9.425484 12.820841 0.075674 0.012669 -0.996621 0.029315 
1710051925.607922 91.115907 -9.435320 12.819831 0.076495 0.013241 -0.996594 0.027815 
1710051925.708659 91.024183 -9.451306 12.793627 0.075818 0.016612 -0.996542 0.029652 
1710051925.809353 90.932670 -9.454867 12.748906 0.077450 0.009366 -0.996780 0.018510 
1710051925.910132 90.885473 -9.468132 12.739721 0.078489 0.002521 -0.996911 0.001216 
1710051926.011464 90.825838 -9.465999 12.742251 0.078094 -0.006222 -0.996573 -0.026560 
1710051926.111873 90.725958 -9.473788 12.761301 0.079577 -0.001270 -0.996094 -0.038254 
1710051926.212699 90.633975 -9.489915 12.749916 0.083850 0.001510 -0.995391 -0.046516 
1710051926.313731 90.539522 -9.495438 12.742453 0.083113 0.005833 -0.995390 -0.047500 
1710051926.414793 90.436945 -9.482493 12.735873 0.080155 0.011962 -0.995606 -0.046906 
1710051926.515715 90.332319 -9.478497 12.706834 0.081756 0.013335 -0.995470 -0.046673 
1710051926.616276 90.243338 -9.456243 12.705149 0.078445 0.011858 -0.995752 -0.046728 
1710051926.717134 90.162564 -9.442088 12.683245 0.077454 0.011638 -0.995958 -0.043966 
1710051926.817860 90.056933 -9.454602 12.667401 0.075579 0.015638 -0.996346 -0.036583 
1710051926.918745 89.939828 -9.480438 12.634036 0.077268 0.018243 -0.996228 -0.035028 
1710051927.019781 89.856144 -9.503601 12.626468 0.074856 0.013854 -0.996381 -0.037804 
1710051927.120428 89.769445 -9.507911 12.616753 0.073041 0.012830 -0.996513 -0.038248 
1710051927.221276 89.671338 -9.520477 12.604836 0.076239 0.012856 -0.996369 -0.035645 
1710051927.322248 89.567822 -9.510712 12.584967 0.076381 0.013372 -0.996274 -0.037763 
1710051927.423372 89.483869 -9.517355 12.583980 0.074809 0.012374 -0.996498 -0.035249 
1710051927.524751 89.389302 -9.522367 12.565165 0.072998 0.009062 -0.996628 -0.036367 
1710051927.624856 89.282637 -9.521256 12.537867 0.075404 0.011159 -0.996401 -0.037086 
1710051927.725581 89.191034 -9.513740 12.528677 0.073412 0.011721 -0.996542 -0.037123 
1710051927.828162 89.113511 -9.516459 12.522160 0.073103 0.009413 -0.996564 -0.037780 
1710051927.927285 89.011786 -9.499834 12.513158 0.073544 0.014650 -0.996622 -0.033487 
1710051928.028571 88.921429 -9.509876 12.488792 0.075000 0.014248 -0.996730 -0.026480 
1710051928.129190 88.850011 -9.511035 12.497527 0.073478 0.013791 -0.996826 -0.027369 
1710051928.229880 88.772106 -9.512512 12.490808 0.073822 0.012213 -0.996793 -0.028359 
1710051928.330913 88.674823 -9.502207 12.474107 0.074102 0.011733 -0.996821 -0.026820 
1710051928.431659 88.586741 -9.499196 12.444634 0.075733 0.018619 -0.996852 -0.014316 
1710051928.532450 88.512530 -9.497933 12.434339 0.072265 0.024073 -0.997094 0.001571 
1710051928.633345 88.424053 -9.499953 12.431231 0.070740 0.023344 -0.997200 0.006556 
1710051928.734372 88.303471 -9.511084 12.422543 0.073176 0.015124 -0.997181 0.006818 
1710051928.840341 88.204925 -9.516182 12.415826 0.072337 0.010850 -0.997305 0.005715 
1710051928.935976 88.127385 -9.507291 12.396427 0.071895 0.010205 -0.997343 0.005820 
1710051929.036807 88.022144 -9.508633 12.368371 0.071266 0.010298 -0.997382 0.006725 
1710051929.137620 87.908322 -9.501674 12.340881 0.074386 0.011952 -0.997138 0.006298 
1710051929.238504 87.821492 -9.503069 12.341390 0.073519 0.010352 -0.997219 0.006493 
1710051929.339705 87.736362 -9.514948 12.314155 0.072492 0.013093 -0.997262 0.006456 
1710051929.443974 87.626275 -9.524244 12.287803 0.073657 0.013260 -0.997168 0.007350 
1710051929.541341 87.547577 -9.540874 12.265616 0.074931 0.010339 -0.997118 0.005846 
1710051929.643245 87.463338 -9.539930 12.264857 0.074302 0.010462 -0.997159 0.006559 
1710051929.743557 87.376119 -9.545986 12.249083 0.073298 0.011940 -0.997224 0.005360 
1710051929.843627 87.269328 -9.560968 12.227786 0.076215 0.012199 -0.997004 0.005010 
1710051929.944592 87.195955 -9.560454 12.232712 0.073477 0.011922 -0.997208 0.005943 
1710051930.045835 87.119204 -9.569167 12.228608 0.072909 0.012013 -0.997251 0.005470 
1710051930.146218 87.014584 -9.574319 12.218473 0.072494 0.013656 -0.997253 0.006618 
1710051930.247073 86.912191 -9.590401 12.216127 0.072695 0.009700 -0.997290 0.005785 
1710051930.347927 86.840115 -9.601806 12.210046 0.072711 0.010869 -0.997275 0.006069 
1710051930.448780 86.753959 -9.615937 12.196609 0.072094 0.010597 -0.997323 0.006156 
1710051930.549727 86.647642 -9.624566 12.173888 0.075040 0.012136 -0.997093 0.005201 
1710051930.650500 86.540594 -9.637829 12.161101 0.075503 0.011708 -0.997062 0.005434 
1710051930.751458 86.459594 -9.641100 12.152982 0.073642 0.010191 -0.997218 0.005438 
1710051930.852203 86.371665 -9.640267 12.129478 0.072986 0.014138 -0.997205 0.007410 
1710051930.953402 86.252656 -9.638585 12.111329 0.074268 0.012466 -0.997144 0.005749 
1710051931.054289 86.166315 -9.636153 12.106873 0.073972 0.009265 -0.997196 0.006443 
1710051931.154780 86.086400 -9.635504 12.102476 0.072978 0.010267 -0.997263 0.005949 
1710051931.255655 85.982719 -9.632646 12.073153 0.074959 0.010882 -0.997109 0.006019 
1710051931.356687 85.876770 -9.647955 12.055532 0.073956 0.010756 -0.997186 0.005926 
1710051931.458369 85.795093 -9.660899 12.053232 0.074280 0.010497 -0.997168 0.005237 
1710051931.558239 85.711329 -9.668018 12.035891 0.074312 0.012783 -0.997129 0.007001 
1710051931.659372 85.606179 -9.667211 12.026012 0.075357 0.014341 -0.997034 0.006210 
1710051931.759944 85.508412 -9.676622 12.011800 0.075611 0.011135 -0.997053 0.006699 
1710051931.860814 85.429043 -9.681295 12.004612 0.072890 0.011135 -0.997252 0.007141 
1710051931.962284 85.326488 -9.694219 11.988186 0.075714 0.011769 -0.997044 0.005632 
1710051932.064530 85.217289 -9.709713 11.967260 0.076307 0.014036 -0.996970 0.005601 
1710051932.163516 85.138305 -9.713790 11.965182 0.073906 0.013502 -0.997159 0.005513 
1710051932.266651 85.065719 -9.726021 11.950519 0.072072 0.010953 -0.997322 0.005859 
1710051932.365093 84.979331 -9.736593 11.928444 0.072741 0.014937 -0.997221 0.006055 
1710051932.465948 84.878275 -9.735448 11.925040 0.070468 0.012135 -0.997424 0.005633 
1710051932.566800 84.804682 -9.736243 11.917460 0.071428 0.012178 -0.997350 0.006597 
1710051932.668019 84.720691 -9.736364 11.905295 0.071923 0.009407 -0.997345 0.006387 
1710051932.768622 84.604045 -9.739392 11.877192 0.075571 0.010165 -0.997072 0.005831 
1710051932.869370 84.517039 -9.756374 11.870254 0.075527 0.009226 -0.997087 0.005302 
1710051932.972121 84.442216 -9.755563 11.868593 0.074255 0.012434 -0.997146 0.005611 
1710051933.071177 84.338753 -9.772028 11.830521 0.076273 0.014692 -0.996953 0.007144 
1710051933.172013 84.228127 -9.775619 11.810800 0.078230 0.011137 -0.996860 0.005164 
1710051933.272871 84.137834 -9.772563 11.798123 0.076756 0.009907 -0.996976 0.007062 
1710051933.374639 84.051366 -9.775065 11.802614 0.076375 0.011415 -0.996995 0.006128 
1710051933.474607 83.947006 -9.788090 11.772050 0.079941 0.013766 -0.996691 0.005198 
1710051933.576103 83.844894 -9.782593 11.763014 0.077093 0.014390 -0.996898 0.006600 
1710051933.676455 83.764271 -9.783401 11.759747 0.076223 0.011272 -0.997015 0.004964 
1710051933.777196 83.673140 -9.790044 11.746992 0.074599 0.014798 -0.997076 0.007496 
1710051933.878004 83.580835 -9.784242 11.724635 0.076861 0.014808 -0.996908 0.006894 
1710051933.978965 83.480016 -9.790591 11.718479 0.075789 0.012447 -0.997026 0.006277 
1710051934.080036 83.398421 -9.796166 11.720289 0.075534 0.012003 -0.997047 0.006926 
1710051934.180568 83.311462 -9.812698 11.693794 0.076447 0.011435 -0.996992 0.005684 
1710051934.281701 83.205603 -9.831190 11.682162 0.079340 0.014724 -0.996718 0.006422 
1710051934.382618 83.116291 -9.856120 11.683713 0.077576 0.012586 -0.996890 0.005746 
1710051934.483591 83.034140 -9.871666 11.679123 0.074784 0.010737 -0.997122 0.006283 
1710051934.583977 82.936185 -9.892594 11.658903 0.077869 0.012274 -0.996869 0.006205 
1710051934.684874 82.839163 -9.898692 11.652246 0.076401 0.009368 -0.997019 0.005295 
1710051934.786072 82.765833 -9.902841 11.650495 0.076366 0.010099 -0.997001 0.007467 
1710051934.886573 82.679464 -9.908062 11.623760 0.074198 0.010741 -0.997170 0.005612 
1710051934.987431 82.566962 -9.913765 11.590917 0.077155 0.010223 -0.996948 0.006039 
1710051935.088368 82.481361 -9.908664 11.573579 0.075645 0.009872 -0.997070 0.005682 
1710051935.189175 82.405823 -9.906671 11.574963 0.075556 0.011072 -0.997065 0.005399 
1710051935.290490 82.316083 -9.910454 11.540307 0.074996 0.012900 -0.997073 0.007429 
1710051935.390863 82.214371 -9.915067 11.510113 0.076931 0.010977 -0.996959 0.005751 
1710051935.491765 82.139455 -9.909499 11.513004 0.076104 0.010473 -0.997018 0.007279 
1710051935.592832 82.059932 -9.904192 11.515446 0.075100 0.011382 -0.997088 0.006851 
1710051935.693591 81.954070 -9.910521 11.501253 0.078145 0.012574 -0.996841 0.006611 
1710051935.794375 81.862619 -9.924130 11.480101 0.076955 0.014868 -0.996900 0.006876 
1710051935.895148 81.789838 -9.935148 11.467375 0.075039 0.010839 -0.997103 0.006122 
1710051935.996220 81.698403 -9.940565 11.460132 0.074528 0.014664 -0.997088 0.006724 
1710051936.096923 81.591101 -9.938614 11.426973 0.075465 0.013465 -0.997040 0.005888 
1710051936.197728 81.491351 -9.944390 11.423815 0.073434 0.009914 -0.997230 0.006440 
1710051936.298585 81.413435 -9.953934 11.401877 0.074818 0.011984 -0.997099 0.007292 
1710051936.399590 81.325326 -9.968007 11.389592 0.076751 0.009042 -0.996992 0.005909 
1710051936.500340 81.226320 -9.982746 11.375078 0.080423 0.011540 -0.996671 0.006703 
1710051936.601171 81.145756 -9.995143 11.376808 0.079154 0.010994 -0.996789 0.005054 
1710051936.702381 81.063186 -9.997321 11.377884 0.076483 0.011635 -0.996986 0.005733 
1710051936.805070 80.963790 -10.010177 11.338953 0.079385 0.012883 -0.996739 0.006602 
1710051936.903857 80.877729 -9.999294 11.320279 0.079095 0.010670 -0.996791 0.006221 
1710051937.004621 80.798475 -10.000061 11.323973 0.077483 0.010334 -0.996914 0.007195 
1710051937.105566 80.696751 -10.008181 11.306461 0.076683 0.010802 -0.996979 0.005962 
1710051937.207438 80.571051 -10.018017 11.272166 0.079257 0.012331 -0.996760 0.006037 
1710051937.307533 80.475086 -10.024173 11.259570 0.076818 0.011185 -0.996966 0.005796 
1710051937.408554 80.404179 -10.023263 11.260964 0.077224 0.011251 -0.996938 0.004981 
1710051937.509286 80.313009 -10.021760 11.239155 0.074658 0.015794 -0.997059 0.007026 
1710051937.609888 80.211380 -10.035872 11.219361 0.077867 0.012634 -0.996867 0.005849 
1710051937.710909 80.130467 -10.044080 11.213710 0.077482 0.010890 -0.996908 0.007271 
1710051937.811550 80.048979 -10.049369 11.204792 0.075596 0.012476 -0.997041 0.006192 
1710051937.912440 79.951467 -10.054860 11.200969 0.078601 0.012237 -0.996815 0.005679 
1710051938.013316 79.861683 -10.068019 11.184577 0.079045 0.014680 -0.996742 0.006433 
1710051938.114411 79.793045 -10.074757 11.168151 0.075497 0.011642 -0.997063 0.005540 
1710051938.214896 79.700146 -10.079307 11.169029 0.073449 0.012859 -0.997197 0.006174 
1710051938.315920 79.601697 -10.087515 11.150500 0.075628 0.013426 -0.997023 0.006785 
1710051938.416788 79.533019 -10.089025 11.166532 0.073333 0.010876 -0.997233 0.005452 
1710051938.517479 79.458287 -10.095288 11.149512 0.072074 0.012038 -0.997300 0.007265 
1710051938.618336 79.348375 -10.106996 11.127341 0.070621 0.007716 -0.997457 0.005789 
1710051938.719311 79.233969 -10.115013 11.104533 0.074000 0.011095 -0.997177 0.006171 
1710051938.820068 79.146234 -10.116439 11.099547 0.072812 0.009760 -0.997284 0.005221 
1710051938.921108 79.062464 -10.119990 11.078119 0.070320 0.011939 -0.997437 0.005637 
1710051939.021777 78.951959 -10.119952 11.040741 0.073112 0.012381 -0.997226 0.006505 
1710051939.122741 78.853849 -10.105034 11.027244 0.074563 0.009264 -0.997160 0.005240 
1710051939.223543 78.777693 -10.102892 11.040478 0.073155 0.011610 -0.997225 0.007459 
1710051939.324593 78.688523 -10.101150 11.028031 0.071764 0.010857 -0.997347 0.005542 
1710051939.425545 78.580916 -10.106112 11.002717 0.075779 0.012820 -0.997025 0.005921 
1710051939.527043 78.492294 -10.113493 10.987693 0.072166 0.013078 -0.997289 0.005967 
1710051939.627054 78.429328 -10.113164 10.981642 0.072394 0.011133 -0.997299 0.005555 
1710051939.728046 78.331956 -10.114529 10.974893 0.071464 0.013948 -0.997322 0.006829 
1710051939.828716 78.227602 -10.113041 10.956058 0.074165 0.011412 -0.997165 0.005585 
1710051939.932319 78.143079 -10.113944 10.950879 0.072022 0.010670 -0.997325 0.006529 
1710051940.030508 78.059177 -10.107741 10.937561 0.070754 0.011307 -0.997408 0.006635 
1710051940.135306 77.958654 -10.110512 10.924693 0.073835 0.010845 -0.997195 0.005665 
1710051940.232526 77.871218 -10.123575 10.922896 0.076289 0.013707 -0.996971 0.006320 
1710051940.332932 77.798648 -10.130777 10.911043 0.073536 0.011942 -0.997208 0.005191 
1710051940.433811 77.707672 -10.130635 10.888910 0.070519 0.013417 -0.997403 0.005904 
1710051940.534707 77.595182 -10.129966 10.876060 0.074589 0.011853 -0.997127 0.005719 
1710051940.635533 77.512685 -10.126422 10.870306 0.073547 0.010707 -0.997217 0.005879 
1710051940.736402 77.436803 -10.138725 10.854181 0.072527 0.011559 -0.997281 0.006092 
1710051940.837246 77.340406 -10.144591 10.819136 0.071364 0.011427 -0.997369 0.005591 
1710051940.938645 77.248710 -10.149274 10.812916 0.075427 0.011837 -0.997063 0.005932 
1710051941.038985 77.173199 -10.159929 10.817045 0.074400 0.011417 -0.997151 0.004996 
1710051941.140027 77.089648 -10.164921 10.795168 0.074149 0.012521 -0.997151 0.005986 
1710051941.240876 76.969581 -10.167697 10.774236 0.074670 0.013255 -0.997100 0.006308 
1710051941.341634 76.876913 -10.175484 10.757226 0.076741 0.010337 -0.996981 0.005786 
1710051941.442510 76.791041 -10.177219 10.746678 0.074942 0.010975 -0.997104 0.006876 
1710051941.543560 76.690832 -10.164130 10.732337 0.074224 0.012836 -0.997144 0.005423 
1710051941.644294 76.586710 -10.165468 10.710943 0.077486 0.014354 -0.996870 0.006303 
1710051941.744971 76.489544 -10.169852 10.706281 0.074624 0.014220 -0.997092 0.005967 
1710051941.845965 76.415840 -10.190764 10.693203 0.074036 0.012932 -0.997157 0.005426 
1710051941.946896 76.322034 -10.200496 10.692961 0.074248 0.016466 -0.997083 0.006395 
1710051942.047614 76.212371 -10.213201 10.683919 0.074645 0.011801 -0.997126 0.005416 
1710051942.148502 76.124756 -10.224968 10.672443 0.074540 0.012228 -0.997118 0.007078 
1710051942.249438 76.046293 -10.230724 10.659445 0.073802 0.010728 -0.997200 0.005523 
1710051942.350125 75.931390 -10.230524 10.636321 0.077935 0.011661 -0.996872 0.006033 
1710051942.450991 75.840770 -10.230111 10.636350 0.078990 0.012320 -0.996781 0.006107 
1710051942.551859 75.763387 -10.237638 10.623738 0.076333 0.011405 -0.997003 0.005250 
1710051942.652800 75.674687 -10.241694 10.596187 0.077143 0.014337 -0.996899 0.005908 
1710051942.753580 75.566284 -10.244927 10.586467 0.077532 0.011942 -0.996906 0.005040 
1710051942.854561 75.482170 -10.244040 10.577568 0.076288 0.011314 -0.997000 0.006527 
1710051942.956712 75.394242 -10.251436 10.564570 0.075577 0.012411 -0.997047 0.005532 
1710051943.056205 75.295656 -10.254395 10.525840 0.078293 0.013555 -0.996821 0.005886 
1710051943.157386 75.185816 -10.255619 10.512478 0.075070 0.013706 -0.997069 0.005417 
1710051943.257896 75.113279 -10.266749 10.512682 0.074301 0.011585 -0.997153 0.005559 
1710051943.359098 75.030313 -10.287593 10.489117 0.073988 0.014339 -0.997135 0.006555 
1710051943.459586 74.920688 -10.300968 10.481003 0.076842 0.014212 -0.996925 0.005809 
1710051943.560537 74.835208 -10.305290 10.468967 0.075865 0.011375 -0.997030 0.006757 
1710051943.661693 74.755280 -10.303848 10.458727 0.073428 0.011472 -0.997215 0.006177 
1710051943.762158 74.657269 -10.300615 10.436487 0.076136 0.012862 -0.996997 0.005958 
1710051943.863011 74.553229 -10.305099 10.423025 0.076249 0.015515 -0.996948 0.006271 
1710051943.963959 74.471801 -10.317099 10.424495 0.073896 0.012763 -0.997169 0.005458 
1710051944.064751 74.391159 -10.329602 10.411544 0.072521 0.012918 -0.997265 0.006027 
1710051944.165762 74.292784 -10.330090 10.401975 0.074081 0.014110 -0.997132 0.006411 
1710051944.266634 74.184597 -10.317366 10.408710 0.072575 0.011257 -0.997284 0.005531 
1710051944.367303 74.109038 -10.321059 10.402477 0.072984 0.011161 -0.997241 0.007703 
1710051944.468175 74.014870 -10.330952 10.376248 0.072601 0.010268 -0.997290 0.005963 
1710051944.569023 73.896089 -10.341155 10.342277 0.075899 0.011214 -0.997029 0.006811 
1710051944.670047 73.806777 -10.347039 10.333903 0.074093 0.012675 -0.997153 0.005946 
1710051944.770730 73.721716 -10.355168 10.327049 0.072444 0.011691 -0.997288 0.005630 
1710051944.871964 73.647261 -10.358059 10.292074 0.074748 0.013808 -0.997085 0.006567 
1710051944.972459 73.550103 -10.370137 10.274151 0.075330 0.011727 -0.997077 0.005118 
1710051945.073350 73.476664 -10.363708 10.269048 0.072977 0.011659 -0.997243 0.006659 
1710051945.175214 73.392509 -10.363870 10.264729 0.071686 0.011983 -0.997337 0.006110 
1710051945.275387 73.277728 -10.363181 10.234676 0.075162 0.012737 -0.997074 0.005723 
1710051945.377214 73.179237 -10.383297 10.221843 0.072464 0.013621 -0.997262 0.005612 
1710051945.479942 73.098659 -10.400539 10.219560 0.072339 0.011522 -0.997296 0.005859 
1710051945.578516 73.012137 -10.425659 10.200544 0.071146 0.013874 -0.997343 0.007293 
1710051945.678470 72.913904 -10.418948 10.178125 0.074306 0.012208 -0.997139 0.006587 
1710051945.781362 72.817676 -10.406996 10.177372 0.072870 0.010971 -0.997258 0.006835 
1710051945.880302 72.743678 -10.400104 10.175857 0.071558 0.011696 -0.997341 0.007344 
1710051945.981111 72.644213 -10.384607 10.170081 0.074756 0.011498 -0.997122 0.005236 
1710051946.082103 72.542010 -10.386983 10.162936 0.077030 0.013922 -0.996908 0.006857 
1710051946.184444 72.466778 -10.401678 10.154710 0.073969 0.013134 -0.997156 0.005917 
1710051946.283627 72.387760 -10.416351 10.147523 0.072101 0.013131 -0.997291 0.006367 
1710051946.384655 72.282100 -10.430429 10.123803 0.074286 0.011949 -0.997141 0.006902 
1710051946.485434 72.177157 -10.434295 10.121130 0.072571 0.010378 -0.997291 0.006051 
1710051946.586212 72.093033 -10.429750 10.113665 0.073154 0.011010 -0.997233 0.007378 
1710051946.687248 72.002028 -10.424789 10.087027 0.072757 0.010304 -0.997278 0.006049 
1710051946.787993 71.885207 -10.425447 10.067162 0.076685 0.012323 -0.996961 0.005987 
1710051946.888984 71.800233 -10.434298 10.045920 0.073561 0.011863 -0.997200 0.006408 
1710051946.989646 71.724566 -10.441714 10.037199 0.073277 0.012326 -0.997218 0.005889 
1710051947.090883 71.626253 -10.446716 10.003814 0.074529 0.013966 -0.997094 0.007412 
1710051947.191627 71.522207 -10.447491 9.974800 0.076193 0.010908 -0.997020 0.005097 
1710051947.292388 71.447103 -10.447421 9.973379 0.074789 0.011617 -0.997112 0.006255 
1710051947.393258 71.363579 -10.445938 9.970674 0.073528 0.011635 -0.997208 0.005888 
1710051947.496566 71.254519 -10.450151 9.953224 0.076746 0.013112 -0.996942 0.006718 
1710051947.595186 71.165374 -10.456916 9.947080 0.075875 0.015071 -0.996973 0.007761 
1710051947.695662 71.076732 -10.476920 9.953765 0.075228 0.016861 -0.996882 0.016815 
1710051947.796509 70.984739 -10.503012 9.946100 0.073189 0.025822 -0.996438 0.032986 
1710051947.897358 70.871205 -10.540355 9.920554 0.073423 0.027678 -0.995749 0.048231 
1710051947.998415 70.773767 -10.563320 9.921111 0.071032 0.029941 -0.994730 0.067607 
1710051948.099106 70.699262 -10.587078 9.900285 0.069437 0.031580 -0.993277 0.087072 
1710051948.200155 70.609342 -10.601765 9.883800 0.068106 0.029363 -0.991980 0.102347 
1710051948.300837 70.526711 -10.618568 9.872339 0.070801 0.029016 -0.990835 0.111321 
1710051948.401661 70.464565 -10.629153 9.854231 0.068785 0.021176 -0.991009 0.112786 
1710051948.502593 70.401975 -10.637680 9.862194 0.067558 0.017792 -0.991333 0.111256 
1710051948.603426 70.300468 -10.664711 9.821857 0.069022 0.019753 -0.990997 0.113006 
1710051948.704239 70.208200 -10.684848 9.801961 0.070562 0.014654 -0.991197 0.111059 
1710051948.805115 70.137182 -10.709674 9.800626 0.069811 0.014066 -0.991039 0.113005 
1710051948.906096 70.036376 -10.726072 9.792349 0.069680 0.013905 -0.991219 0.111518 
1710051949.011405 69.925644 -10.759887 9.770616 0.073548 0.017835 -0.990881 0.111482 
1710051949.107851 69.849589 -10.784201 9.758206 0.070389 0.015765 -0.991188 0.111100 
1710051949.208784 69.771500 -10.808895 9.754926 0.070928 0.014765 -0.991210 0.110700 
1710051949.309478 69.674950 -10.844425 9.733253 0.068882 0.016718 -0.991188 0.111904 
1710051949.411070 69.568699 -10.876824 9.707453 0.071563 0.013834 -0.991132 0.111111 
1710051949.513186 69.489636 -10.902013 9.716206 0.071136 0.012352 -0.991110 0.111751 
1710051949.612277 69.409334 -10.909737 9.703132 0.068664 0.014759 -0.991289 0.111418 
1710051949.712999 69.294358 -10.926479 9.692218 0.071135 0.014930 -0.990952 0.112829 
1710051949.813688 69.202283 -10.943271 9.676965 0.071689 0.017427 -0.990929 0.112326 
1710051949.914696 69.123078 -10.954933 9.667921 0.069320 0.015866 -0.991323 0.110553 
1710051950.015540 69.045722 -11.010246 9.632416 0.066248 0.014448 -0.991657 0.109633 
1710051950.116261 68.952258 -11.076069 9.618687 0.069764 0.006754 -0.993086 0.094172 
1710051950.217442 68.882416 -11.111517 9.619291 0.069830 -0.001454 -0.994852 0.073425 
1710051950.319932 68.822547 -11.158198 9.607792 0.074082 -0.011112 -0.996288 0.042416 
1710051950.418849 68.749297 -11.160920 9.594607 0.073558 -0.020478 -0.997033 0.009734 
1710051950.519692 68.679542 -11.167385 9.583964 0.077888 -0.023218 -0.996326 -0.027011 
1710051950.620862 68.613514 -11.129834 9.590090 0.075769 -0.025527 -0.994910 -0.061339 
1710051950.721416 68.524093 -11.087296 9.599003 0.074718 -0.020200 -0.992954 -0.089729 
1710051950.823767 68.399995 -11.045829 9.574255 0.076441 -0.009695 -0.991735 -0.102592 
1710051950.923337 68.282619 -11.006155 9.554591 0.076322 -0.006267 -0.990509 -0.114139 
1710051951.024045 68.187356 -10.962535 9.554522 0.075812 0.002107 -0.990560 -0.114184 
1710051951.124881 68.071178 -10.921761 9.531876 0.074667 0.007054 -0.990650 -0.113964 
1710051951.225935 67.959131 -10.879354 9.495978 0.076975 0.010685 -0.990519 -0.113278 
1710051951.326680 67.869381 -10.854995 9.491889 0.074585 0.009664 -0.990804 -0.112478 
1710051951.427469 67.800722 -10.834843 9.486393 0.073896 0.008051 -0.990752 -0.113513 
1710051951.531732 67.706096 -10.830273 9.482113 0.071300 0.007683 -0.990815 -0.114643 
1710051951.629372 67.629888 -10.821740 9.467124 0.075217 0.000628 -0.989281 -0.125164 
1710051951.730016 67.559394 -10.814471 9.468578 0.072571 -0.002935 -0.987467 -0.140123 
1710051951.830867 67.485981 -10.807332 9.450683 0.072007 -0.007324 -0.985293 -0.154786 
1710051951.933811 67.387410 -10.797970 9.436623 0.073000 -0.008269 -0.983137 -0.167467 
1710051952.035946 67.304198 -10.754838 9.432120 0.076736 -0.006198 -0.980428 -0.181202 
1710051952.133453 67.216397 -10.731244 9.423145 0.074076 -0.007349 -0.977841 -0.195668 
1710051952.234531 67.118904 -10.701194 9.410601 0.070382 -0.008796 -0.974764 -0.211670 
1710051952.335840 67.005108 -10.664592 9.385552 0.073286 -0.012838 -0.970780 -0.228144 
1710051952.436016 66.915955 -10.618644 9.378467 0.071386 -0.011917 -0.967695 -0.241513 
1710051952.536870 66.837320 -10.569929 9.365913 0.070852 -0.013510 -0.964346 -0.254624 
1710051952.640513 66.743986 -10.483813 9.335388 0.069963 -0.013368 -0.959787 -0.271543 
1710051952.738594 66.645848 -10.444363 9.311004 0.069960 -0.014168 -0.955975 -0.284635 
1710051952.839495 66.570268 -10.396521 9.305102 0.069567 -0.013008 -0.952181 -0.297226 
1710051952.944170 66.509509 -10.327993 9.280509 0.069805 -0.006994 -0.950738 -0.301952 
1710051953.042060 66.424453 -10.253230 9.260181 0.071609 -0.006221 -0.949915 -0.304129 
1710051953.142387 66.357082 -10.222013 9.251650 0.072219 -0.007724 -0.947948 -0.310032 
1710051953.243623 66.280225 -10.209259 9.252749 0.070232 -0.008362 -0.945926 -0.316577 
1710051953.344602 66.204347 -10.154079 9.240983 0.071197 -0.008820 -0.941970 -0.327941 
1710051953.444619 66.123410 -10.090380 9.226585 0.072052 -0.007978 -0.939261 -0.335460 
1710051953.548446 66.049867 -10.037797 9.231327 0.067951 -0.011501 -0.935666 -0.346093 
1710051953.646363 66.006336 -9.995212 9.221546 0.065978 -0.010347 -0.933045 -0.353507 
1710051953.747519 65.948832 -9.910233 9.220188 0.065963 -0.009875 -0.931818 -0.356743 
1710051953.848093 65.877899 -9.833528 9.221065 0.064843 -0.009940 -0.929758 -0.362281 
1710051953.948972 65.828272 -9.761746 9.210553 0.060865 -0.007466 -0.925906 -0.372743 
1710051954.049798 65.767593 -9.679806 9.194881 0.056284 -0.011019 -0.919592 -0.388666 
1710051954.150625 65.692929 -9.588141 9.165698 0.057884 -0.013975 -0.914677 -0.399775 
1710051954.251638 65.628779 -9.524426 9.159147 0.054681 -0.012662 -0.910667 -0.409312 
1710051954.352461 65.565868 -9.477722 9.150332 0.056380 -0.009767 -0.908611 -0.413705 
1710051954.453286 65.498989 -9.410176 9.125499 0.057965 -0.003504 -0.909681 -0.411228 
1710051954.554066 65.424922 -9.338760 9.119145 0.061081 -0.004616 -0.909213 -0.411799 
1710051954.654918 65.383013 -9.265827 9.116846 0.058888 -0.003785 -0.907358 -0.416197 
1710051954.756069 65.330196 -9.190191 9.120770 0.052728 -0.007153 -0.901041 -0.430457 
1710051954.857024 65.265713 -9.110923 9.095448 0.052956 -0.012334 -0.893477 -0.445805 
1710051954.957943 65.210217 -9.020543 9.101533 0.051823 -0.012523 -0.886738 -0.459187 
1710051955.058418 65.160344 -8.960919 9.097382 0.049888 -0.017600 -0.879091 -0.473709 
1710051955.159304 65.115818 -8.914801 9.057388 0.051706 -0.013155 -0.876352 -0.478706 
1710051955.260363 65.041906 -8.840123 9.042220 0.057974 -0.008712 -0.876844 -0.477187 
1710051955.361179 64.970982 -8.787944 9.034829 0.059417 -0.005617 -0.877481 -0.475883 
1710051955.461796 64.920505 -8.729805 9.038368 0.056865 -0.003383 -0.878207 -0.474877 
1710051955.562966 64.864571 -8.654575 9.033203 0.059080 -0.006500 -0.877075 -0.476662 
1710051955.663496 64.798990 -8.565000 9.014880 0.064760 -0.006037 -0.877311 -0.475494 
1710051955.765950 64.746231 -8.502763 9.013426 0.060356 -0.004559 -0.876588 -0.477419 
1710051955.865215 64.698097 -8.433651 9.006640 0.056854 -0.003998 -0.876527 -0.477967 
1710051955.967977 64.638212 -8.339695 9.001790 0.055124 -0.003574 -0.876341 -0.478513 
1710051956.067827 64.597103 -8.240176 9.012338 0.049239 -0.005746 -0.870434 -0.489782 
1710051956.169457 64.571318 -8.126133 9.056243 0.037182 -0.005413 -0.862442 -0.504759 
1710051956.268796 64.530759 -8.065027 9.057199 0.019452 -0.001463 -0.854988 -0.518281 
1710051956.369523 64.466359 -7.996902 9.050116 0.009436 0.010089 -0.852018 -0.523329 
1710051956.470434 64.419245 -7.937445 9.063499 -0.004862 0.022069 -0.851475 -0.523907 
1710051956.571302 64.376225 -7.881626 9.095186 -0.023789 0.041903 -0.851105 -0.522779 
1710051956.672261 64.332322 -7.805057 9.099324 -0.042903 0.054689 -0.851073 -0.520425 
1710051956.773000 64.292020 -7.733045 9.120247 -0.059323 0.064081 -0.848980 -0.521159 
1710051956.873978 64.258033 -7.660557 9.096471 -0.077130 0.074241 -0.846736 -0.521131 
1710051956.974935 64.220483 -7.600095 9.073435 -0.087329 0.070692 -0.846897 -0.519751 
1710051957.075861 64.163115 -7.510434 9.046582 -0.086769 0.072926 -0.846600 -0.520021 
1710051957.176411 64.123556 -7.421820 9.026844 -0.080636 0.071173 -0.848278 -0.518514 
1710051957.277376 64.082933 -7.342999 9.043157 -0.071795 0.064952 -0.847428 -0.522009 
1710051957.378212 64.035682 -7.246540 9.046510 -0.058832 0.061428 -0.849717 -0.520333 
1710051957.479069 63.971945 -7.165805 9.054943 -0.041870 0.055816 -0.854913 -0.514057 
1710051957.579911 63.907882 -7.097641 9.110965 -0.026726 0.047792 -0.864115 -0.500307 
1710051957.680758 63.840526 -7.048382 9.124482 -0.009503 0.064581 -0.876908 -0.476205 
1710051957.781546 63.744557 -6.977282 9.146942 0.009486 0.055739 -0.891388 -0.449701 
1710051957.882394 63.666905 -6.939250 9.154069 0.019839 0.059990 -0.908704 -0.412631 
1710051957.984062 63.589923 -6.918716 9.182727 0.026106 0.055621 -0.923097 -0.379627 
1710051958.084144 63.511336 -6.881093 9.154689 0.034188 0.050519 -0.936626 -0.344980 
1710051958.185152 63.415236 -6.805204 9.150887 0.045529 0.046754 -0.948882 -0.308812 
1710051958.285930 63.346974 -6.758242 9.144642 0.046550 0.043535 -0.960095 -0.272314 
1710051958.386772 63.278783 -6.711411 9.135762 0.048295 0.042133 -0.970255 -0.233448 
1710051958.487567 63.197453 -6.673221 9.127899 0.052957 0.040236 -0.977679 -0.199301 
1710051958.589196 63.112670 -6.640945 9.123731 0.058131 0.046948 -0.983843 -0.162692 
1710051958.689291 63.040814 -6.598372 9.114843 0.058285 0.047004 -0.989491 -0.123701 
1710051958.790200 62.974746 -6.586334 9.102304 0.061273 0.045986 -0.993073 -0.089089 
1710051958.891164 62.881926 -6.550488 9.068338 0.063139 0.035285 -0.995191 -0.066059 
1710051958.992119 62.793637 -6.543882 9.069810 0.067373 0.030472 -0.996060 -0.048961 
1710051959.092801 62.723609 -6.530853 9.059299 0.066104 0.021061 -0.996761 -0.040671 
1710051959.196437 62.652382 -6.530405 9.044317 0.065326 0.012095 -0.996915 -0.041788 
1710051959.294904 62.552310 -6.518744 9.022075 0.067098 0.008945 -0.996726 -0.044221 
1710051959.395387 62.456915 -6.513956 9.024804 0.067029 0.011383 -0.996782 -0.042473 
1710051959.496267 62.390634 -6.512995 9.020074 0.067912 0.009848 -0.996653 -0.044418 
1710051959.597023 62.295197 -6.514662 9.004395 0.067213 0.009712 -0.996778 -0.042691 
1710051959.698214 62.195206 -6.496052 8.986227 0.071840 0.009027 -0.996473 -0.042413 
1710051959.798709 62.111799 -6.487830 8.987930 0.069865 0.007465 -0.996634 -0.042231 
1710051959.899741 62.037297 -6.481955 8.965852 0.068503 0.009595 -0.996678 -0.042990 
1710051960.000592 61.936128 -6.463076 8.955014 0.066774 0.008833 -0.996831 -0.042327 
1710051960.101349 61.833705 -6.458960 8.938113 0.069005 0.015771 -0.997019 -0.030717 
1710051960.205079 61.755938 -6.457402 8.937127 0.067878 0.016703 -0.997093 -0.030329 
1710051960.303078 61.671540 -6.445404 8.918056 0.065919 0.016676 -0.997188 -0.031495 
1710051960.403892 61.563049 -6.420993 8.902661 0.067543 0.012911 -0.997158 -0.030760 
1710051960.504769 61.472870 -6.404462 8.901228 0.068410 0.009440 -0.997120 -0.031351 
1710051960.605720 61.401562 -6.391456 8.905305 0.065787 0.009362 -0.997282 -0.031820 
1710051960.706504 61.306414 -6.386166 8.894807 0.063864 0.009488 -0.997408 -0.031764 
1710051960.807965 61.204355 -6.396285 8.884208 0.066431 0.011821 -0.997317 -0.028405 
1710051960.908531 61.129601 -6.419643 8.894592 0.065040 0.015606 -0.997563 -0.019871 
1710051961.009217 61.045632 -6.444617 8.884158 0.065757 0.024937 -0.997517 -0.003669 
1710051961.109891 60.944851 -6.454239 8.847746 0.063664 0.022807 -0.997706 0.003041 
1710051961.210860 60.840610 -6.428762 8.821533 0.067538 0.016362 -0.997579 0.002672 
1710051961.311825 60.762724 -6.404285 8.815758 0.068773 0.012369 -0.997553 0.002107 
1710051961.412460 60.677288 -6.383722 8.792471 0.068852 0.009372 -0.997581 0.002044 
1710051961.513787 60.589033 -6.354962 8.782079 0.070811 0.007561 -0.997460 0.001220 
1710051961.614183 60.488915 -6.373434 8.763168 0.074085 0.009432 -0.997205 0.002068 
1710051961.715063 60.414672 -6.394544 8.733330 0.071518 0.005456 -0.997424 -0.000910 
1710051961.815964 60.325753 -6.393794 8.716070 0.074059 0.008580 -0.997217 -0.000102 
1710051961.916779 60.225633 -6.390949 8.717979 0.078833 0.013871 -0.996790 0.001893 
1710051962.019866 60.130291 -6.390743 8.720143 0.077737 0.011383 -0.996908 0.001189 
1710051962.123910 60.054403 -6.388463 8.732542 0.078412 0.012768 -0.996836 0.002401 
1710051962.227935 59.953844 -6.385124 8.707863 0.071057 0.014400 -0.997358 0.004513 
1710051962.320278 59.848770 -6.391453 8.675578 0.074360 0.023377 -0.996865 0.013541 
1710051962.421079 59.760461 -6.412529 8.652920 0.073050 0.021648 -0.997026 0.011565 
1710051962.521916 59.674471 -6.418455 8.634764 0.074202 0.016366 -0.997042 0.011517 
1710051962.624106 59.565268 -6.441858 8.620869 0.072656 0.014245 -0.997178 0.012439 
1710051962.724128 59.462497 -6.449136 8.605118 0.075861 0.012521 -0.996976 0.011270 
1710051962.828109 59.375455 -6.456189 8.600533 0.073299 0.012258 -0.997158 0.012382 
1710051962.925449 59.292964 -6.475381 8.600183 0.071202 0.009172 -0.997356 0.011241 
1710051963.026211 59.183046 -6.468768 8.577953 0.072448 0.011122 -0.997254 0.010599 
1710051963.127059 59.103812 -6.465137 8.569070 0.072582 0.011391 -0.997236 0.011080 
1710051963.228012 59.024697 -6.455069 8.560817 0.068085 0.012111 -0.997553 0.010284 
1710051963.329061 58.926345 -6.451912 8.550929 0.067380 0.011114 -0.997587 0.012487 
1710051963.429673 58.820989 -6.453700 8.544193 0.069185 0.010872 -0.997471 0.012111 
1710051963.531981 58.731546 -6.450534 8.546031 0.068532 0.011488 -0.997517 0.011495 
1710051963.635839 58.648026 -6.459455 8.521966 0.066787 0.011728 -0.997632 0.011482 
1710051963.735705 58.554489 -6.468078 8.509676 0.066333 0.010264 -0.997695 0.009999 
1710051963.839893 58.464993 -6.496487 8.498478 0.069150 0.012339 -0.997479 0.010104 
1710051963.938314 58.391566 -6.514317 8.494802 0.068850 0.010320 -0.997521 0.010215 
1710051964.034801 58.297251 -6.519371 8.464143 0.065219 0.013393 -0.997724 0.010672 
1710051964.136060 58.191262 -6.530993 8.440331 0.069327 0.013207 -0.997438 0.011696 
1710051964.239655 58.095645 -6.530715 8.426101 0.070610 0.010698 -0.997393 0.010324 
1710051964.337466 58.025894 -6.529738 8.418960 0.069548 0.011232 -0.997459 0.010579 
1710051964.438234 57.936292 -6.542990 8.397346 0.067547 0.008345 -0.997634 0.009723 
1710051964.539139 57.824360 -6.548283 8.371847 0.069701 0.012345 -0.997431 0.011022 
1710051964.640197 57.729762 -6.558098 8.361390 0.068450 0.011064 -0.997537 0.010585 
1710051964.741771 57.648868 -6.554482 8.351036 0.068455 0.010158 -0.997563 0.008860 
1710051964.841828 57.550038 -6.550634 8.337156 0.069348 0.014400 -0.997418 0.011845 
1710051964.942660 57.445495 -6.550400 8.327857 0.072717 0.008679 -0.997262 0.010265 
1710051965.043484 57.368795 -6.556057 8.330285 0.073151 0.010893 -0.997187 0.012170 
1710051965.144236 57.290061 -6.559108 8.321764 0.072583 0.009866 -0.997255 0.010838 
1710051965.245436 57.186031 -6.552447 8.305226 0.075141 0.010785 -0.997064 0.010064 
1710051965.347735 57.102893 -6.549434 8.293670 0.078559 0.013501 -0.996758 0.010956 
1710051965.447820 57.018242 -6.559860 8.289527 0.076379 0.008829 -0.996996 0.009355 
1710051965.548464 56.919422 -6.555469 8.258676 0.074361 0.012409 -0.997086 0.011658 
1710051965.648632 56.806682 -6.560650 8.239531 0.076605 0.013322 -0.996908 0.011368 
1710051965.749391 56.717855 -6.556346 8.235607 0.075461 0.012856 -0.996996 0.011831 
1710051965.850827 56.611477 -6.567103 8.217520 0.072166 0.011245 -0.997263 0.011499 
1710051965.951797 56.507350 -6.579996 8.202271 0.072413 0.009920 -0.997267 0.010798 
1710051966.051975 56.413508 -6.599004 8.185863 0.071396 0.008326 -0.997358 0.010523 
1710051966.154364 56.337187 -6.606480 8.196564 0.072441 0.009709 -0.997275 0.010078 
1710051966.253944 56.244349 -6.601836 8.175016 0.072106 0.012548 -0.997251 0.011533 
1710051966.356324 56.126544 -6.590176 8.163362 0.074049 0.013089 -0.997096 0.012032 
1710051966.459450 56.047957 -6.592422 8.144317 0.073094 0.008847 -0.997214 0.011970 
1710051966.556430 55.967250 -6.596746 8.134533 0.071240 0.009314 -0.997347 0.011737 
1710051966.658253 55.872061 -6.592229 8.113999 0.072721 0.009975 -0.997250 0.010212 
1710051966.758316 55.778776 -6.597211 8.089652 0.075506 0.010883 -0.997027 0.010839 
1710051966.859044 55.697648 -6.612447 8.084219 0.072075 0.012374 -0.997266 0.010565 
1710051966.959840 55.623289 -6.632289 8.080794 0.072571 0.011738 -0.997239 0.010496 
1710051967.060570 55.516208 -6.648631 8.064763 0.072655 0.013919 -0.997199 0.011002 
1710051967.161566 55.417905 -6.663397 8.051554 0.071593 0.010384 -0.997327 0.010248 
1710051967.262390 55.337137 -6.665268 8.046739 0.073163 0.011109 -0.997192 0.011479 
1710051967.363791 55.238157 -6.667724 8.029831 0.073984 0.008384 -0.997154 0.011847 
1710051967.465249 55.124612 -6.676023 8.004638 0.075454 0.012120 -0.997018 0.010758 
1710051967.564980 55.040359 -6.697060 7.997257 0.072962 0.011715 -0.997218 0.009775 
1710051967.666533 54.968918 -6.709477 7.992939 0.071825 0.009409 -0.997322 0.010042 
1710051967.766598 54.879923 -6.711480 7.959960 0.072431 0.013004 -0.997220 0.011698 
1710051967.867457 54.780047 -6.717703 7.948932 0.074188 0.010973 -0.997126 0.010773 
1710051967.968331 54.703263 -6.714443 7.939583 0.070501 0.011231 -0.997385 0.011296 
1710051968.069221 54.626630 -6.716843 7.934602 0.067658 0.009998 -0.997600 0.010797 
1710051968.170262 54.528869 -6.724439 7.911975 0.069381 0.013557 -0.997430 0.011664 
1710051968.270866 54.424859 -6.733033 7.904328 0.067018 0.014845 -0.997581 0.010996 
1710051968.371789 54.333895 -6.745277 7.900870 0.067763 0.012401 -0.997574 0.010024 
1710051968.472771 54.241501 -6.751013 7.879990 0.068966 0.015617 -0.997427 0.011778 
1710051968.573550 54.124627 -6.771432 7.856391 0.071058 0.017175 -0.997269 0.010523 
1710051968.674892 54.032439 -6.773203 7.856299 0.070296 0.014330 -0.997349 0.012151 
1710051968.775300 53.963017 -6.778769 7.853085 0.070166 0.011376 -0.997398 0.012044 
1710051968.876060 53.866274 -6.788249 7.831002 0.072056 0.010438 -0.997294 0.010137 
1710051968.977382 53.755225 -6.801041 7.812777 0.073320 0.013887 -0.997147 0.011328 
1710051969.077885 53.687084 -6.814521 7.804679 0.071965 0.013778 -0.997261 0.010066 
1710051969.178601 53.608293 -6.819291 7.797666 0.071176 0.012925 -0.997321 0.010818 
1710051969.279578 53.499543 -6.825379 7.773094 0.075426 0.012631 -0.997002 0.011768 
1710051969.380331 53.404142 -6.822041 7.757620 0.075598 0.011128 -0.997018 0.010807 
1710051969.481399 53.328480 -6.807323 7.755782 0.073818 0.012871 -0.997110 0.012507 
1710051969.582078 53.242066 -6.800473 7.745155 0.072502 0.010911 -0.997246 0.011147 
1710051969.682922 53.129299 -6.809778 7.725691 0.075157 0.009529 -0.997057 0.011737 
1710051969.783784 53.045534 -6.810261 7.721691 0.072476 0.011019 -0.997247 0.011140 
1710051969.884676 52.967458 -6.823074 7.723816 0.072181 0.012467 -0.997262 0.010186 
1710051969.986336 52.868911 -6.848240 7.701181 0.070512 0.012269 -0.997356 0.012594 
1710051970.086476 52.747666 -6.864534 7.674150 0.073592 0.011946 -0.997154 0.011203 
1710051970.187241 52.666045 -6.880441 7.668641 0.076255 0.008492 -0.996975 0.012397 
1710051970.288094 52.584547 -6.874622 7.660788 0.073505 0.008609 -0.997176 0.012779 
1710051970.389030 52.491767 -6.855870 7.643560 0.074236 0.009534 -0.997144 0.010052 
1710051970.489793 52.388843 -6.855887 7.617723 0.075677 0.013367 -0.996973 0.011817 
1710051970.590849 52.311058 -6.868740 7.603194 0.074696 0.010185 -0.997102 0.010267 
1710051970.691665 52.214970 -6.877564 7.591089 0.072184 0.012946 -0.997239 0.011698 
1710051970.792629 52.104115 -6.875703 7.579135 0.076001 0.009575 -0.997007 0.010473 
1710051970.893287 52.015988 -6.872304 7.570474 0.072605 0.008598 -0.997266 0.010735 
1710051970.994096 51.947853 -6.865668 7.558281 0.072366 0.011383 -0.997249 0.011318 
1710051971.095014 51.860954 -6.862723 7.550384 0.071419 0.007367 -0.997356 0.011186 
1710051971.196637 51.760936 -6.860560 7.534694 0.074467 0.010471 -0.997108 0.011013 
1710051971.296962 51.680363 -6.861114 7.528335 0.072340 0.009660 -0.997280 0.010291 
1710051971.397576 51.603647 -6.857912 7.524167 0.070135 0.011964 -0.997407 0.010835 
1710051971.498419 51.499153 -6.857996 7.500194 0.072579 0.011377 -0.997215 0.012820 
1710051971.599882 51.395888 -6.855586 7.478684 0.072855 0.009978 -0.997238 0.010452 
1710051971.700078 51.325774 -6.854781 7.471195 0.070869 0.011199 -0.997347 0.012271 
1710051971.800976 51.238154 -6.864272 7.458298 0.069491 0.006846 -0.997490 0.011762 
1710051971.901865 51.120724 -6.862246 7.432706 0.073020 0.010716 -0.997207 0.011471 
1710051972.002679 51.034643 -6.875403 7.428300 0.070076 0.017080 -0.997331 0.011359 
1710051972.103604 50.969150 -6.887074 7.431765 0.072256 0.011571 -0.997274 0.009443 
1710051972.204434 50.869999 -6.891904 7.417267 0.071476 0.015474 -0.997247 0.012220 
1710051972.305537 50.768215 -6.878859 7.400981 0.076620 0.013098 -0.996908 0.011503 
1710051972.406194 50.685711 -6.861991 7.406454 0.074657 0.012402 -0.997060 0.012009 
1710051972.507206 50.597614 -6.852890 7.398224 0.073919 0.013399 -0.997095 0.012535 
1710051972.607974 50.482868 -6.849738 7.370983 0.075761 0.012208 -0.996997 0.010367 
1710051972.708845 50.388033 -6.867085 7.356473 0.078980 0.013894 -0.996702 0.012425 
1710051972.810241 50.316644 -6.893336 7.352542 0.075147 0.013505 -0.997027 0.010411 
1710051972.910492 50.234109 -6.895731 7.338399 0.072258 0.013945 -0.997223 0.011434 
1710051973.011260 50.124314 -6.899803 7.311872 0.072490 0.014209 -0.997186 0.012805 
1710051973.112099 50.033798 -6.904042 7.307429 0.072631 0.010479 -0.997240 0.011263 
1710051973.213144 49.964659 -6.898547 7.301550 0.071724 0.012680 -0.997271 0.012051 
1710051973.314722 49.869380 -6.885949 7.285827 0.068912 0.012003 -0.997489 0.011090 
1710051973.423986 49.758234 -6.888488 7.262235 0.072581 0.013002 -0.997213 0.011406 
1710051973.516338 49.682314 -6.898189 7.249116 0.071021 0.011124 -0.997348 0.011388 
1710051973.617816 49.594403 -6.905410 7.234330 0.070189 0.011670 -0.997410 0.010503 
1710051973.724504 49.479167 -6.904771 7.213426 0.070635 0.015474 -0.997296 0.013124 
1710051973.818114 49.388413 -6.911211 7.214904 0.073942 0.012960 -0.997109 0.011784 
1710051973.919948 49.316652 -6.918231 7.218798 0.071373 0.014178 -0.997267 0.012809 
1710051974.019826 49.229472 -6.924958 7.205904 0.069642 0.013078 -0.997421 0.011425 
1710051974.124100 49.122651 -6.931380 7.182766 0.073505 0.011261 -0.997169 0.011117 
1710051974.232292 49.040220 -6.937006 7.182569 0.074621 0.016615 -0.997012 0.011110 
1710051974.322400 48.972015 -6.945146 7.174815 0.072979 0.014869 -0.997174 0.009870 
1710051974.424102 48.873527 -6.951684 7.145525 0.071223 0.014029 -0.997293 0.011721 
1710051974.524315 48.764671 -6.956236 7.119977 0.074748 0.012443 -0.997060 0.011395 
1710051974.624987 48.670616 -6.958298 7.114256 0.073067 0.010232 -0.997199 0.012289 
1710051974.725931 48.598657 -6.975000 7.100429 0.071827 0.012525 -0.997271 0.011580 
1710051974.826947 48.480025 -6.986635 7.091936 0.070929 0.012592 -0.997338 0.011321 
1710051974.928025 48.378005 -7.024346 7.069523 0.074192 0.013860 -0.997063 0.012998 
1710051975.028439 48.301641 -7.043600 7.058164 0.072615 0.012267 -0.997234 0.010085 
1710051975.131911 48.229652 -7.044439 7.042147 0.070118 0.012329 -0.997397 0.011438 
1710051975.230289 48.128938 -7.059224 7.029756 0.073187 0.013764 -0.997150 0.012068 
1710051975.331135 48.039974 -7.074659 7.022598 0.072077 0.012039 -0.997267 0.010850 
1710051975.433627 47.957436 -7.074935 7.010297 0.070537 0.012434 -0.997362 0.011820 
1710051975.532888 47.852547 -7.071842 6.984587 0.067598 0.011684 -0.997576 0.011648 
1710051975.633608 47.748086 -7.076208 6.965623 0.069976 0.014582 -0.997373 0.011756 
1710051975.734490 47.668515 -7.080654 6.963302 0.068304 0.013773 -0.997497 0.012053 
1710051975.835509 47.588023 -7.084735 6.938885 0.069291 0.014690 -0.997426 0.011108 
1710051975.936334 47.486173 -7.093899 6.927783 0.070191 0.017137 -0.997307 0.012573 
1710051976.037019 47.386393 -7.101679 6.913705 0.073609 0.013770 -0.997125 0.011601 
1710051976.137972 47.307222 -7.111694 6.908907 0.072777 0.011291 -0.997204 0.012670 
1710051976.238805 47.224348 -7.119426 6.902773 0.071895 0.012827 -0.997244 0.013101 
1710051976.339643 47.116092 -7.125203 6.881833 0.076007 0.013897 -0.996941 0.011774 
1710051976.440638 47.016245 -7.130197 6.883750 0.075416 0.014014 -0.996986 0.011648 
1710051976.541590 46.932730 -7.141867 6.870948 0.075096 0.014181 -0.997016 0.010853 
1710051976.642300 46.826910 -7.137821 6.844472 0.075630 0.018333 -0.996895 0.012039 
1710051976.743079 46.718580 -7.163848 6.827121 0.078816 0.012053 -0.996756 0.010939 
1710051976.844155 46.637577 -7.167744 6.811121 0.078679 0.011719 -0.996777 0.010386 
1710051976.945673 46.564519 -7.185822 6.788344 0.078198 0.012445 -0.996791 0.011724 
1710051977.052155 46.459301 -7.190658 6.758548 0.079651 0.013047 -0.996676 0.011092 
1710051977.146469 46.371590 -7.228583 6.742137 0.081165 0.013500 -0.996532 0.012416 
1710051977.249271 46.300968 -7.246834 6.747481 0.078778 0.012875 -0.996749 0.010901 
1710051977.348192 46.212809 -7.263712 6.722770 0.078942 0.013359 -0.996735 0.010460 
1710051977.449134 46.097650 -7.275767 6.708879 0.079312 0.012931 -0.996695 0.011865 
1710051977.549957 46.000130 -7.279468 6.682920 0.081068 0.011938 -0.996573 0.011274 
1710051977.650892 45.916390 -7.278609 6.674919 0.081147 0.011799 -0.996560 0.012044 
1710051977.751603 45.818794 -7.279317 6.654395 0.081045 0.011659 -0.996586 0.010633 
1710051977.852659 45.707996 -7.278684 6.630415 0.083127 0.015096 -0.996371 0.010363 
1710051977.953428 45.611901 -7.294452 6.632448 0.085719 0.012825 -0.996171 0.011448 
1710051978.054543 45.547078 -7.304993 6.613286 0.087776 0.012507 -0.996005 0.010631 
1710051978.155067 45.454881 -7.314529 6.601462 0.091409 0.015517 -0.995623 0.011793 
1710051978.256063 45.338863 -7.334148 6.570002 0.095652 0.013759 -0.995258 0.011068 
1710051978.357054 45.266275 -7.348221 6.563733 0.096398 0.011031 -0.995221 0.011004 
1710051978.457971 45.191860 -7.353507 6.543244 0.094523 0.011647 -0.995376 0.012523 
1710051978.558690 45.099455 -7.368006 6.503945 0.092775 0.013812 -0.995522 0.011775 
1710051978.661618 45.003943 -7.374566 6.473243 0.088840 0.014900 -0.995861 0.012126 
1710051978.760498 44.919623 -7.384052 6.468306 0.082947 0.012730 -0.996416 0.010641 
1710051978.861159 44.842949 -7.409645 6.450694 0.079526 0.012912 -0.996683 0.011488 
1710051978.962111 44.725253 -7.412375 6.434130 0.074812 0.016788 -0.996991 0.011377 
1710051979.062787 44.635401 -7.408181 6.414610 0.070166 0.015758 -0.997343 0.011649 
1710051979.163673 44.548621 -7.415659 6.410796 0.069224 0.010359 -0.997462 0.013044 
1710051979.264517 44.451304 -7.425148 6.403553 0.066014 0.012130 -0.997673 0.011960 
1710051979.365672 44.353000 -7.433535 6.382470 0.064290 0.014863 -0.997735 0.013082 
1710051979.466389 44.266765 -7.434604 6.383527 0.063208 0.014775 -0.997817 0.012158 
1710051979.567766 44.190085 -7.446759 6.366737 0.063207 0.012922 -0.997851 0.011499 
1710051979.667958 44.088246 -7.452366 6.359298 0.065471 0.017001 -0.997645 0.011399 
1710051979.768788 43.996908 -7.459232 6.364595 0.062711 0.014510 -0.997858 0.011654 
1710051979.869754 43.919632 -7.478058 6.357410 0.062379 0.012907 -0.997888 0.012701 
1710051979.972868 43.826145 -7.487100 6.335874 0.062175 0.010801 -0.997910 0.013879 
1710051980.071395 43.723224 -7.516625 6.313026 0.066294 0.014028 -0.997613 0.013315 
1710051980.172825 43.635100 -7.535784 6.308830 0.066580 0.016737 -0.997563 0.012473 
1710051980.273170 43.558234 -7.552533 6.298696 0.065770 0.014673 -0.997665 0.011070 
1710051980.374100 43.460616 -7.566554 6.266315 0.068464 0.015795 -0.997459 0.011810 
1710051980.477258 43.362418 -7.586329 6.253723 0.071893 0.015812 -0.997224 0.011194 
1710051980.577672 43.286479 -7.607491 6.257204 0.066826 0.013445 -0.997593 0.012708 
1710051980.676529 43.208965 -7.622107 6.247853 0.065609 0.011829 -0.997687 0.013291 
1710051980.778211 43.102527 -7.648270 6.222615 0.063448 0.011762 -0.997843 0.012025 
1710051980.878257 43.009243 -7.667398 6.198298 0.063003 0.014125 -0.997841 0.012005 
1710051980.979239 42.930368 -7.689744 6.196724 0.063758 0.012519 -0.997826 0.011044 
1710051981.079967 42.838528 -7.700301 6.178633 0.065127 0.014609 -0.997702 0.011658 
1710051981.180895 42.725006 -7.715508 6.159891 0.067592 0.016455 -0.997491 0.013110 
1710051981.281717 42.632483 -7.736455 6.146972 0.068154 0.014287 -0.997496 0.012391 
1710051981.382566 42.552379 -7.750881 6.142793 0.065945 0.012266 -0.997664 0.012905 
1710051981.484219 42.463165 -7.762552 6.130525 0.061833 0.012059 -0.997943 0.011847 
1710051981.584259 42.360150 -7.780634 6.122942 0.064920 0.015495 -0.997704 0.011495 
1710051981.685102 42.281891 -7.787635 6.115562 0.064109 0.012605 -0.997793 0.011813 
1710051981.785976 42.197160 -7.794008 6.106365 0.061916 0.011563 -0.997934 0.012672 
1710051981.886986 42.095466 -7.816862 6.085314 0.065104 0.011589 -0.997736 0.012253 
1710051981.988054 41.994350 -7.828596 6.080708 0.063367 0.010735 -0.997844 0.013272 
1710051982.088770 41.918607 -7.826213 6.082809 0.061270 0.011827 -0.997967 0.012986 
1710051982.191714 41.829758 -7.830117 6.064582 0.055499 0.006296 -0.998368 0.011871 
1710051982.290269 41.714882 -7.832392 6.052282 0.059473 0.011062 -0.998088 0.012706 
1710051982.391142 41.623285 -7.827568 6.039739 0.056632 0.011835 -0.998250 0.012245 
1710051982.492046 41.551969 -7.819297 6.032583 0.056688 0.011273 -0.998256 0.012035 
1710051982.593086 41.457118 -7.836224 6.012532 0.057600 0.010974 -0.998185 0.013701 
1710051982.693867 41.359446 -7.844074 5.990959 0.060376 0.009538 -0.998057 0.012050 
1710051982.794775 41.266256 -7.831796 5.991581 0.057433 0.011132 -0.998218 0.011726 
1710051982.895538 41.187433 -7.817901 5.973895 0.057289 0.008920 -0.998244 0.012161 
1710051983.000762 41.071622 -7.813491 5.952098 0.058615 0.010300 -0.998160 0.011589 
1710051983.097151 40.986221 -7.820109 5.945460 0.060074 0.011725 -0.998064 0.011080 
1710051983.198104 40.902672 -7.820640 5.947515 0.060193 0.011153 -0.998061 0.011283 
1710051983.299179 40.821567 -7.821258 5.941166 0.061559 0.014229 -0.997928 0.012148 
1710051983.399793 40.713771 -7.821914 5.922557 0.062305 0.011936 -0.997913 0.012019 
1710051983.501170 40.625264 -7.826523 5.922248 0.060758 0.011913 -0.998009 0.011997 
1710051983.602590 40.555113 -7.834198 5.917311 0.058721 0.010146 -0.998142 0.012732 
1710051983.702290 40.468708 -7.829946 5.904308 0.056556 0.010180 -0.998282 0.011424 
1710051983.803524 40.358277 -7.854672 5.892458 0.060038 0.012479 -0.998038 0.012616 
1710051983.904069 40.275656 -7.873073 5.895063 0.057225 0.010639 -0.998234 0.011896 
1710051984.004864 40.179986 -7.884749 5.885421 0.057051 0.012310 -0.998221 0.012190 
1710051984.105935 40.079407 -7.889906 5.867840 0.058033 0.010208 -0.998168 0.013765 
1710051984.206654 39.969706 -7.881869 5.855759 0.058268 0.009193 -0.998184 0.012183 
1710051984.308113 39.895433 -7.878772 5.841414 0.057136 0.010964 -0.998224 0.012791 
1710051984.408540 39.804185 -7.884461 5.816045 0.055906 0.008568 -0.998334 0.011377 
1710051984.515836 39.687160 -7.883236 5.804242 0.056978 0.009663 -0.998254 0.012218 
1710051984.611332 39.599836 -7.884665 5.807478 0.056385 0.011175 -0.998279 0.011585 
1710051984.710885 39.518362 -7.885493 5.806460 0.056683 0.011306 -0.998262 0.011528 
1710051984.813558 39.411248 -7.886500 5.791774 0.055440 0.013263 -0.998272 0.014249 
1710051984.912597 39.313714 -7.909290 5.775651 0.057785 0.011419 -0.998194 0.011831 
1710051985.013466 39.239330 -7.923278 5.771318 0.056198 0.011217 -0.998290 0.011517 
1710051985.114306 39.166957 -7.933773 5.765111 0.055035 0.011404 -0.998350 0.011726 
1710051985.219866 39.065266 -7.934395 5.756344 0.055045 0.012047 -0.998340 0.011915 
1710051985.319943 38.971121 -7.956945 5.740266 0.055636 0.014036 -0.998282 0.011881 
1710051985.417054 38.893346 -7.966814 5.737988 0.053802 0.012107 -0.998417 0.011055 
1710051985.517763 38.798426 -7.977450 5.723904 0.051760 0.014379 -0.998475 0.012708 
1710051985.618690 38.691580 -7.992919 5.704146 0.055881 0.013561 -0.998275 0.011864 
1710051985.719474 38.599870 -8.018627 5.696411 0.055775 0.013075 -0.998294 0.011248 
1710051985.823785 38.528170 -8.034260 5.701114 0.055476 0.011461 -0.998319 0.012292 
1710051985.921385 38.436887 -8.033816 5.683153 0.056102 0.005335 -0.998331 0.012613 
1710051986.024148 38.330693 -8.050116 5.668262 0.061177 0.005063 -0.998026 0.013266 
1710051986.123088 38.255263 -8.060983 5.658222 0.060486 0.012675 -0.998032 0.010594 
1710051986.224552 38.170670 -8.057206 5.648867 0.063884 0.012069 -0.997821 0.011238 
1710051986.324753 38.071807 -8.064773 5.621275 0.064178 0.013381 -0.997756 0.013633 
1710051986.428897 37.963455 -8.084235 5.610231 0.069546 0.011818 -0.997450 0.010826 
1710051986.526905 37.874426 -8.090697 5.621269 0.069959 0.011303 -0.997418 0.011602 
1710051986.627819 37.800139 -8.091692 5.614784 0.069857 0.009730 -0.997444 0.011450 
1710051986.728167 37.682460 -8.098321 5.592019 0.070142 0.005351 -0.997468 0.010408 
1710051986.828960 37.589072 -8.102644 5.562194 0.073236 0.007963 -0.997224 0.010869 
1710051986.929786 37.509141 -8.102291 5.548371 0.071647 0.010484 -0.997324 0.010072 
1710051987.030651 37.421279 -8.112824 5.513633 0.071286 0.011303 -0.997333 0.010874 
1710051987.131533 37.321815 -8.121537 5.485598 0.073217 0.007919 -0.997222 0.011177 
1710051987.232531 37.238297 -8.116954 5.479470 0.072057 0.009742 -0.997292 0.011016 
1710051987.333351 37.165673 -8.121952 5.481012 0.067279 0.011335 -0.997590 0.012584 
1710051987.434174 37.082600 -8.121463 5.456160 0.061811 0.005138 -0.998000 0.012206 
1710051987.534979 36.969471 -8.128379 5.445533 0.063808 0.010334 -0.997832 0.012363 
1710051987.635947 36.883762 -8.152717 5.436132 0.062265 0.011436 -0.997919 0.012256 
1710051987.736656 36.804669 -8.155909 5.433536 0.062181 0.010395 -0.997949 0.011087 
1710051987.837587 36.706156 -8.147397 5.417960 0.060762 0.010890 -0.998002 0.013486 
1710051987.938387 36.597434 -8.138258 5.397213 0.063529 0.008998 -0.997855 0.013002 
1710051988.039661 36.495150 -8.125816 5.393855 0.062662 0.010104 -0.997900 0.012907 
1710051988.140227 36.416320 -8.127225 5.386049 0.063785 0.011345 -0.997810 0.013372 
1710051988.241195 36.313281 -8.142724 5.360296 0.065737 0.010689 -0.997701 0.012532 
1710051988.342030 36.211276 -8.151286 5.342337 0.069429 0.011652 -0.997442 0.012391 
1710051988.442702 36.140944 -8.147111 5.340913 0.068639 0.010806 -0.997527 0.010597 
1710051988.543965 36.054333 -8.152323 5.323776 0.067485 0.012503 -0.997565 0.012382 
1710051988.648378 35.948264 -8.169340 5.310236 0.071827 0.011573 -0.997266 0.012914 
1710051988.745384 35.859823 -8.182019 5.306749 0.071168 0.010661 -0.997346 0.011076 
1710051988.847340 35.780617 -8.194704 5.304222 0.069172 0.011575 -0.997456 0.012736 
1710051988.947045 35.686704 -8.198941 5.285995 0.070306 0.011602 -0.997387 0.011886 
1710051989.047889 35.581680 -8.202220 5.269347 0.071750 0.013763 -0.997246 0.012793 
1710051989.148755 35.501598 -8.211225 5.263777 0.067624 0.011714 -0.997564 0.012472 
1710051989.249582 35.405769 -8.213383 5.259970 0.070255 0.009592 -0.997415 0.011641 
1710051989.350413 35.300664 -8.224663 5.236355 0.073737 0.010913 -0.997115 0.014307 
1710051989.451632 35.201935 -8.247791 5.205985 0.074656 0.007211 -0.997097 0.013125 
1710051989.553624 35.115530 -8.253733 5.212865 0.075218 0.012725 -0.997004 0.012805 
1710051989.653037 35.044519 -8.262479 5.195082 0.076967 0.012307 -0.996878 0.012604 
1710051989.753832 34.948256 -8.267109 5.184211 0.078817 0.009072 -0.996777 0.011900 
1710051989.854817 34.859968 -8.267680 5.167135 0.082220 0.012691 -0.996452 0.012774 
1710051989.955664 34.795228 -8.260642 5.162059 0.081068 0.010787 -0.996593 0.010660 
1710051990.057754 34.710307 -8.268729 5.139304 0.079848 0.012734 -0.996653 0.012072 
1710051990.157531 34.602739 -8.282543 5.109122 0.083155 0.007181 -0.996423 0.013188 
1710051990.258349 34.514251 -8.276678 5.097098 0.082077 0.008295 -0.996522 0.011725 
1710051990.359127 34.421826 -8.276144 5.090581 0.079718 0.007627 -0.996703 0.013022 
1710051990.459970 34.320155 -8.272037 5.051957 0.077669 0.010633 -0.996854 0.011698 
1710051990.562384 34.199990 -8.279190 5.054183 0.079783 0.009238 -0.996692 0.012407 
1710051990.661601 34.114694 -8.269320 5.060205 0.076506 0.008863 -0.996960 0.011802 
1710051990.762640 34.046411 -8.254161 5.043720 0.076779 0.009771 -0.996910 0.013412 
1710051990.863312 33.931858 -8.280116 5.030893 0.072992 0.013407 -0.997164 0.012499 
1710051990.964135 33.846965 -8.287250 5.022588 0.075504 0.011609 -0.997008 0.011807 
1710051991.065032 33.758163 -8.299170 5.026571 0.073890 0.008941 -0.997156 0.011868 
1710051991.165980 33.663453 -8.315355 4.996501 0.070869 0.013326 -0.997348 0.009836 
1710051991.266711 33.556623 -8.331430 4.984377 0.073450 0.011355 -0.997165 0.011749 
1710051991.367594 33.458738 -8.348939 4.999383 0.070451 0.011672 -0.997392 0.010498 
1710051991.468477 33.392202 -8.340853 4.995282 0.068846 0.013063 -0.997486 0.010547 
1710051991.569321 33.296761 -8.351916 4.951768 0.066013 0.018458 -0.997577 0.011884 
1710051991.670925 33.190701 -8.372008 4.937023 0.066373 0.013293 -0.997627 0.012567 
1710051991.771062 33.116791 -8.376630 4.917003 0.063820 0.013791 -0.997788 0.012459 
1710051991.872017 33.031171 -8.388912 4.904775 0.059280 0.008978 -0.998136 0.011414 
1710051991.972837 32.927500 -8.392496 4.890681 0.061562 0.008518 -0.997984 0.012844 
1710051992.073942 32.821664 -8.385417 4.885960 0.060005 0.010258 -0.998061 0.012941 
1710051992.176305 32.745073 -8.378753 4.882140 0.059209 0.009626 -0.998129 0.011813 
1710051992.276491 32.654661 -8.378234 4.860332 0.057546 0.010032 -0.998227 0.011457 
1710051992.376400 32.544491 -8.372962 4.858555 0.061709 0.009619 -0.997976 0.011986 
1710051992.477264 32.456918 -8.358204 4.855814 0.061411 0.007495 -0.997995 0.013388 
1710051992.578082 32.365502 -8.363077 4.849593 0.059092 0.009391 -0.998127 0.012733 
1710051992.678810 32.262966 -8.374207 4.819450 0.061749 0.008003 -0.998000 0.010930 
1710051992.779796 32.159317 -8.376840 4.787431 0.063924 0.016342 -0.997757 0.011286 
1710051992.880466 32.073474 -8.384939 4.798171 0.063734 0.013376 -0.997829 0.009849 
1710051992.981322 31.996005 -8.389820 4.779661 0.062833 0.012268 -0.997905 0.009326 
1710051993.082282 31.886280 -8.395345 4.777327 0.066474 0.010315 -0.997726 0.004194 
1710051993.183181 31.772508 -8.382134 4.767346 0.063167 0.006860 -0.997972 -0.003940 
1710051993.283905 31.690564 -8.377110 4.745672 0.063119 0.003694 -0.997941 -0.010769 
1710051993.385123 31.604996 -8.378342 4.721658 0.063229 0.001922 -0.997849 -0.017175 
1710051993.485623 31.500871 -8.376845 4.704978 0.066523 0.004405 -0.997520 -0.022575 
1710051993.586853 31.416498 -8.372139 4.706850 0.065611 0.006146 -0.997445 -0.027588 
1710051993.687383 31.338793 -8.374092 4.704846 0.064715 0.006294 -0.997363 -0.032254 
1710051993.788348 31.258948 -8.389214 4.666378 0.067401 0.008779 -0.997094 -0.034417 
1710051993.889060 31.163705 -8.368430 4.664688 0.069600 0.006162 -0.996754 -0.039987 
1710051993.989956 31.086675 -8.350186 4.665875 0.066645 0.005859 -0.996786 -0.044056 
1710051994.090855 30.996954 -8.335106 4.651693 0.064298 0.004923 -0.996767 -0.047932 
1710051994.191973 30.888228 -8.320285 4.626292 0.067386 0.005735 -0.996355 -0.051999 
1710051994.292530 30.797723 -8.307255 4.616290 0.066179 0.010580 -0.996128 -0.056891 
1710051994.393340 30.720012 -8.306118 4.613600 0.066997 0.007427 -0.995866 -0.060883 
1710051994.494381 30.621454 -8.293860 4.601846 0.066238 0.009983 -0.995739 -0.063371 
1710051994.595137 30.512598 -8.277719 4.577986 0.069274 0.006489 -0.995265 -0.067867 
1710051994.696155 30.422611 -8.261068 4.565362 0.067883 0.004887 -0.995237 -0.069790 
1710051994.796819 30.340749 -8.249039 4.550796 0.066928 0.007066 -0.995321 -0.069331 
1710051994.897752 30.239151 -8.228994 4.543859 0.070085 0.006600 -0.995029 -0.070442 
1710051994.998493 30.135856 -8.209374 4.532883 0.071286 0.008223 -0.994987 -0.069646 
1710051995.099455 30.059265 -8.208909 4.532109 0.070698 0.009119 -0.994927 -0.070987 
1710051995.200320 29.972912 -8.210008 4.519250 0.067694 0.009720 -0.995245 -0.069351 
1710051995.301091 29.876849 -8.214324 4.471773 0.070325 0.008980 -0.995091 -0.069049 
1710051995.402165 29.781821 -8.197506 4.461020 0.070363 0.006552 -0.995073 -0.069536 
1710051995.502798 29.710080 -8.178553 4.479966 0.069455 0.007544 -0.995165 -0.069032 
1710051995.603662 29.623582 -8.168939 4.455347 0.066784 0.007642 -0.995235 -0.070631 
1710051995.704546 29.517128 -8.154073 4.436517 0.070793 0.008225 -0.995019 -0.069699 
1710051995.805569 29.437603 -8.160550 4.422385 0.068475 0.009375 -0.995189 -0.069441 
1710051995.906268 29.346214 -8.157356 4.419058 0.069324 0.009915 -0.995042 -0.070618 
1710051996.007153 29.246273 -8.153668 4.392975 0.070686 0.007541 -0.995081 -0.069000 
1710051996.108109 29.131963 -8.119796 4.387307 0.071428 0.009242 -0.995124 -0.067392 
1710051996.208964 29.039837 -8.094377 4.416127 0.069075 0.012928 -0.996109 -0.053173 
1710051996.309706 28.932505 -8.074722 4.419452 0.064165 0.020319 -0.997147 -0.034160 
1710051996.410541 28.799314 -8.074208 4.402207 0.066485 0.023685 -0.997381 -0.015822 
1710051996.511582 28.710279 -8.082747 4.378203 0.064273 0.027695 -0.997538 0.004508 
1710051996.612305 28.643545 -8.091039 4.356602 0.060789 0.028129 -0.997608 0.017060 
1710051996.713255 28.559877 -8.113395 4.324388 0.058212 0.023755 -0.997731 0.024078 
1710051996.813955 28.483712 -8.123049 4.293796 0.060352 0.015823 -0.997756 0.024307 
1710051996.914928 28.399095 -8.127949 4.303169 0.060783 0.012195 -0.997838 0.021803 
1710051997.015676 28.339885 -8.133468 4.306407 0.061993 0.008800 -0.997767 0.023262 
1710051997.116553 28.250970 -8.143217 4.285765 0.059632 0.006433 -0.997931 0.023162 
1710051997.217635 28.131940 -8.146436 4.282992 0.065073 0.008941 -0.997553 0.023937 
1710051997.318263 28.043949 -8.154442 4.268093 0.064035 0.008729 -0.997641 0.023130 
1710051997.419352 27.965682 -8.151737 4.276050 0.064425 0.010199 -0.997600 0.023227 
1710051997.519989 27.859855 -8.154000 4.248948 0.066630 0.010315 -0.997406 0.025210 
1710051997.620850 27.765305 -8.159359 4.226223 0.069482 0.008229 -0.997289 0.022799 
1710051997.721740 27.685373 -8.162616 4.231907 0.066588 0.010294 -0.997439 0.023997 
1710051997.822822 27.591903 -8.154641 4.214550 0.064624 0.009578 -0.997610 0.022516 
1710051997.923529 27.485698 -8.145143 4.200120 0.068058 0.008512 -0.997369 0.023483 
1710051998.024489 27.405622 -8.149009 4.178010 0.065565 0.014674 -0.997469 0.023281 
1710051998.125199 27.331723 -8.152667 4.170771 0.065747 0.011060 -0.997532 0.022011 
1710051998.226051 27.236354 -8.154033 4.149781 0.063761 0.014670 -0.997568 0.024018 
1710051998.327162 27.136278 -8.153731 4.133773 0.066803 0.011005 -0.997430 0.023427 
1710051998.427746 27.047888 -8.138299 4.127456 0.065993 0.007448 -0.997498 0.024230 
1710051998.528774 26.962803 -8.141848 4.113211 0.065982 0.010879 -0.997471 0.024068 
1710051998.629482 26.846258 -8.140525 4.094830 0.067326 0.006238 -0.997462 0.022324 
1710051998.730538 26.758360 -8.159306 4.087083 0.068160 0.011594 -0.997320 0.023940 
1710051998.831306 26.691889 -8.184528 4.071680 0.067261 0.010465 -0.997429 0.022421 
1710051998.931997 26.604135 -8.186980 4.044393 0.064594 0.011981 -0.997572 0.023105 
1710051999.032864 26.507486 -8.202679 4.006715 0.068754 0.010673 -0.997277 0.024436 
1710051999.133868 26.425789 -8.200428 4.004191 0.065433 0.009479 -0.997551 0.022818 
1710051999.234669 26.351106 -8.199399 4.011478 0.063714 0.011171 -0.997616 0.024032 
1710051999.335456 26.263664 -8.187988 3.989176 0.061257 0.010213 -0.997800 0.023212 
1710051999.436324 26.151900 -8.184536 3.959483 0.063535 0.011985 -0.997628 0.023614 
1710051999.537147 26.069280 -8.169454 3.958761 0.060064 0.012646 -0.997846 0.023141 
1710051999.638076 25.975939 -8.176319 3.952134 0.059048 0.012469 -0.997916 0.022835 
1710051999.739021 25.865092 -8.186709 3.949885 0.060397 0.012757 -0.997793 0.024455 
1710051999.839914 25.768726 -8.192588 3.943117 0.062851 0.009706 -0.997704 0.023292 
1710051999.940835 25.688919 -8.209784 3.926343 0.060928 0.009891 -0.997805 0.023996 
1710052000.041555 25.614765 -8.217824 3.900286 0.061381 0.011141 -0.997765 0.023927 
1710052000.142411 25.515869 -8.217249 3.874321 0.063808 0.011742 -0.997643 0.022349 
1710052000.243153 25.423954 -8.214722 3.896891 0.070921 0.010255 -0.997163 0.023044 
1710052000.344005 25.358587 -8.238670 3.858384 0.068656 0.009290 -0.997358 0.021843 
1710052000.445058 25.271307 -8.243054 3.846708 0.070164 0.013811 -0.997171 0.023159 
1710052000.545968 25.159833 -8.260199 3.829676 0.071063 0.009301 -0.997152 0.023475 
1710052000.648280 25.076510 -8.260851 3.824892 0.070282 0.010312 -0.997188 0.023870 
1710052000.747549 25.004547 -8.267966 3.801106 0.066955 0.009357 -0.997405 0.024757 
1710052000.848372 24.906778 -8.283593 3.764337 0.064836 0.014388 -0.997533 0.022721 
1710052000.949175 24.796373 -8.295544 3.739478 0.062817 0.012177 -0.997704 0.022184 
1710052001.050045 24.717178 -8.306218 3.746000 0.061891 0.011735 -0.997770 0.022085 
1710052001.151038 24.648034 -8.316425 3.751374 0.063489 0.012985 -0.997630 0.023127 
1710052001.251743 24.541949 -8.326907 3.757895 0.063342 0.014045 -0.997605 0.023954 
1710052001.352737 24.447888 -8.330705 3.753390 0.064614 0.009637 -0.997597 0.023095 
1710052001.453656 24.351968 -8.345209 3.716504 0.063113 0.009834 -0.997675 0.023755 
1710052001.554309 24.248766 -8.344591 3.710586 0.062807 0.009454 -0.997750 0.021466 
1710052001.655222 24.141009 -8.352080 3.691817 0.064990 0.011336 -0.997556 0.023022 
1710052001.756323 24.050830 -8.358519 3.691885 0.064110 0.012365 -0.997631 0.021688 
1710052001.857003 23.979171 -8.366075 3.674160 0.061583 0.011280 -0.997796 0.021984 
1710052001.957797 23.879635 -8.375701 3.671130 0.062543 0.012523 -0.997693 0.023241 
1710052002.058794 23.769496 -8.378057 3.665499 0.063852 0.009358 -0.997663 0.022447 
1710052002.159612 23.696418 -8.381618 3.655307 0.061721 0.010100 -0.997756 0.023890 
1710052002.260583 23.606216 -8.389812 3.652294 0.060905 0.008492 -0.997854 0.022509 
1710052002.361194 23.498451 -8.390157 3.622312 0.059664 0.009900 -0.997914 0.022570 
1710052002.462219 23.399088 -8.390147 3.590592 0.058850 0.011797 -0.997955 0.021973 
1710052002.563066 23.320684 -8.389692 3.587337 0.059038 0.010731 -0.997955 0.022028 
1710052002.663846 23.242212 -8.384683 3.583463 0.059795 0.009809 -0.997888 0.023422 
1710052002.765015 23.124602 -8.377524 3.574400 0.062420 0.006920 -0.997774 0.022419 
1710052002.865488 23.052105 -8.359602 3.549110 0.060447 0.007511 -0.997870 0.023366 
1710052002.966355 22.982044 -8.353052 3.549205 0.058691 0.008934 -0.997953 0.023773 
1710052003.067316 22.881328 -8.339728 3.540495 0.058057 0.007248 -0.998066 0.020996 
1710052003.168179 22.772592 -8.354467 3.518639 0.060474 0.010090 -0.997870 0.022286 
1710052003.269011 22.673648 -8.363256 3.514591 0.060044 0.008629 -0.997909 0.022308 
1710052003.369946 22.597517 -8.367077 3.522230 0.059503 0.009160 -0.997933 0.022481 
1710052003.470635 22.520095 -8.383733 3.517009 0.059391 0.009570 -0.997900 0.024013 
1710052003.571497 22.398779 -8.394481 3.498618 0.062851 0.008697 -0.997745 0.021901 
1710052003.672377 22.332328 -8.410109 3.488614 0.063273 0.009632 -0.997680 0.023187 
1710052003.773545 22.246885 -8.409342 3.473489 0.062955 0.010265 -0.997715 0.022258 
1710052003.874139 22.145368 -8.404904 3.450986 0.070054 0.012741 -0.997214 0.022219 
1710052003.975088 22.050084 -8.408506 3.452674 0.070236 0.014973 -0.997127 0.024095 
1710052004.076053 21.978368 -8.407629 3.440167 0.069831 0.013158 -0.997205 0.023094 
1710052004.176741 21.884378 -8.413067 3.441198 0.067546 0.013402 -0.997329 0.024334 
1710052004.277525 21.779154 -8.415620 3.429284 0.071331 0.011301 -0.997093 0.024283 
1710052004.378390 21.685504 -8.422229 3.435005 0.071161 0.009871 -0.997143 0.023335 
1710052004.479471 21.598544 -8.433509 3.420000 0.069550 0.011580 -0.997220 0.024101 
1710052004.580093 21.506972 -8.451014 3.382959 0.068034 0.008473 -0.997376 0.023272 
1710052004.681153 21.397288 -8.474440 3.358460 0.071104 0.011592 -0.997106 0.024268 
1710052004.781822 21.302857 -8.487260 3.351129 0.069456 0.012285 -0.997252 0.022650 
1710052004.882980 21.221517 -8.483486 3.356766 0.065914 0.012180 -0.997472 0.023579 
1710052004.983585 21.124270 -8.488327 3.320053 0.069047 0.013894 -0.997222 0.024228 
1710052005.084668 21.018273 -8.482554 3.304631 0.067477 0.010608 -0.997396 0.023121 
1710052005.187260 20.944590 -8.480372 3.301680 0.064194 0.011026 -0.997572 0.024664 
1710052005.286263 20.850117 -8.464158 3.278524 0.062470 0.009901 -0.997708 0.024030 
1710052005.387106 20.741794 -8.471660 3.256246 0.066785 0.011422 -0.997409 0.024196 
1710052005.488459 20.653162 -8.483160 3.260272 0.065058 0.011718 -0.997534 0.023573 
1710052005.588691 20.567972 -8.497271 3.265413 0.064504 0.011023 -0.997583 0.023351 
1710052005.689681 20.478944 -8.519585 3.244464 0.063833 0.012766 -0.997568 0.024912 
1710052005.790699 20.383183 -8.527132 3.223022 0.067843 0.009503 -0.997379 0.023291 
1710052005.891385 20.288009 -8.536549 3.218083 0.066683 0.008940 -0.997449 0.023869 
1710052005.992335 20.213297 -8.543387 3.215163 0.066862 0.009504 -0.997426 0.024111 
1710052006.096094 20.097814 -8.547511 3.206475 0.070920 0.010443 -0.997179 0.022257 
1710052006.193834 20.005663 -8.565146 3.200012 0.072488 0.013667 -0.996976 0.024445 
1710052006.294698 19.928610 -8.566510 3.196468 0.068297 0.010958 -0.997337 0.023137 
1710052006.395615 19.842953 -8.570118 3.182193 0.065010 0.013806 -0.997498 0.024109 
1710052006.496636 19.742990 -8.580042 3.150642 0.065515 0.013062 -0.997470 0.024299 
1710052006.597285 19.645746 -8.553617 3.163293 0.065114 0.010435 -0.997537 0.023895 
1710052006.698352 19.571011 -8.552355 3.149256 0.064614 0.010970 -0.997518 0.025728 
1710052006.799045 19.480996 -8.553154 3.131330 0.063551 0.010683 -0.997639 0.023759 
1710052006.899841 19.368086 -8.572671 3.098015 0.067595 0.012685 -0.997373 0.022725 
1710052007.000841 19.281286 -8.612688 3.070206 0.064220 0.013244 -0.997602 0.022152 
1710052007.101724 19.200845 -8.630127 3.066235 0.065509 0.011250 -0.997530 0.022723 
1710052007.202431 19.112625 -8.639207 3.033495 0.066276 0.012838 -0.997408 0.024893 
1710052007.304106 19.009360 -8.642191 3.009309 0.069104 0.011658 -0.997256 0.023872 
1710052007.404169 18.933360 -8.630140 3.013492 0.067350 0.011181 -0.997363 0.024609 
1710052007.505006 18.858106 -8.624705 3.023489 0.066567 0.010325 -0.997446 0.023763 
1710052007.605876 18.755628 -8.614422 3.013761 0.069581 0.011188 -0.997226 0.023964 
1710052007.707866 18.674548 -8.630458 3.005969 0.069232 0.014103 -0.997197 0.024618 
1710052007.807988 18.588899 -8.638130 3.002567 0.067292 0.011488 -0.997402 0.022999 
1710052007.909391 18.487518 -8.639774 2.996073 0.064534 0.013530 -0.997521 0.024594 
1710052008.010492 18.388514 -8.657915 2.975454 0.065155 0.010733 -0.997521 0.024302 
1710052008.110307 18.287255 -8.654011 2.998689 0.063500 0.008346 -0.997641 0.024695 
1710052008.211026 18.211711 -8.660256 2.985383 0.064169 0.011473 -0.997569 0.024615 
1710052008.312166 18.118408 -8.668715 2.964720 0.061791 0.011269 -0.997773 0.022430 
1710052008.412819 18.004239 -8.676602 2.941594 0.066879 0.012345 -0.997406 0.023590 
1710052008.513710 17.921925 -8.698097 2.928030 0.064631 0.011205 -0.997594 0.022451 
1710052008.614826 17.834252 -8.698376 2.919549 0.063676 0.010978 -0.997632 0.023544 
1710052008.715309 17.728231 -8.697651 2.892733 0.064382 0.012171 -0.997527 0.025439 
1710052008.816234 17.637337 -8.692735 2.872499 0.065669 0.009808 -0.997504 0.024046 
1710052008.917063 17.559897 -8.688481 2.873230 0.065748 0.010964 -0.997449 0.025553 
1710052009.017884 17.477316 -8.698159 2.845485 0.064234 0.010234 -0.997605 0.023535 
1710052009.118895 17.374179 -8.717875 2.812340 0.067524 0.014319 -0.997339 0.023444 
1710052009.219761 17.290114 -8.719002 2.812152 0.064010 0.013555 -0.997603 0.022530 
1710052009.320599 17.213974 -8.721936 2.814555 0.065794 0.011213 -0.997516 0.022500 
1710052009.421461 17.119314 -8.723589 2.818402 0.067041 0.011029 -0.997387 0.024552 
1710052009.522245 17.013348 -8.725384 2.794832 0.068996 0.010896 -0.997297 0.022784 
1710052009.623076 16.921836 -8.726049 2.790883 0.068868 0.010674 -0.997270 0.024405 
1710052009.724130 16.840186 -8.725761 2.786696 0.069074 0.011170 -0.997274 0.023420 
1710052009.828128 16.724984 -8.736064 2.776319 0.069649 0.011034 -0.997260 0.022344 
1710052009.925793 16.638979 -8.743721 2.775251 0.073101 0.014191 -0.996957 0.023063 
1710052010.026875 16.564414 -8.744089 2.753170 0.067936 0.012965 -0.997354 0.022397 
1710052010.127326 16.458856 -8.736174 2.750584 0.066319 0.013907 -0.997400 0.024509 
1710052010.228216 16.368723 -8.744442 2.727787 0.068453 0.012344 -0.997294 0.023822 
1710052010.329061 16.294435 -8.737789 2.724939 0.065304 0.011149 -0.997513 0.024045 
1710052010.430126 16.224703 -8.762504 2.718622 0.063419 0.011792 -0.997624 0.024180 
1710052010.530932 16.129596 -8.775592 2.699058 0.060269 0.012259 -0.997838 0.023146 
1710052010.631775 16.020801 -8.791966 2.691891 0.062649 0.014024 -0.997653 0.023803 
1710052010.732491 15.936792 -8.804107 2.692165 0.060851 0.011847 -0.997808 0.023133 
1710052010.833841 15.845422 -8.829922 2.674638 0.057213 0.014135 -0.998002 0.022799 
1710052010.934206 15.733580 -8.846366 2.661498 0.062674 0.013397 -0.997629 0.025079 
1710052011.035081 15.643809 -8.834547 2.655149 0.062183 0.011149 -0.997736 0.023071 
1710052011.136003 15.554767 -8.832577 2.647016 0.060724 0.010716 -0.997772 0.025472 
1710052011.236779 15.469179 -8.826761 2.629295 0.059512 0.011503 -0.997875 0.023902 
1710052011.338146 15.377619 -8.836815 2.607556 0.062988 0.014032 -0.997654 0.022832 
1710052011.438519 15.292383 -8.844479 2.612099 0.060825 0.013225 -0.997768 0.024156 
1710052011.539372 15.213252 -8.857185 2.594323 0.060106 0.014058 -0.997808 0.023861 
1710052011.640279 15.112921 -8.866577 2.582296 0.061400 0.010668 -0.997720 0.025908 
1710052011.741268 15.001053 -8.881370 2.576285 0.062235 0.008056 -0.997735 0.024226 
1710052011.842162 14.919784 -8.879793 2.569734 0.061889 0.011487 -0.997703 0.025015 
1710052011.942820 14.840944 -8.873932 2.576752 0.064322 0.007427 -0.997580 0.025343 
1710052012.043730 14.738009 -8.871267 2.550073 0.063564 0.013515 -0.997630 0.022608 
1710052012.144520 14.628832 -8.869200 2.522690 0.068470 0.014260 -0.997255 0.024290 
1710052012.245372 14.547848 -8.872311 2.508217 0.068431 0.012423 -0.997309 0.023195 
1710052012.346239 14.466960 -8.894654 2.472894 0.070959 0.018796 -0.997020 0.023713 
1710052012.447267 14.370393 -8.899656 2.476845 0.069301 0.014514 -0.997126 0.026966 
1710052012.547945 14.282652 -8.931151 2.453416 0.071984 0.013289 -0.997007 0.024872 
1710052012.649198 14.195934 -8.944528 2.453599 0.072794 0.009931 -0.996971 0.025538 
1710052012.749669 14.118659 -8.948110 2.451554 0.073492 0.010678 -0.996950 0.024002 
1710052012.850701 14.007165 -8.949728 2.433570 0.076690 0.014401 -0.996646 0.024642 
1710052012.951396 13.912805 -8.950896 2.422386 0.073658 0.013109 -0.996894 0.024609 
1710052013.052301 13.840779 -8.947030 2.407189 0.070208 0.013548 -0.997147 0.024195 
1710052013.153127 13.729822 -8.945164 2.394894 0.068020 0.012878 -0.997314 0.023923 
1710052013.253957 13.606317 -8.944771 2.399725 0.069208 0.010341 -0.997237 0.024938 
1710052013.354954 13.515602 -8.960445 2.397813 0.065414 0.012362 -0.997466 0.025075 
1710052013.455795 13.426819 -8.977908 2.375068 0.061663 0.008812 -0.997752 0.024724 
1710052013.556569 13.321771 -9.009597 2.342246 0.063302 0.011689 -0.997668 0.022671 
1710052013.657442 13.236035 -9.042427 2.316652 0.064612 0.012218 -0.997580 0.022589 
1710052013.758565 13.173730 -9.047048 2.306023 0.064297 0.010430 -0.997634 0.022006 
1710052013.859501 13.093042 -9.043994 2.288176 0.065387 0.014825 -0.997471 0.023595 
1710052013.960118 12.963117 -9.041495 2.269889 0.069750 0.012641 -0.997221 0.022933 
1710052014.061799 12.874761 -9.040593 2.264213 0.072672 0.012643 -0.996991 0.023812 
1710052014.164491 12.800134 -9.029537 2.275701 0.072317 0.007800 -0.997037 0.025022 
1710052014.263675 12.711643 -9.016100 2.250744 0.071734 0.010510 -0.997171 0.019860 
1710052014.363416 12.609447 -8.998260 2.241756 0.073081 0.010352 -0.997010 0.022889 
1710052014.464270 12.535933 -8.986622 2.236334 0.073347 0.008886 -0.997029 0.021794 
1710052014.565154 12.459735 -8.982853 2.235955 0.072119 0.012892 -0.997001 0.024917 
1710052014.666195 12.365352 -8.992564 2.213413 0.072580 0.013391 -0.996934 0.025980 
1710052014.766948 12.265652 -9.014959 2.194421 0.072028 0.009972 -0.997073 0.023600 
1710052014.867762 12.191267 -9.022688 2.192610 0.069632 0.009401 -0.997213 0.025097 
1710052014.968581 12.102522 -9.025896 2.178792 0.063483 0.008701 -0.997706 0.021831 
1710052015.071454 11.990637 -9.023395 2.159668 0.065459 0.009406 -0.997540 0.023257 
1710052015.170319 11.884184 -9.022533 2.150490 0.062479 0.011846 -0.997696 0.023633 
1710052015.273258 11.791733 -9.019626 2.150513 0.062160 0.009602 -0.997765 0.022580 
1710052015.372231 11.682079 -9.048552 2.130662 0.061178 0.014370 -0.997733 0.024085 
1710052015.472900 11.568232 -9.045912 2.116292 0.061540 0.010142 -0.997750 0.024576 
1710052015.574165 11.482216 -9.044789 2.119228 0.061944 0.010437 -0.997709 0.025120 
1710052015.674872 11.396338 -9.039713 2.107109 0.060638 0.011612 -0.997829 0.022910 
1710052015.775889 11.293086 -9.038179 2.088750 0.061642 0.008177 -0.997974 0.013477 
1710052015.876431 11.211346 -9.052594 2.074262 0.062412 0.008806 -0.997900 0.014928 
1710052015.977215 11.141757 -9.071003 2.067305 0.061462 0.008122 -0.997975 0.014238 
1710052016.078032 11.078428 -9.069214 2.058041 0.061305 0.010373 -0.997941 0.015714 
1710052016.178890 10.979540 -9.059087 2.037491 0.061419 0.009896 -0.997949 0.015112 
1710052016.279731 10.902941 -9.047819 2.053757 0.061029 0.008346 -0.997986 0.015189 
1710052016.381107 10.835663 -9.045526 2.064323 0.061170 0.010390 -0.997953 0.015502 
1710052016.481476 10.738515 -9.063915 2.046895 0.059014 0.006900 -0.998104 0.016056 
1710052016.582362 10.625062 -9.082060 2.017812 0.060858 0.012548 -0.997949 0.015386 
1710052016.683274 10.530001 -9.081082 2.033532 0.060735 0.011569 -0.997992 0.013796 
1710052016.784025 10.460719 -9.084084 2.042931 0.060999 0.012269 -0.997954 0.014714 
1710052016.885164 10.369402 -9.108270 1.998337 0.061146 0.012947 -0.997926 0.015376 
1710052016.986588 10.256943 -9.113585 1.982439 0.060621 0.012188 -0.997985 0.014227 
1710052017.086748 10.168954 -9.103659 1.988198 0.060299 0.011117 -0.997979 0.016654 
1710052017.189578 10.079061 -9.097311 1.983858 0.058252 0.009106 -0.998148 0.015006 
1710052017.288508 9.969913 -9.111620 1.967797 0.060231 0.012167 -0.997990 0.015473 
1710052017.389349 9.868946 -9.124569 1.965579 0.059075 0.012434 -0.998050 0.015840 
1710052017.490073 9.796638 -9.132260 1.967728 0.058759 0.009612 -0.998109 0.015278 
1710052017.591203 9.711082 -9.134639 1.956538 0.058511 0.010122 -0.998117 0.015395 
1710052017.693261 9.598600 -9.136451 1.946984 0.058910 0.010498 -0.998108 0.014135 
1710052017.793506 9.505760 -9.150101 1.932639 0.056624 0.007580 -0.998236 0.016141 
1710052017.893575 9.432705 -9.138370 1.913851 0.056076 0.006799 -0.998274 0.016086 
1710052017.995905 9.326411 -9.132766 1.888547 0.056985 0.008248 -0.998246 0.013737 
1710052018.095197 9.227850 -9.128977 1.859310 0.058160 0.011294 -0.998113 0.016127 
1710052018.196239 9.138267 -9.124510 1.850888 0.056434 0.008171 -0.998261 0.014969 
1710052018.296951 9.055053 -9.126989 1.858742 0.056764 0.010302 -0.998210 0.015782 
1710052018.397899 8.951944 -9.132396 1.841008 0.058288 0.010186 -0.998108 0.016697 
1710052018.498888 8.840870 -9.138578 1.812747 0.058745 0.009957 -0.998123 0.014140 
1710052018.602703 8.760248 -9.133887 1.787670 0.059042 0.012318 -0.998053 0.015914 
1710052018.701767 8.687420 -9.130524 1.773672 0.058988 0.011427 -0.998071 0.015607 
1710052018.801371 8.566842 -9.150606 1.741836 0.061414 0.014711 -0.997928 0.012290 
1710052018.904134 8.452874 -9.126087 1.743461 0.071679 0.010276 -0.997242 0.016253 
1710052019.002961 8.375629 -9.117618 1.753280 0.073800 0.009280 -0.997119 0.014888 
1710052019.103797 8.298563 -9.110803 1.759768 0.072566 0.011388 -0.997168 0.016113 
1710052019.204657 8.214835 -9.119860 1.724192 0.073765 0.013254 -0.997032 0.017617 
1710052019.305617 8.122330 -9.122641 1.709709 0.075460 0.009852 -0.996974 0.015832 
1710052019.409182 8.052843 -9.130310 1.715472 0.075259 0.010258 -0.996935 0.018739 
1710052019.507427 7.962821 -9.138472 1.689177 0.074838 0.011229 -0.997009 0.015706 
1710052019.608482 7.860563 -9.147122 1.650438 0.081932 0.017388 -0.996324 0.017981 
1710052019.709502 7.763585 -9.157825 1.601723 0.080039 0.017494 -0.996506 0.016259 
1710052019.810217 7.683544 -9.178888 1.606003 0.079113 0.014543 -0.996639 0.015505 
1710052019.910783 7.593893 -9.223362 1.583334 0.080939 0.018395 -0.996414 0.016417 
1710052020.011833 7.494837 -9.248623 1.589174 0.089426 0.015062 -0.995758 0.015569 
1710052020.112462 7.403104 -9.260118 1.593765 0.090720 0.013128 -0.995648 0.016832 
1710052020.213232 7.322516 -9.265622 1.589996 0.089077 0.012257 -0.995806 0.016881 
1710052020.314391 7.228217 -9.284501 1.572831 0.088035 0.012228 -0.995929 0.015017 
1710052020.415082 7.135539 -9.284918 1.558411 0.090968 0.017019 -0.995563 0.017045 
1710052020.522121 7.057586 -9.291282 1.547478 0.091290 0.014592 -0.995590 0.015955 
1710052020.616987 6.974868 -9.293820 1.537425 0.091787 0.012801 -0.995573 0.015705 
1710052020.717601 6.873062 -9.316940 1.480791 0.095078 0.014509 -0.995216 0.017198 
1710052020.818434 6.761378 -9.336453 1.443970 0.094540 0.012518 -0.995326 0.015220 
1710052020.919326 6.684790 -9.345945 1.436202 0.093690 0.011461 -0.995378 0.017722 
1710052021.020446 6.593700 -9.360422 1.416228 0.092134 0.011369 -0.995578 0.014365 
1710052021.121006 6.484507 -9.365269 1.389120 0.096543 0.015355 -0.995072 0.016603 
1710052021.221823 6.408982 -9.371929 1.384848 0.093230 0.015622 -0.995385 0.016538 
1710052021.322823 6.335217 -9.380846 1.379928 0.091347 0.012270 -0.995626 0.015283 
1710052021.423745 6.253612 -9.395114 1.375214 0.086255 0.011339 -0.996063 0.017010 
1710052021.525332 6.142693 -9.401495 1.354635 0.083270 0.010377 -0.996346 0.015936 
1710052021.625407 6.052844 -9.398376 1.384492 0.076651 0.008225 -0.996904 0.015506 
1710052021.726123 5.967585 -9.391765 1.351770 0.073612 0.012199 -0.997068 0.016946 
1710052021.826975 5.865021 -9.394290 1.319877 0.066068 0.007899 -0.997683 0.014189 
1710052021.928204 5.751259 -9.391075 1.310311 0.069150 0.010086 -0.997427 0.015990 
1710052022.028860 5.674754 -9.389058 1.297509 0.067977 0.012708 -0.997510 0.013828 
1710052022.129574 5.578237 -9.373506 1.280379 0.066334 0.011914 -0.997593 0.016333 
1710052022.230426 5.477361 -9.373061 1.236348 0.067416 0.011526 -0.997505 0.017521 
1710052022.332284 5.381257 -9.372834 1.228351 0.066768 0.009561 -0.997599 0.015733 
1710052022.432326 5.309820 -9.368656 1.249058 0.065846 0.009249 -0.997632 0.017561 
1710052022.533011 5.232281 -9.383185 1.229426 0.063187 0.007511 -0.997853 0.015475 
1710052022.634221 5.114800 -9.387021 1.220204 0.065647 0.008928 -0.997687 0.015215 
1710052022.734710 5.031020 -9.395564 1.210011 0.064817 0.010835 -0.997707 0.016180 
1710052022.835590 4.948942 -9.398618 1.202392 0.063478 0.009447 -0.997823 0.015180 
1710052022.936577 4.860657 -9.403101 1.197073 0.063302 0.013021 -0.997753 0.017647 
1710052023.037516 4.758522 -9.406024 1.171956 0.064644 0.010433 -0.997722 0.016237 
1710052023.138529 4.678339 -9.404518 1.181611 0.063338 0.010225 -0.997799 0.016760 
1710052023.239012 4.597490 -9.416265 1.173526 0.063391 0.011095 -0.997784 0.016926 
1710052023.339911 4.493292 -9.430447 1.163644 0.064587 0.011616 -0.997725 0.015412 
1710052023.440885 4.396959 -9.465696 1.157013 0.067514 0.015023 -0.997475 0.016120 
1710052023.541807 4.315133 -9.479802 1.142359 0.066506 0.012786 -0.997591 0.015041 
1710052023.642610 4.227561 -9.492805 1.134484 0.063797 0.013754 -0.997752 0.015195 
1710052023.743369 4.130348 -9.519250 1.107388 0.068475 0.016276 -0.997382 0.016593 
1710052023.844177 4.024575 -9.517955 1.080955 0.068626 0.015302 -0.997403 0.015591 
1710052023.945334 3.954830 -9.527235 1.086794 0.067346 0.012943 -0.997501 0.016996 
1710052024.046164 3.860968 -9.542282 1.057998 0.065327 0.010958 -0.997671 0.016276 
1710052024.146765 3.754927 -9.565807 1.040577 0.067893 0.014384 -0.997449 0.016682 
1710052024.248154 3.679630 -9.587612 1.045093 0.066113 0.013851 -0.997590 0.015885 
1710052024.348827 3.598524 -9.607787 1.041553 0.065656 0.013787 -0.997631 0.015228 
1710052024.449327 3.497053 -9.623357 1.041041 0.066748 0.014154 -0.997521 0.017209 
1710052024.550303 3.390600 -9.616384 1.000757 0.068491 0.012768 -0.997438 0.016223 
1710052024.651052 3.309831 -9.616929 0.988474 0.066447 0.011857 -0.997573 0.017121 
1710052024.751937 3.227680 -9.627580 0.992822 0.065834 0.010364 -0.997642 0.016426 
1710052024.852779 3.118190 -9.640151 0.977552 0.067419 0.012738 -0.997525 0.015375 
1710052024.953678 3.039600 -9.648099 0.980731 0.067918 0.014389 -0.997457 0.016091 
1710052025.054616 2.968235 -9.651045 0.966623 0.065191 0.012863 -0.997676 0.015049 
1710052025.158956 2.873054 -9.653928 0.967116 0.063135 0.012477 -0.997799 0.016001 
1710052025.256401 2.761999 -9.660733 0.961941 0.065531 0.010078 -0.997682 0.015294 
1710052025.357216 2.676585 -9.658095 0.952077 0.062273 0.011362 -0.997864 0.016116 
1710052025.458117 2.610260 -9.659346 0.945325 0.060522 0.010665 -0.997971 0.016648 
1710052025.559007 2.506512 -9.666416 0.911877 0.058201 0.011947 -0.998110 0.015680 
1710052025.659710 2.390828 -9.691752 0.898617 0.057880 0.012259 -0.998129 0.015454 
1710052025.760556 2.298986 -9.710897 0.885640 0.056960 0.009724 -0.998209 0.015473 
1710052025.861404 2.211801 -9.718167 0.887020 0.057135 0.012174 -0.998172 0.015486 
1710052025.962530 2.088147 -9.723903 0.902934 0.058359 0.010212 -0.998122 0.015542 
1710052026.063059 2.001852 -9.732127 0.890703 0.059747 0.010291 -0.998016 0.017001 
1710052026.163926 1.910508 -9.738918 0.874780 0.059915 0.009966 -0.998016 0.016573 
1710052026.264781 1.800908 -9.752691 0.839086 0.061906 0.012406 -0.997901 0.014369 
1710052026.372196 1.701050 -9.767374 0.822552 0.061632 0.014075 -0.997869 0.016170 
1710052026.466509 1.617817 -9.767472 0.822813 0.059906 0.013202 -0.998004 0.014986 
1710052026.567444 1.547100 -9.787150 0.808151 0.057612 0.012055 -0.998150 0.015223 
1710052026.668215 1.445437 -9.806640 0.795534 0.059597 0.013529 -0.997978 0.017461 
1710052026.769411 1.333707 -9.818267 0.780389 0.059941 0.011425 -0.998013 0.015697 
1710052026.869945 1.246242 -9.824547 0.776405 0.058653 0.012072 -0.998056 0.017274 
1710052026.971488 1.159487 -9.819287 0.776930 0.056169 0.010198 -0.998240 0.016029 
1710052027.071773 1.052990 -9.819764 0.745621 0.059071 0.010084 -0.998086 0.015260 
1710052027.172572 0.959469 -9.823325 0.731554 0.057552 0.012727 -0.998136 0.015819 
1710052027.273647 0.886914 -9.824394 0.733219 0.058261 0.010881 -0.998114 0.015974 
1710052027.374269 0.839146 -9.837166 0.723604 0.057518 0.012355 -0.998117 0.017389 
1710052027.475090 0.754041 -9.842061 0.717401 0.058677 0.011801 -0.998071 0.016472 
1710052027.576074 0.699202 -9.838388 0.711448 0.057728 0.012894 -0.998119 0.016105 
1710052027.676823 0.652527 -9.826062 0.712341 0.058221 0.011120 -0.998100 0.016815 
1710052027.777847 0.601080 -9.816058 0.724600 0.061216 0.010069 -0.997951 0.015676 
1710052027.878503 0.563426 -9.819894 0.723768 0.060308 0.010437 -0.997976 0.017252 
1710052027.979517 0.524983 -9.814519 0.723491 0.058792 0.009584 -0.998090 0.016383 
1710052028.080237 0.474683 -9.807758 0.707555 0.057039 0.010375 -0.998187 0.016188 
1710052028.181119 0.390408 -9.791509 0.702921 0.057212 0.010069 -0.998196 0.015199 
1710052028.282056 0.324367 -9.772153 0.707449 0.056587 0.008293 -0.998241 0.015632 
1710052028.383014 0.268268 -9.766919 0.704317 0.055601 0.009255 -0.998281 0.016033 
1710052028.483671 0.194124 -9.765168 0.682173 0.051948 0.009078 -0.998489 0.015467 
1710052028.584628 0.122614 -9.769485 0.675300 0.055774 0.010067 -0.998248 0.016973 
1710052028.685390 0.064188 -9.785534 0.672390 0.053892 0.009992 -0.998350 0.017121 
1710052028.786238 0.006076 -9.796090 0.670823 0.053064 0.010458 -0.998401 0.016452 
1710052028.887169 -0.060496 -9.796910 0.645374 0.054153 0.011767 -0.998309 0.017576 
1710052028.988149 -0.130612 -9.800862 0.637369 0.055113 0.010708 -0.998299 0.015708 
1710052029.088857 -0.189626 -9.796969 0.633622 0.053728 0.011155 -0.998350 0.016932 
1710052029.189708 -0.255186 -9.799265 0.616159 0.052427 0.011827 -0.998427 0.015979 
1710052029.290724 -0.341053 -9.809860 0.602024 0.054585 0.013274 -0.998280 0.016752 
1710052029.391596 -0.412060 -9.809332 0.597523 0.053876 0.014520 -0.998303 0.016686 
1710052029.492412 -0.476571 -9.807786 0.599005 0.053861 0.012789 -0.998340 0.015916 
1710052029.593120 -0.548173 -9.819385 0.590575 0.054958 0.013786 -0.998259 0.016412 
1710052029.694233 -0.621593 -9.832098 0.576671 0.058425 0.012695 -0.998069 0.016862 
1710052029.795531 -0.681519 -9.846763 0.560182 0.056421 0.011391 -0.998209 0.016326 
1710052029.895742 -0.745492 -9.845095 0.566228 0.057899 0.010780 -0.998125 0.016681 
1710052029.996974 -0.826113 -9.851287 0.555039 0.056999 0.012471 -0.998157 0.016692 
1710052030.097427 -0.913415 -9.856961 0.540613 0.059435 0.014606 -0.997963 0.017987 
1710052030.198276 -0.983123 -9.860720 0.550722 0.056640 0.013377 -0.998172 0.016293 
1710052030.299210 -1.050517 -9.875841 0.557312 0.055380 0.012824 -0.998252 0.016169 
1710052030.400048 -1.148826 -9.900548 0.529317 0.053183 0.012091 -0.998345 0.018232 
1710052030.500899 -1.257369 -9.912664 0.521150 0.055749 0.012916 -0.998228 0.016322 
1710052030.601936 -1.328627 -9.928514 0.512178 0.054106 0.014842 -0.998266 0.017802 
1710052030.702566 -1.403843 -9.934599 0.489415 0.052766 0.012522 -0.998369 0.017854 
1710052030.803421 -1.503524 -9.936958 0.477476 0.053387 0.011367 -0.998378 0.016175 
1710052030.904285 -1.604121 -9.946979 0.464245 0.055462 0.013653 -0.998208 0.017823 
1710052031.005421 -1.680875 -9.955984 0.465639 0.055861 0.012370 -0.998228 0.016324 
1710052031.105998 -1.752076 -9.953909 0.452903 0.055476 0.012049 -0.998243 0.016951 
1710052031.206940 -1.853865 -9.954682 0.434286 0.058472 0.010260 -0.998072 0.018137 
1710052031.308008 -1.945810 -9.967567 0.456812 0.061410 0.007920 -0.997935 0.017078 
1710052031.408726 -2.016835 -9.980296 0.450550 0.062106 0.008989 -0.997869 0.017900 
1710052031.509490 -2.095735 -9.976175 0.408029 0.060169 0.007365 -0.998024 0.016521 
1710052031.610299 -2.199203 -9.962692 0.395757 0.064026 0.009862 -0.997771 0.016014 
1710052031.711174 -2.267631 -9.955660 0.405783 0.063982 0.010800 -0.997766 0.015911 
1710052031.812286 -2.326872 -9.957158 0.392819 0.065134 0.012659 -0.997677 0.015406 
1710052031.913011 -2.429310 -9.955671 0.343065 0.067223 0.011749 -0.997521 0.017148 
1710052032.014204 -2.538527 -9.968754 0.326018 0.066499 0.010967 -0.997588 0.016577 
1710052032.114645 -2.607966 -9.971407 0.338134 0.064230 0.011156 -0.997719 0.017490 
1710052032.215981 -2.681018 -9.971602 0.320013 0.062644 0.010634 -0.997838 0.016796 
1710052032.316801 -2.786941 -9.966218 0.329644 0.065450 0.009155 -0.997671 0.016874 
1710052032.417165 -2.865751 -9.966169 0.311853 0.063752 0.013140 -0.997721 0.017787 
1710052032.518061 -2.933018 -9.970948 0.319729 0.061602 0.012114 -0.997896 0.016182 
1710052032.618940 -3.036377 -9.970806 0.287884 0.062309 0.012226 -0.997833 0.017252 
1710052032.719736 -3.140557 -9.974440 0.282119 0.063049 0.009726 -0.997825 0.016623 
1710052032.820622 -3.219249 -9.981868 0.291625 0.061943 0.008246 -0.997915 0.016123 
1710052032.921486 -3.291669 -9.992538 0.287238 0.062570 0.010523 -0.997841 0.016936 
1710052033.022700 -3.380092 -9.995190 0.276815 0.061058 0.009464 -0.997979 0.014840 
1710052033.123188 -3.474665 -9.998385 0.257223 0.065147 0.011645 -0.997665 0.016902 
1710052033.224394 -3.542643 -10.006820 0.242092 0.063828 0.011660 -0.997772 0.015537 
1710052033.325064 -3.624353 -10.009620 0.227055 0.062901 0.011271 -0.997821 0.016435 
1710052033.425900 -3.720003 -10.014670 0.183511 0.065057 0.011602 -0.997666 0.017185 
1710052033.526662 -3.808441 -10.013062 0.190022 0.063019 0.009508 -0.997838 0.016037 
1710052033.627636 -3.881581 -10.018121 0.193817 0.062188 0.010750 -0.997853 0.017484 
1710052033.728459 -3.965093 -10.019215 0.180916 0.059880 0.009578 -0.998030 0.016058 
1710052033.829315 -4.069508 -10.024229 0.160627 0.062042 0.010773 -0.997880 0.016446 
1710052033.930251 -4.140598 -10.033880 0.129546 0.059870 0.013619 -0.997964 0.017261 
1710052034.030975 -4.208938 -10.042709 0.138625 0.059574 0.010663 -0.998048 0.015429 
1710052034.131807 -4.323822 -10.043008 0.100396 0.063882 0.013499 -0.997706 0.017870 
1710052034.233309 -4.424036 -10.057714 0.110652 0.065989 0.009700 -0.997640 0.016280 
1710052034.333729 -4.500286 -10.047297 0.128690 0.064950 0.009919 -0.997699 0.016753 
1710052034.434363 -4.565573 -10.043787 0.119516 0.068324 0.010064 -0.997458 0.017529 
1710052034.537171 -4.670654 -10.054461 0.092333 0.066307 0.010413 -0.997635 0.014841 
1710052034.636102 -4.777093 -10.061296 0.077426 0.073788 0.013145 -0.997044 0.016890 
1710052034.736968 -4.850429 -10.071760 0.062918 0.073601 0.011281 -0.997099 0.015801 
1710052034.837818 -4.936666 -10.072463 0.041775 0.075100 0.011512 -0.996977 0.016261 
1710052034.938769 -5.040164 -10.090017 0.020515 0.078587 0.011965 -0.996677 0.017800 
1710052035.041429 -5.141504 -10.083766 -0.007298 0.082139 0.010115 -0.996432 0.016533 
1710052035.140414 -5.221570 -10.086110 -0.001817 0.080908 0.010901 -0.996510 0.017417 
1710052035.241384 -5.302957 -10.092231 -0.008305 0.079886 0.010695 -0.996622 0.015782 
1710052035.342300 -5.400331 -10.092193 -0.021461 0.082700 0.012271 -0.996415 0.012943 
1710052035.442964 -5.465820 -10.084148 -0.014122 0.084952 0.009327 -0.996324 0.005847 
1710052035.544092 -5.542268 -10.077219 -0.031762 0.081434 0.006239 -0.996641 -0.005954 
1710052035.644840 -5.669617 -10.063902 -0.055729 0.081058 0.007622 -0.996655 -0.007134 
1710052035.745739 -5.790922 -10.056709 -0.087553 0.081306 0.007769 -0.996630 -0.007534 
1710052035.846389 -5.881429 -10.046529 -0.100481 0.078760 0.008446 -0.996838 -0.006293 
1710052035.947231 -5.958545 -10.047377 -0.100607 0.081096 0.007796 -0.996653 -0.006688 
1710052036.048182 -6.072154 -10.064276 -0.115529 0.079793 0.010269 -0.996723 -0.008471 
1710052036.149129 -6.145526 -10.073164 -0.131497 0.083057 0.010171 -0.996473 -0.006243 
1710052036.249808 -6.224613 -10.070397 -0.140142 0.080684 0.008527 -0.996675 -0.007511 
1710052036.350781 -6.322073 -10.069771 -0.150227 0.077271 0.006860 -0.996973 -0.005254 
1710052036.451555 -6.425712 -10.068036 -0.152841 0.076080 0.006045 -0.997066 -0.005871 
1710052036.553095 -6.509599 -10.058922 -0.176662 0.071691 0.007984 -0.997373 -0.006548 
1710052036.653279 -6.588727 -10.045101 -0.190733 0.067939 0.009197 -0.997626 -0.006414 
1710052036.754230 -6.682915 -10.035345 -0.210848 0.067342 0.010550 -0.997644 -0.007760 
1710052036.854949 -6.794595 -10.036725 -0.230181 0.067594 0.008677 -0.997648 -0.007343 
1710052036.955857 -6.890687 -10.041356 -0.233097 0.064893 0.007892 -0.997828 -0.008143 
1710052037.056864 -6.973970 -10.040602 -0.256258 0.062920 0.010215 -0.997936 -0.007780 
1710052037.157695 -7.098773 -10.032464 -0.271260 0.062426 0.009367 -0.997983 -0.006769 
1710052037.258571 -7.188851 -10.028777 -0.279002 0.062505 0.008734 -0.997983 -0.006812 
1710052037.359363 -7.273133 -10.026279 -0.275556 0.062407 0.009426 -0.997984 -0.006593 
1710052037.462449 -7.375166 -10.022136 -0.287091 0.063054 0.009999 -0.997932 -0.007537 
1710052037.560979 -7.485948 -10.031574 -0.309361 0.065100 0.012936 -0.997775 -0.006308 
1710052037.662673 -7.588466 -10.043593 -0.322831 0.063961 0.011799 -0.997853 -0.007641 
1710052037.762843 -7.666340 -10.046204 -0.333485 0.062764 0.012067 -0.997928 -0.007387 
1710052037.863580 -7.777436 -10.057192 -0.358538 0.065622 0.014191 -0.997725 -0.006156 
1710052037.965787 -7.875554 -10.076142 -0.371967 0.065471 0.010828 -0.997769 -0.007241 
1710052038.065335 -7.939094 -10.082005 -0.367450 0.066397 0.009773 -0.997731 -0.005378 
1710052038.166113 -8.022038 -10.075090 -0.373146 0.064204 0.009215 -0.997868 -0.007289 
1710052038.267058 -8.133885 -10.064221 -0.398316 0.067380 0.009305 -0.997660 -0.006896 
1710052038.368289 -8.224362 -10.064890 -0.400133 0.067396 0.010547 -0.997644 -0.007299 
1710052038.468711 -8.311673 -10.065197 -0.400865 0.067486 0.010814 -0.997636 -0.007184 
1710052038.569830 -8.410948 -10.075807 -0.431562 0.067497 0.010767 -0.997648 -0.005177 
1710052038.670423 -8.519352 -10.066533 -0.449101 0.070441 0.009938 -0.997440 -0.007299 
1710052038.774774 -8.598757 -10.068197 -0.462035 0.069621 0.010027 -0.997507 -0.005698 
1710052038.872136 -8.681786 -10.066163 -0.458945 0.068548 0.010794 -0.997565 -0.006978 
1710052038.973026 -8.796379 -10.072184 -0.486560 0.074671 0.013511 -0.997110 -0.003657 
1710052039.074378 -8.885768 -10.080782 -0.482648 0.073224 0.022377 -0.997047 0.005870 
1710052039.175080 -8.963595 -10.072079 -0.486231 0.073936 0.019475 -0.997065 0.003815 
1710052039.276415 -9.057925 -10.073228 -0.499617 0.076001 0.017656 -0.996944 0.003956 
1710052039.376570 -9.171079 -10.080514 -0.531047 0.076433 0.013361 -0.996975 0.004475 
1710052039.477304 -9.273396 -10.080515 -0.545886 0.074856 0.006408 -0.997169 0.003016 
1710052039.578187 -9.353489 -10.076005 -0.555266 0.077715 0.010060 -0.996914 0.004634 
1710052039.679256 -9.448841 -10.065982 -0.574656 0.076288 0.008208 -0.997050 0.002170 
1710052039.780141 -9.542323 -10.064332 -0.601987 0.079941 0.010162 -0.996739 0.004180 
1710052039.880831 -9.620526 -10.058789 -0.614944 0.081286 0.009592 -0.996640 0.003159 
1710052039.981773 -9.690962 -10.058580 -0.612652 0.079856 0.011778 -0.996730 0.003732 
1710052040.082489 -9.784112 -10.071546 -0.634577 0.080683 0.014620 -0.996622 0.004686 
1710052040.183312 -9.884854 -10.075307 -0.650689 0.080640 0.011630 -0.996671 0.003001 
1710052040.284295 -9.961793 -10.087757 -0.662133 0.078941 0.011580 -0.996787 0.007056 
1710052040.385046 -10.049083 -10.093154 -0.658713 0.075559 0.017077 -0.996812 0.019091 
1710052040.486133 -10.155024 -10.119186 -0.669523 0.080089 0.027411 -0.995747 0.036350 
1710052040.587042 -10.226588 -10.130429 -0.670583 0.075913 0.032119 -0.995220 0.052366 
1710052040.687646 -10.303650 -10.130872 -0.676580 0.073061 0.027988 -0.995389 0.055492 
1710052040.788475 -10.401808 -10.146943 -0.699662 0.071793 0.022505 -0.995439 0.058657 
1710052040.889367 -10.519302 -10.139753 -0.726588 0.073913 0.016965 -0.995550 0.055932 
1710052040.990262 -10.614737 -10.134828 -0.724764 0.071248 0.014063 -0.995736 0.056891 
1710052041.091360 -10.702402 -10.139882 -0.731385 0.069824 0.014055 -0.995831 0.056994 
1710052041.191959 -10.811671 -10.146406 -0.755907 0.068442 0.011947 -0.996018 0.055864 
1710052041.292862 -10.926933 -10.161653 -0.767837 0.071091 0.014845 -0.995713 0.057282 
1710052041.393708 -11.006266 -10.193325 -0.790239 0.069210 0.014633 -0.995941 0.055647 
1710052041.494665 -11.076133 -10.214021 -0.791986 0.067627 0.015832 -0.996007 0.056082 
1710052041.595333 -11.174658 -10.236885 -0.846208 0.069546 0.022804 -0.995771 0.055532 
1710052041.696477 -11.267765 -10.252519 -0.857385 0.072392 0.014531 -0.995750 0.055041 
1710052041.797199 -11.338519 -10.271068 -0.857501 0.070178 0.013330 -0.995791 0.057423 
1710052041.898142 -11.421356 -10.277883 -0.861420 0.067987 0.014551 -0.996030 0.055598 
1710052041.998755 -11.519561 -10.302941 -0.879575 0.071561 0.016247 -0.995721 0.056169 
1710052042.099685 -11.603053 -10.328543 -0.880814 0.067239 0.014512 -0.996073 0.055748 
1710052042.200526 -11.675905 -10.349158 -0.871014 0.069884 0.012494 -0.995938 0.055389 
1710052042.301524 -11.767461 -10.376826 -0.874180 0.068074 0.013156 -0.995935 0.057500 
1710052042.402223 -11.865283 -10.384926 -0.887558 0.067542 0.014465 -0.996068 0.055479 
1710052042.503103 -11.945739 -10.395488 -0.893460 0.064488 0.014068 -0.996167 0.057403 
1710052042.605783 -12.025904 -10.401403 -0.914185 0.061503 0.014482 -0.996364 0.057152 
1710052042.706867 -12.122906 -10.408231 -0.940023 0.060340 0.012158 -0.996545 0.055755 
1710052042.805686 -12.228507 -10.412163 -0.949153 0.064009 0.014209 -0.996226 0.056877 
1710052042.906608 -12.322150 -10.420223 -0.956603 0.062982 0.012229 -0.996402 0.055382 
1710052043.008050 -12.404297 -10.430612 -0.963996 0.062602 0.013985 -0.996401 0.055419 
1710052043.108523 -12.506852 -10.439768 -0.980335 0.064265 0.009674 -0.996585 0.050932 
1710052043.209305 -12.620867 -10.418001 -1.013156 0.069766 0.007280 -0.996873 0.036391 
1710052043.310027 -12.705069 -10.403170 -1.033574 0.069250 0.001365 -0.997345 0.022475 
1710052043.410818 -12.762675 -10.395317 -1.043794 0.069821 -0.002053 -0.997556 0.001675 
1710052043.511657 -12.847307 -10.391815 -1.044994 0.077623 -0.006040 -0.996831 -0.016316 
1710052043.612931 -12.920123 -10.384907 -1.048104 0.074858 -0.004511 -0.996325 -0.041382 
1710052043.713552 -12.979010 -10.404957 -1.052099 0.071268 -0.007745 -0.995337 -0.064544 
1710052043.814282 -13.075346 -10.409857 -1.048755 0.069497 -0.009358 -0.994069 -0.083126 
1710052043.915204 -13.179755 -10.383752 -1.074607 0.067646 -0.012610 -0.992012 -0.105720 
1710052044.015947 -13.264729 -10.368165 -1.095119 0.062250 -0.013418 -0.989338 -0.130980 
1710052044.117110 -13.325297 -10.353853 -1.093540 0.059106 -0.015905 -0.985647 -0.157335 
1710052044.217667 -13.410221 -10.317212 -1.108269 0.051683 -0.019700 -0.981613 -0.182695 
1710052044.318710 -13.501761 -10.280610 -1.110888 0.050304 -0.020185 -0.976010 -0.210869 
1710052044.419410 -13.568011 -10.250619 -1.091962 0.041097 -0.023713 -0.968135 -0.245892 
1710052044.520281 -13.637331 -10.193338 -1.070353 0.027073 -0.022567 -0.959493 -0.279518 
1710052044.621099 -13.719787 -10.145106 -1.092298 0.018741 -0.019262 -0.951523 -0.306402 
1710052044.721963 -13.790195 -10.065052 -1.076480 0.008599 -0.017856 -0.939917 -0.340826 
1710052044.822823 -13.837649 -10.007697 -1.064728 -0.002010 -0.010158 -0.929713 -0.368140 
1710052044.923914 -13.897342 -9.944458 -1.054469 -0.013939 -0.010004 -0.917172 -0.398121 
1710052045.024727 -13.980968 -9.871770 -1.064005 -0.012683 -0.005666 -0.905495 -0.424129 
1710052045.125696 -14.051478 -9.806130 -1.061577 -0.018010 -0.000606 -0.890566 -0.454497 
1710052045.226524 -14.097726 -9.749036 -1.057882 -0.025462 0.001551 -0.875390 -0.482744 
1710052045.327129 -14.156491 -9.682085 -1.072186 -0.028107 0.005679 -0.860192 -0.509164 
1710052045.427984 -14.209717 -9.596720 -1.071446 -0.027813 0.005638 -0.846521 -0.531599 
1710052045.528831 -14.257157 -9.528417 -1.071264 -0.028918 0.008002 -0.829560 -0.557611 
1710052045.629877 -14.275640 -9.465242 -1.065537 -0.036499 0.011058 -0.813089 -0.580889 
1710052045.730570 -14.292035 -9.387051 -1.065619 -0.038726 0.013798 -0.794524 -0.605839 
1710052045.831493 -14.308679 -9.302594 -1.065560 -0.040314 0.016016 -0.776751 -0.628312 
1710052045.932354 -14.310041 -9.259102 -1.057819 -0.044919 0.019507 -0.756963 -0.651620 
1710052046.033224 -14.320687 -9.200661 -1.042917 -0.044773 0.021555 -0.739545 -0.671270 
1710052046.134052 -14.327771 -9.107041 -1.046005 -0.038830 0.025156 -0.725772 -0.686378 
1710052046.234862 -14.343397 -8.990195 -1.028535 -0.032106 0.027382 -0.716245 -0.696572 
1710052046.335797 -14.360841 -8.888133 -1.003451 -0.027217 0.034450 -0.714254 -0.698509 
1710052046.436550 -14.386990 -8.782053 -0.989064 -0.025366 0.039588 -0.713641 -0.698932 
1710052046.537679 -14.401731 -8.646998 -0.996219 -0.019911 0.040821 -0.712640 -0.700058 
1710052046.638301 -14.409843 -8.544660 -1.003959 -0.020154 0.043007 -0.712742 -0.699817 
1710052046.739158 -14.422947 -8.458076 -1.000753 -0.022940 0.044391 -0.711984 -0.700416 
1710052046.840012 -14.436827 -8.356651 -0.991109 -0.020465 0.042230 -0.713913 -0.698660 
1710052046.941089 -14.428299 -8.258372 -0.978607 -0.022368 0.041697 -0.712875 -0.699693 
1710052047.041817 -14.410890 -8.180850 -0.962128 -0.025877 0.045068 -0.712991 -0.699245 
1710052047.142900 -14.398587 -8.113390 -0.955863 -0.026890 0.046000 -0.712750 -0.699391 
1710052047.243729 -14.416117 -8.013753 -0.942038 -0.027193 0.049507 -0.711768 -0.700140 
1710052047.344289 -14.435742 -7.908882 -0.937178 -0.026315 0.050640 -0.712583 -0.699263 
1710052047.445257 -14.454896 -7.830778 -0.914723 -0.027088 0.049506 -0.711859 -0.700051 
1710052047.546006 -14.442318 -7.761715 -0.899644 -0.028111 0.049702 -0.712724 -0.699117 
1710052047.647293 -14.478830 -7.646312 -0.896484 -0.027863 0.048211 -0.712665 -0.699291 
1710052047.747767 -14.478985 -7.550918 -0.882482 -0.030110 0.046507 -0.712588 -0.699391 
1710052047.848732 -14.469134 -7.465339 -0.876116 -0.031448 0.049358 -0.712955 -0.698763 
1710052047.951954 -14.468608 -7.383465 -0.865265 -0.034296 0.047357 -0.713401 -0.698312 
1710052048.050303 -14.454016 -7.276149 -0.860857 -0.029796 0.046942 -0.712195 -0.699776 
1710052048.151206 -14.439729 -7.180755 -0.832719 -0.031142 0.051623 -0.711769 -0.699821 
1710052048.254099 -14.436251 -7.111765 -0.805731 -0.030333 0.052492 -0.712413 -0.699136 
1710052048.352908 -14.432527 -7.013064 -0.784418 -0.030555 0.050319 -0.713572 -0.698104 
1710052048.453733 -14.441101 -6.905586 -0.770518 -0.030417 0.049919 -0.712853 -0.698873 
1710052048.556067 -14.462376 -6.817173 -0.768027 -0.031936 0.050178 -0.713259 -0.698373 
1710052048.657540 -14.485856 -6.729897 -0.755679 -0.032787 0.052490 -0.712909 -0.698520 
1710052048.756391 -14.500220 -6.621602 -0.743315 -0.031974 0.050563 -0.712478 -0.699139 
1710052048.857289 -14.508108 -6.516858 -0.725842 -0.030931 0.052138 -0.711442 -0.700125 
1710052048.958170 -14.518922 -6.448363 -0.708218 -0.033653 0.050684 -0.711693 -0.699851 
1710052049.059013 -14.506738 -6.358893 -0.693509 -0.035235 0.047630 -0.711354 -0.700332 
1710052049.159955 -14.506191 -6.253709 -0.694044 -0.033956 0.048688 -0.713734 -0.697897 
1710052049.260849 -14.497389 -6.169835 -0.685821 -0.033258 0.049263 -0.712181 -0.699475 
1710052049.361479 -14.495620 -6.080334 -0.663347 -0.034136 0.048920 -0.711967 -0.699675 
1710052049.462451 -14.493109 -5.978798 -0.665850 -0.033812 0.048006 -0.711939 -0.699782 
1710052049.563200 -14.489459 -5.875682 -0.658876 -0.032093 0.051409 -0.712556 -0.698993 
1710052049.664076 -14.491262 -5.797525 -0.647899 -0.034070 0.050256 -0.711845 -0.699707 
1710052049.764918 -14.501343 -5.717984 -0.630015 -0.034869 0.052761 -0.713488 -0.697807 
1710052049.866111 -14.501440 -5.600710 -0.612511 -0.034989 0.050731 -0.712945 -0.698506 
1710052049.966633 -14.519479 -5.503363 -0.602041 -0.035076 0.047353 -0.711795 -0.699911 
1710052050.067484 -14.527923 -5.429135 -0.585573 -0.036333 0.051291 -0.712069 -0.699290 
1710052050.168401 -14.529860 -5.337999 -0.568018 -0.036669 0.046794 -0.712487 -0.699163 
1710052050.269451 -14.532353 -5.227833 -0.557702 -0.034275 0.050274 -0.712636 -0.698890 
1710052050.370117 -14.511746 -5.145645 -0.542182 -0.033752 0.053107 -0.712609 -0.698734 
1710052050.470941 -14.500440 -5.070693 -0.524522 -0.033730 0.053915 -0.712878 -0.698398 
1710052050.571804 -14.490453 -4.973448 -0.536647 -0.035096 0.051616 -0.713814 -0.697549 
1710052050.672650 -14.491324 -4.871483 -0.516033 -0.036456 0.050489 -0.712920 -0.698475 
1710052050.773541 -14.502748 -4.801793 -0.491398 -0.038585 0.050895 -0.713686 -0.697548 
1710052050.874532 -14.517605 -4.710765 -0.469931 -0.036575 0.050094 -0.712462 -0.698964 
1710052050.975373 -14.520137 -4.597219 -0.478596 -0.034916 0.050831 -0.712436 -0.699022 
1710052051.076256 -14.525674 -4.500608 -0.471629 -0.035242 0.051085 -0.712567 -0.698854 
1710052051.177036 -14.522669 -4.421424 -0.456309 -0.036254 0.052646 -0.712009 -0.699254 
1710052051.277905 -14.542722 -4.328494 -0.450882 -0.038018 0.054055 -0.713027 -0.698015 
1710052051.378720 -14.550850 -4.221603 -0.448188 -0.037172 0.051728 -0.712624 -0.698648 
1710052051.479543 -14.559342 -4.145084 -0.435223 -0.037085 0.050461 -0.712260 -0.699117 
1710052051.580551 -14.556592 -4.062423 -0.424548 -0.037090 0.052655 -0.712852 -0.698350 
1710052051.681456 -14.560838 -3.966087 -0.415438 -0.035915 0.051092 -0.713023 -0.698354 
1710052051.782098 -14.569762 -3.853260 -0.406452 -0.033427 0.051104 -0.712607 -0.698900 
1710052051.883824 -14.577737 -3.771423 -0.394909 -0.034004 0.049630 -0.712002 -0.699596 
1710052051.983809 -14.587004 -3.704041 -0.379553 -0.033921 0.052157 -0.712187 -0.699227 
1710052052.084738 -14.597848 -3.596279 -0.389094 -0.030646 0.047946 -0.713426 -0.698416 
1710052052.185533 -14.613697 -3.484944 -0.396524 -0.031456 0.045216 -0.712420 -0.699589 
1710052052.286668 -14.625302 -3.397742 -0.372969 -0.029111 0.043293 -0.713543 -0.698666 
1710052052.387427 -14.621430 -3.314700 -0.375473 -0.028172 0.041891 -0.713462 -0.698873 
1710052052.488195 -14.624435 -3.209075 -0.360789 -0.022182 0.038186 -0.712206 -0.700580 
1710052052.589049 -14.618317 -3.135484 -0.346750 -0.018521 0.034138 -0.710082 -0.703047 
1710052052.689876 -14.611308 -3.072178 -0.329246 -0.019510 0.030451 -0.699555 -0.713663 
1710052052.790854 -14.605027 -2.982926 -0.338409 -0.019416 0.024371 -0.689925 -0.723210 
1710052052.891733 -14.609560 -2.881364 -0.326511 -0.021323 0.018341 -0.678754 -0.733827 
1710052052.992540 -14.598024 -2.807532 -0.304912 -0.019766 0.016133 -0.666368 -0.745187 
1710052053.093370 -14.577783 -2.745251 -0.297935 -0.020070 0.015349 -0.655947 -0.754384 
1710052053.194476 -14.550815 -2.657586 -0.302151 -0.019579 0.013602 -0.643053 -0.765450 
1710052053.294987 -14.523700 -2.547705 -0.312482 -0.017387 0.009892 -0.628214 -0.777783 
1710052053.395931 -14.512563 -2.470085 -0.317471 -0.018098 0.009738 -0.612368 -0.790306 
1710052053.497052 -14.479617 -2.401723 -0.314754 -0.018124 0.008605 -0.595342 -0.803222 
1710052053.597765 -14.438225 -2.307941 -0.319814 -0.013637 0.004816 -0.579716 -0.814690 
1710052053.698437 -14.418817 -2.214719 -0.339237 -0.012573 0.002050 -0.561576 -0.827327 
1710052053.799391 -14.400047 -2.146344 -0.307350 -0.017043 0.003398 -0.546836 -0.837059 
1710052053.900174 -14.367744 -2.070402 -0.296513 -0.014948 0.002890 -0.528882 -0.848559 
1710052054.001009 -14.315657 -1.973642 -0.300630 -0.012364 0.001740 -0.514953 -0.857128 
1710052054.101847 -14.274271 -1.891893 -0.306278 -0.012483 0.002736 -0.496123 -0.868158 
1710052054.202947 -14.231593 -1.828290 -0.307699 -0.015711 0.003787 -0.477224 -0.878633 
1710052054.303671 -14.172738 -1.749269 -0.293075 -0.014410 0.005522 -0.461723 -0.886890 
1710052054.404510 -14.108085 -1.652518 -0.298369 -0.016141 0.003142 -0.444576 -0.895590 
1710052054.505390 -14.044458 -1.594352 -0.289149 -0.016372 0.002620 -0.425943 -0.904598 
1710052054.608009 -13.980327 -1.538315 -0.291835 -0.018104 0.005814 -0.408046 -0.912763 
1710052054.707162 -13.909417 -1.462843 -0.293900 -0.018545 0.003364 -0.389741 -0.920732 
1710052054.808018 -13.839865 -1.381488 -0.294149 -0.017078 0.002055 -0.372536 -0.927858 
1710052054.908887 -13.802422 -1.307674 -0.288006 -0.018245 0.004477 -0.352139 -0.935759 
1710052055.009924 -13.751759 -1.253904 -0.280159 -0.018206 0.005469 -0.332593 -0.942879 
1710052055.110455 -13.685714 -1.190894 -0.295660 -0.016496 0.001513 -0.316550 -0.948431 
1710052055.211696 -13.616580 -1.130725 -0.280110 -0.019048 0.001311 -0.296700 -0.954780 
1710052055.312202 -13.560302 -1.095759 -0.276708 -0.019808 0.003443 -0.277381 -0.960550 
1710052055.413037 -13.483135 -1.028718 -0.285770 -0.024781 0.003904 -0.257052 -0.966072 
1710052055.513928 -13.399503 -0.956775 -0.295533 -0.017093 -0.000367 -0.236152 -0.971566 
1710052055.614871 -13.320053 -0.902952 -0.283445 -0.016810 0.000240 -0.216073 -0.976233 
1710052055.717149 -13.244865 -0.873525 -0.278697 -0.020831 0.003435 -0.195196 -0.980537 
1710052055.816671 -13.138064 -0.842351 -0.278511 -0.018084 0.004327 -0.178845 -0.983702 
1710052055.917362 -13.031362 -0.820726 -0.290051 -0.022908 0.000393 -0.159462 -0.986938 
1710052056.018743 -12.940164 -0.804173 -0.280367 -0.017637 0.001578 -0.142189 -0.989681 
1710052056.119092 -12.845815 -0.799136 -0.269619 -0.016198 0.006865 -0.133978 -0.990828 
1710052056.220090 -12.732459 -0.770963 -0.262725 -0.007836 0.001740 -0.131434 -0.991292 
1710052056.321235 -12.643328 -0.743329 -0.261243 -0.003878 0.003367 -0.131023 -0.991366 
1710052056.421601 -12.559238 -0.709204 -0.250604 -0.000695 0.006242 -0.131093 -0.991350 
1710052056.525296 -12.466543 -0.675136 -0.248266 0.001896 0.009301 -0.131575 -0.991261 
1710052056.623355 -12.359360 -0.652949 -0.247493 0.000390 0.005725 -0.130724 -0.991402 
1710052056.724520 -12.277345 -0.646094 -0.245766 -0.001770 0.008208 -0.131815 -0.991239 
1710052056.825319 -12.198106 -0.625929 -0.261560 -0.002691 0.011090 -0.132402 -0.991130 
1710052056.926260 -12.111650 -0.577794 -0.261596 -0.005275 0.007895 -0.131742 -0.991239 
1710052057.026898 -12.029593 -0.550662 -0.250374 0.005984 0.006229 -0.129686 -0.991518 
1710052057.128469 -11.954396 -0.512630 -0.238018 -0.002643 0.009643 -0.123981 -0.992234 
1710052057.228864 -11.878487 -0.479228 -0.246504 -0.003967 0.013043 -0.116413 -0.993107 
1710052057.330436 -11.780214 -0.431129 -0.252191 -0.003709 0.006629 -0.109852 -0.993919 
1710052057.430182 -11.693504 -0.415702 -0.247630 -0.007304 0.008475 -0.098723 -0.995052 
1710052057.531133 -11.626056 -0.388844 -0.235699 -0.007351 0.008178 -0.091248 -0.995767 
1710052057.632043 -11.542961 -0.359850 -0.233221 -0.009988 0.009543 -0.087925 -0.996031 
1710052057.732772 -11.440959 -0.321745 -0.247112 -0.006324 0.006079 -0.083418 -0.996476 
1710052057.833887 -11.353055 -0.291808 -0.245637 -0.005502 0.006467 -0.077956 -0.996921 
1710052057.935082 -11.279355 -0.279065 -0.243290 -0.007272 0.008119 -0.072340 -0.997320 
1710052058.035342 -11.170490 -0.265593 -0.244708 -0.006529 0.008837 -0.067888 -0.997632 
1710052058.136217 -11.059924 -0.250238 -0.247734 -0.008850 0.005329 -0.060931 -0.998089 
1710052058.237662 -10.982307 -0.236621 -0.251113 -0.010397 0.008297 -0.054811 -0.998408 
1710052058.337916 -10.905374 -0.217741 -0.251064 -0.009290 0.010099 -0.048904 -0.998709 
1710052058.444160 -10.787727 -0.205016 -0.251900 -0.010818 0.007187 -0.043593 -0.998965 
1710052058.539680 -10.691980 -0.205616 -0.250822 -0.008681 0.006452 -0.039129 -0.999176 
1710052058.640604 -10.619133 -0.185564 -0.243755 -0.013611 0.009634 -0.032072 -0.999346 
1710052058.741374 -10.519488 -0.198083 -0.240603 -0.008823 0.011000 -0.027022 -0.999535 
1710052058.842333 -10.407790 -0.195448 -0.238621 -0.009426 0.007985 -0.023705 -0.999643 
1710052058.943075 -10.327205 -0.170881 -0.235787 -0.008956 0.010165 -0.023404 -0.999634 
1710052059.044044 -10.248783 -0.151377 -0.237394 -0.006185 0.011630 -0.024802 -0.999606 
1710052059.147981 -10.147954 -0.142617 -0.244843 -0.004286 0.013327 -0.023192 -0.999633 
1710052059.246070 -10.048435 -0.149221 -0.233812 -0.003929 0.008568 -0.023349 -0.999683 
1710052059.346512 -9.960772 -0.145421 -0.216084 -0.002905 0.008954 -0.022818 -0.999695 
1710052059.447371 -9.858459 -0.145998 -0.212850 -0.002903 0.010194 -0.022630 -0.999688 
1710052059.552471 -9.740852 -0.149839 -0.210431 -0.002571 0.008527 -0.025327 -0.999640 
1710052059.649181 -9.657064 -0.146510 -0.214691 -0.008476 0.007911 -0.024250 -0.999639 
1710052059.749949 -9.575268 -0.144694 -0.201363 -0.005439 0.009040 -0.024622 -0.999641 
1710052059.850827 -9.478606 -0.120390 -0.200921 -0.003068 0.008411 -0.022716 -0.999702 
1710052059.951671 -9.359765 -0.081920 -0.211707 -0.006313 0.007768 -0.023630 -0.999671 
1710052060.052562 -9.278133 -0.066917 -0.211638 -0.006011 0.009846 -0.022909 -0.999671 
1710052060.153414 -9.184983 -0.066490 -0.205525 -0.004052 0.010013 -0.020378 -0.999734 
1710052060.254592 -9.077677 -0.064376 -0.205488 -0.004036 0.008176 -0.017516 -0.999805 
1710052060.355116 -8.985799 -0.071840 -0.197292 -0.006868 0.007382 -0.013875 -0.999853 
1710052060.457369 -8.897729 -0.078607 -0.196556 -0.008099 0.009483 -0.011159 -0.999860 
1710052060.558457 -8.808578 -0.087870 -0.203163 -0.008881 0.009706 -0.008356 -0.999879 
1710052060.657721 -8.711260 -0.071852 -0.203423 -0.006911 0.005258 -0.006491 -0.999941 
1710052060.758704 -8.622832 -0.054457 -0.190234 -0.007353 0.007396 -0.008316 -0.999911 
1710052060.859683 -8.543073 -0.043266 -0.188938 -0.005397 0.010133 -0.006782 -0.999911 
1710052060.960454 -8.453802 -0.025270 -0.197470 -0.001853 0.006756 -0.006208 -0.999956 
1710052061.061320 -8.348087 -0.026566 -0.197852 -0.006288 0.008186 -0.007133 -0.999921 
1710052061.162090 -8.263912 -0.037897 -0.191566 -0.004526 0.008901 -0.007628 -0.999921 
1710052061.263139 -8.180450 -0.044078 -0.189196 -0.005124 0.010240 -0.007695 -0.999905 
1710052061.363699 -8.073696 -0.043955 -0.200943 -0.005422 0.007699 -0.008587 -0.999919 
1710052061.464545 -7.970920 -0.034996 -0.193529 -0.003251 0.007634 -0.007289 -0.999939 
1710052061.566792 -7.885761 -0.028396 -0.179453 -0.003578 0.009516 -0.006844 -0.999925 
1710052061.666303 -7.795937 -0.014823 -0.186324 -0.001212 0.011693 -0.008398 -0.999896 
1710052061.767416 -7.693020 -0.010513 -0.191759 -0.005349 0.008029 -0.007024 -0.999929 
1710052061.868032 -7.594156 -0.007053 -0.187292 -0.005830 0.008913 -0.007672 -0.999914 
1710052061.968863 -7.521502 -0.011458 -0.183591 -0.005978 0.011043 -0.007452 -0.999893 
1710052062.069755 -7.432108 -0.005337 -0.189615 -0.004853 0.009272 -0.007184 -0.999919 
1710052062.170636 -7.324674 0.004418 -0.185117 -0.002647 0.007291 -0.007209 -0.999944 
1710052062.271748 -7.241290 0.018410 -0.169832 -0.002732 0.011681 -0.007111 -0.999903 
1710052062.372385 -7.162723 0.027074 -0.171158 -0.001409 0.014632 -0.006756 -0.999869 
1710052062.473552 -7.075238 0.035995 -0.170225 -0.002624 0.013448 -0.008879 -0.999867 
1710052062.574203 -6.964507 0.049917 -0.167850 -0.002485 0.011000 -0.006362 -0.999916 
1710052062.674945 -6.879041 0.050479 -0.157435 -0.001758 0.011986 -0.008328 -0.999892 
1710052062.775826 -6.796871 0.053912 -0.155312 -0.006593 0.013961 -0.007809 -0.999850 
1710052062.876725 -6.696329 0.062169 -0.174752 -0.003911 0.011443 -0.007057 -0.999902 
1710052062.977454 -6.600054 0.070674 -0.164608 -0.003198 0.010379 -0.008203 -0.999907 
1710052063.078313 -6.519058 0.077759 -0.155878 -0.005139 0.010482 -0.007259 -0.999906 
1710052063.179179 -6.441276 0.079737 -0.154441 -0.003276 0.009423 -0.008546 -0.999914 
1710052063.280707 -6.326289 0.078387 -0.152144 -0.004730 0.006624 -0.007208 -0.999941 
1710052063.380876 -6.236581 0.086117 -0.143217 -0.007317 0.006691 -0.007841 -0.999920 
1710052063.481724 -6.165869 0.082556 -0.142168 -0.007435 0.007869 -0.008087 -0.999909 
1710052063.582607 -6.065822 0.075167 -0.143134 -0.008990 0.006322 -0.006472 -0.999919 
1710052063.683467 -5.965570 0.082147 -0.142120 -0.003992 0.001378 -0.006931 -0.999967 
1710052063.784541 -5.880291 0.085327 -0.133912 -0.004196 0.003412 -0.006672 -0.999963 
1710052063.885402 -5.800014 0.086334 -0.127863 -0.004557 0.005997 -0.006651 -0.999950 
1710052063.986031 -5.703235 0.094138 -0.140922 -0.005868 0.002155 -0.007109 -0.999955 
1710052064.086879 -5.594815 0.084527 -0.133149 -0.006252 0.003063 -0.006529 -0.999954 
1710052064.193766 -5.510960 0.072953 -0.122096 -0.004723 0.004804 -0.008384 -0.999942 
1710052064.289145 -5.431672 0.073791 -0.126447 -0.006049 0.006531 -0.007105 -0.999935 
1710052064.389468 -5.325235 0.088351 -0.134476 -0.005961 0.003217 -0.007629 -0.999948 
1710052064.490594 -5.243462 0.096802 -0.134490 -0.004973 0.003536 -0.006958 -0.999957 
1710052064.591498 -5.162540 0.090169 -0.124017 -0.005189 0.005263 -0.006626 -0.999951 
1710052064.692508 -5.069001 0.074201 -0.126251 -0.003652 0.006819 -0.008731 -0.999932 
1710052064.793048 -4.963048 0.071635 -0.134446 -0.003656 0.003160 -0.007971 -0.999957 
1710052064.894437 -4.879495 0.078942 -0.132672 -0.005780 0.004931 -0.008269 -0.999937 
1710052064.994642 -4.810586 0.098338 -0.133069 -0.005400 0.006269 -0.007391 -0.999938 
1710052065.095536 -4.711686 0.113314 -0.130566 -0.003333 0.004860 -0.006285 -0.999963 
1710052065.198209 -4.606713 0.114013 -0.125560 -0.001461 0.002331 -0.006751 -0.999973 
1710052065.297318 -4.533300 0.117327 -0.106514 -0.003923 0.005611 -0.006601 -0.999955 
1710052065.398069 -4.453382 0.115542 -0.101737 -0.003257 0.007798 -0.006960 -0.999940 
1710052065.501048 -4.351109 0.114330 -0.109872 -0.004094 0.005720 -0.007725 -0.999945 
1710052065.599936 -4.269640 0.118078 -0.100542 -0.005489 0.007396 -0.008098 -0.999925 
1710052065.700622 -4.193080 0.126379 -0.104878 -0.005600 0.008215 -0.008814 -0.999912 
1710052065.801827 -4.101949 0.136694 -0.109753 -0.006697 0.009127 -0.006918 -0.999912 
1710052065.902346 -3.985656 0.143215 -0.115247 -0.004497 0.004573 -0.006534 -0.999958 
1710052066.003216 -3.893536 0.151883 -0.114063 -0.004450 0.006220 -0.006743 -0.999948 
1710052066.104066 -3.807081 0.143308 -0.103475 -0.002987 0.007627 -0.006579 -0.999945 
1710052066.205332 -3.702366 0.148980 -0.116887 -0.002642 0.005832 -0.008641 -0.999942 
1710052066.305858 -3.595832 0.163729 -0.105300 -0.005451 0.004046 -0.007037 -0.999952 
1710052066.406874 -3.513294 0.165104 -0.093646 -0.004491 0.006268 -0.008497 -0.999934 
1710052066.507712 -3.423733 0.166082 -0.092778 -0.004374 0.006957 -0.007698 -0.999937 
1710052066.608576 -3.314173 0.180708 -0.101585 -0.001859 0.003613 -0.007702 -0.999962 
1710052066.709301 -3.230758 0.189334 -0.090891 -0.002013 0.003461 -0.007406 -0.999965 
1710052066.810095 -3.148305 0.190336 -0.083718 -0.003023 0.007031 -0.007132 -0.999945 
1710052066.911278 -3.048319 0.207865 -0.083967 0.001846 0.006883 -0.007349 -0.999948 
1710052067.011810 -2.949509 0.227507 -0.081887 -0.001134 0.004151 -0.006905 -0.999967 
1710052067.112776 -2.874173 0.241593 -0.076622 -0.003931 0.005803 -0.007192 -0.999950 
1710052067.213542 -2.803187 0.250088 -0.079136 -0.004915 0.006614 -0.008012 -0.999934 
1710052067.314550 -2.714012 0.248691 -0.076667 -0.004338 0.006526 -0.007149 -0.999944 
1710052067.415242 -2.617885 0.258858 -0.069363 -0.001282 0.003583 -0.006951 -0.999969 
1710052067.516376 -2.544336 0.270857 -0.049582 -0.001833 0.005004 -0.006899 -0.999962 
1710052067.617064 -2.458228 0.267355 -0.041657 -0.000617 0.005833 -0.007097 -0.999958 
1710052067.718521 -2.356826 0.277226 -0.066015 -0.003669 0.003174 -0.008633 -0.999951 
1710052067.818819 -2.265940 0.278657 -0.065202 -0.004486 0.003116 -0.007772 -0.999955 
1710052067.919544 -2.179086 0.269914 -0.061977 -0.004317 0.006513 -0.008613 -0.999932 
1710052068.020429 -2.078898 0.266962 -0.075889 -0.006450 0.008310 -0.008062 -0.999912 
1710052068.121423 -1.962896 0.261394 -0.067708 -0.005761 0.002588 -0.008155 -0.999947 
1710052068.222266 -1.886819 0.269685 -0.049022 -0.005004 0.003331 -0.007191 -0.999956 
1710052068.323108 -1.818496 0.267623 -0.044788 -0.005758 0.006056 -0.006970 -0.999941 
1710052068.423945 -1.712667 0.271511 -0.052099 -0.005299 0.008282 -0.008991 -0.999911 
1710052068.524713 -1.610093 0.288808 -0.056959 -0.008489 0.004077 -0.007982 -0.999924 
1710052068.625953 -1.531117 0.293102 -0.050948 -0.007627 0.005129 -0.008055 -0.999925 
1710052068.726638 -1.442840 0.299139 -0.046664 -0.008372 0.006488 -0.007610 -0.999915 
1710052068.828390 -1.324923 0.302464 -0.046742 -0.004807 0.004223 -0.006125 -0.999961 
1710052068.929446 -1.228744 0.301458 -0.041020 -0.005531 0.002980 -0.007658 -0.999951 
1710052069.029050 -1.149398 0.296953 -0.036521 -0.006407 0.005487 -0.006646 -0.999942 
1710052069.130172 -1.050001 0.296524 -0.034992 -0.003651 0.006460 -0.007180 -0.999947 
1710052069.232058 -0.938499 0.292602 -0.037022 -0.005724 0.004423 -0.006992 -0.999949 
1710052069.331635 -0.863608 0.294694 -0.027754 -0.006707 0.005005 -0.007474 -0.999937 
1710052069.432442 -0.780709 0.290488 -0.032444 -0.005943 0.006165 -0.008217 -0.999930 
1710052069.533466 -0.677850 0.292732 -0.033638 -0.007898 0.006211 -0.006953 -0.999925 
1710052069.634153 -0.573861 0.299660 -0.017556 -0.004401 0.001794 -0.007286 -0.999962 
1710052069.735483 -0.492947 0.296679 -0.004691 -0.004606 0.003068 -0.007203 -0.999959 
1710052069.836149 -0.412909 0.303755 -0.015521 -0.005194 0.006291 -0.007072 -0.999942 
1710052069.936726 -0.299106 0.300114 -0.017681 -0.006225 0.004332 -0.008511 -0.999935 
1710052070.037628 -0.207787 0.283607 -0.015425 -0.006813 0.004528 -0.007814 -0.999936 
1710052070.138438 -0.131027 0.274407 -0.008515 -0.005869 0.005736 -0.008806 -0.999928 
1710052070.239421 -0.030206 0.276421 -0.032669 -0.006030 0.008416 -0.008008 -0.999914 
1710052070.340273 0.069205 0.281585 -0.017168 -0.003232 0.003346 -0.007340 -0.999962 
1710052070.441364 0.148102 0.299763 -0.001263 -0.006062 0.004292 -0.007442 -0.999945 
1710052070.542804 0.224449 0.311361 -0.004080 -0.005761 0.006791 -0.006945 -0.999936 
1710052070.643025 0.329078 0.307280 0.011130 -0.002281 0.004731 -0.008082 -0.999954 
1710052070.743586 0.432401 0.312925 0.016171 -0.006197 0.003987 -0.007000 -0.999948 
1710052070.847920 0.519244 0.310971 0.019043 -0.007870 0.004808 -0.007832 -0.999927 
1710052070.945584 0.615132 0.301554 0.005947 -0.007133 0.005240 -0.007545 -0.999932 
1710052071.046156 0.733068 0.295899 0.001010 -0.003630 0.002757 -0.007231 -0.999963 
1710052071.147071 0.832102 0.284226 0.011617 -0.002302 0.002737 -0.008500 -0.999957 
1710052071.248495 0.907223 0.283254 0.015904 -0.004057 0.004778 -0.007391 -0.999953 
1710052071.348790 1.008150 0.289446 0.008358 -0.003275 0.004271 -0.007902 -0.999954 
1710052071.449629 1.115329 0.290617 0.013523 -0.004986 0.003669 -0.007688 -0.999951 
1710052071.550725 1.190569 0.293494 0.012984 -0.004752 0.005620 -0.007790 -0.999943 
1710052071.651318 1.280958 0.301271 0.014208 -0.004712 0.005950 -0.008094 -0.999938 
1710052071.752295 1.382816 0.310938 -0.001871 -0.006875 0.003677 -0.007207 -0.999944 
1710052071.853046 1.476418 0.320685 -0.000477 -0.004074 0.003107 -0.007854 -0.999956 
1710052071.953884 1.556151 0.330505 0.010137 -0.003615 0.005745 -0.007357 -0.999950 
1710052072.054748 1.647574 0.342454 0.002068 -0.003709 0.006564 -0.008568 -0.999935 
1710052072.155723 1.755720 0.333863 0.008268 -0.003231 0.003332 -0.008308 -0.999955 
1710052072.256597 1.832026 0.337256 0.023584 -0.006151 0.005131 -0.007504 -0.999940 
1710052072.357409 1.916846 0.333992 0.031411 -0.005078 0.007830 -0.007825 -0.999926 
1710052072.458282 2.016986 0.330948 0.017019 -0.002182 0.005869 -0.007461 -0.999953 
1710052072.559419 2.113466 0.338811 0.015915 -0.002106 0.006902 -0.006834 -0.999951 
1710052072.659928 2.191239 0.350295 0.024453 -0.004003 0.009650 -0.006591 -0.999924 
1710052072.760777 2.271215 0.359558 0.023610 -0.004913 0.012088 -0.007555 -0.999886 
1710052072.861991 2.368546 0.356291 0.031509 -0.001963 0.012496 -0.007326 -0.999893 
1710052072.962631 2.465856 0.361374 0.038630 -0.005010 0.013726 -0.007468 -0.999865 
1710052073.063480 2.537826 0.366176 0.036623 -0.006716 0.016839 -0.008632 -0.999798 
1710052073.164237 2.632763 0.371882 0.031427 -0.007324 0.019485 -0.007051 -0.999758 
1710052073.265133 2.747363 0.382916 0.025537 -0.006744 0.013976 -0.007855 -0.999849 
1710052073.365978 2.829828 0.386049 0.046969 -0.004522 0.012106 -0.008394 -0.999881 
1710052073.466855 2.908420 0.381403 0.064109 -0.005374 0.014070 -0.008060 -0.999854 
1710052073.567791 2.996450 0.397523 0.050996 -0.005292 0.013551 -0.008208 -0.999860 
1710052073.668550 3.106859 0.387096 0.046957 -0.004900 0.008533 -0.008106 -0.999919 
1710052073.769540 3.195971 0.377551 0.052671 -0.006307 0.007771 -0.008708 -0.999912 
1710052073.870217 3.268802 0.375426 0.053094 -0.005304 0.005700 -0.008155 -0.999936 
1710052073.971070 3.340086 0.368909 0.038497 -0.004944 0.002691 -0.006561 -0.999963 
1710052074.073213 3.398987 0.368217 0.028617 -0.007052 0.004333 -0.008582 -0.999929 
1710052074.173031 3.438288 0.370525 0.034212 -0.005029 0.004165 -0.007488 -0.999951 
1710052074.273851 3.480780 0.384755 0.029761 -0.004775 0.003522 -0.007286 -0.999956 
1710052074.375107 3.516229 0.393781 0.035417 -0.004306 0.004892 -0.008269 -0.999945 
1710052074.476690 3.535043 0.386277 0.040598 -0.003200 0.005322 -0.007330 -0.999954 
1710052074.576396 3.544974 0.382659 0.043346 -0.003372 0.004414 -0.007414 -0.999957 
1710052074.677114 3.543013 0.383997 0.034753 0.000983 0.004677 -0.007771 -0.999958 
1710052074.778509 3.530398 0.386872 0.040586 0.000574 0.004497 -0.008066 -0.999957 
1710052074.879048 3.530972 0.387499 0.044206 -0.001327 0.005811 -0.008652 -0.999945 
1710052074.979863 3.518163 0.390250 0.047762 -0.003388 0.006191 -0.007827 -0.999944 
1710052075.080659 3.518391 0.388329 0.049931 -0.002611 0.007131 -0.007319 -0.999944 
1710052075.181404 3.515365 0.397119 0.048641 -0.003454 0.008099 -0.007625 -0.999932 
1710052075.282234 3.509701 0.404094 0.046816 -0.003665 0.008332 -0.007305 -0.999932 
1710052075.383111 3.510221 0.405688 0.049134 -0.004243 0.008752 -0.009219 -0.999910 
1710052075.484120 3.503166 0.398041 0.054773 -0.004717 0.008392 -0.010467 -0.999899 
1710052075.584856 3.506359 0.401421 0.055988 -0.004928 0.008544 -0.009243 -0.999909 
1710052075.685720 3.504337 0.396948 0.055060 -0.004982 0.007474 -0.009503 -0.999914 
1710052075.786678 3.502796 0.396984 0.050411 -0.005535 0.007970 -0.009191 -0.999911 
1710052075.887947 3.513072 0.394423 0.048443 -0.005927 0.007015 -0.008888 -0.999918 
1710052075.988246 3.519595 0.396719 0.049230 -0.004952 0.007244 -0.008795 -0.999923 
1710052076.089146 3.524002 0.395040 0.051834 -0.006121 0.006558 -0.008890 -0.999920 
1710052076.190256 3.523788 0.392510 0.054623 -0.004401 0.006792 -0.008528 -0.999931 
1710052076.291711 3.516694 0.391297 0.053261 -0.005764 0.007377 -0.008627 -0.999919 
1710052076.392396 3.515252 0.390324 0.053582 -0.006369 0.007545 -0.008684 -0.999914 
1710052076.492711 3.515735 0.392613 0.052028 -0.006346 0.006910 -0.008440 -0.999920 
1710052076.593619 3.513201 0.395710 0.051999 -0.006494 0.007223 -0.008261 -0.999919 
1710052076.694276 3.516324 0.387961 0.056325 -0.005191 0.006206 -0.008339 -0.999932 
1710052076.795181 3.516754 0.392239 0.050838 -0.006320 0.007745 -0.007679 -0.999921 
1710052076.896144 3.531355 0.389572 0.051577 -0.005827 0.006996 -0.007368 -0.999931 
1710052076.997357 3.533368 0.392863 0.052833 -0.005761 0.007026 -0.007790 -0.999928 
1710052077.097837 3.530123 0.395345 0.048783 -0.005725 0.007566 -0.007400 -0.999928 
1710052077.198555 3.524298 0.396617 0.049273 -0.005576 0.007017 -0.007379 -0.999933 
1710052077.299810 3.524209 0.394338 0.049345 -0.005699 0.006881 -0.007402 -0.999933 
1710052077.400411 3.528580 0.395684 0.049751 -0.005616 0.007475 -0.007747 -0.999926 
1710052077.501347 3.529611 0.393389 0.050781 -0.005637 0.008131 -0.007712 -0.999921 
1710052077.601989 3.523276 0.393642 0.050851 -0.005602 0.007236 -0.007471 -0.999930 
1710052077.703002 3.524829 0.393975 0.051502 -0.005706 0.006973 -0.007554 -0.999931 
1710052077.803752 3.526764 0.396998 0.050998 -0.005247 0.006894 -0.007481 -0.999934 
1710052077.904584 3.526819 0.395552 0.049118 -0.004852 0.007629 -0.007219 -0.999933 
1710052078.005438 3.527677 0.395761 0.048596 -0.004584 0.007247 -0.006958 -0.999939 
1710052078.106373 3.531048 0.393844 0.048119 -0.004957 0.007036 -0.007297 -0.999936 
1710052078.207190 3.535548 0.396829 0.048292 -0.005259 0.007193 -0.007022 -0.999936 
1710052078.308152 3.535835 0.398454 0.048217 -0.006061 0.007706 -0.007483 -0.999924 
1710052078.409277 3.533324 0.393062 0.050879 -0.005408 0.007329 -0.007424 -0.999931 
1710052078.510132 3.529674 0.396494 0.051156 -0.005483 0.007180 -0.007181 -0.999933 
1710052078.610608 3.528464 0.394453 0.052456 -0.005035 0.006771 -0.007222 -0.999938 
1710052078.711536 3.523066 0.389655 0.050689 -0.004403 0.007056 -0.007593 -0.999937 
1710052078.812460 3.516968 0.387147 0.052824 -0.004648 0.006615 -0.007521 -0.999939 
1710052078.913333 3.520201 0.387069 0.049803 -0.004871 0.007325 -0.007776 -0.999931 
1710052079.014005 3.528022 0.390785 0.051797 -0.004950 0.006840 -0.008225 -0.999931 
1710052079.114891 3.526119 0.392266 0.052685 -0.004314 0.006636 -0.007949 -0.999937 
1710052079.216402 3.531866 0.396207 0.053520 -0.005280 0.006499 -0.008293 -0.999931 
1710052079.316709 3.532945 0.403151 0.050551 -0.005024 0.006965 -0.007831 -0.999932 
1710052079.417512 3.531039 0.400353 0.050911 -0.004615 0.006749 -0.007795 -0.999936 
1710052079.518606 3.526186 0.397655 0.049345 -0.004848 0.007141 -0.008105 -0.999930 
1710052079.619337 3.531321 0.397655 0.047214 -0.004713 0.007510 -0.007777 -0.999930 
1710052079.721814 3.532833 0.402441 0.049036 -0.004994 0.006731 -0.007292 -0.999938 
1710052079.820882 3.530701 0.398465 0.049505 -0.005134 0.007059 -0.007376 -0.999935 
1710052079.921783 3.528359 0.398250 0.047588 -0.004641 0.007171 -0.007787 -0.999933 
1710052080.022620 3.528320 0.399093 0.046010 -0.004475 0.007526 -0.007672 -0.999932 
1710052080.125850 3.527219 0.399002 0.047732 -0.004192 0.006090 -0.007618 -0.999944 
1710052080.224787 3.525648 0.397366 0.049337 -0.004201 0.006710 -0.007827 -0.999938 
1710052080.325494 3.529579 0.397268 0.051413 -0.004464 0.007032 -0.007793 -0.999935 
1710052080.426148 3.536573 0.396002 0.049122 -0.004976 0.007740 -0.007348 -0.999931 
1710052080.527166 3.541339 0.401967 0.047457 -0.005146 0.006988 -0.007859 -0.999931 
1710052080.627771 3.547349 0.396828 0.049905 -0.004951 0.007116 -0.007599 -0.999934 
1710052080.728624 3.544881 0.392426 0.050639 -0.004254 0.007353 -0.007433 -0.999936 
1710052080.829585 3.543462 0.394392 0.049294 -0.005470 0.007019 -0.007889 -0.999929 
1710052080.930404 3.544286 0.395664 0.049793 -0.004821 0.007207 -0.007676 -0.999933 
1710052081.031237 3.532939 0.396894 0.051648 -0.004635 0.006751 -0.007648 -0.999937 
