1710053175.454676 -0.001324 0.012538 0.005505 0.000459 0.000119 -0.001025 0.999999 
1710053175.557361 -0.004131 0.003166 0.002856 0.000900 0.000125 -0.000507 0.999999 
1710053175.656260 -0.010615 0.009848 0.005287 0.000270 0.000265 -0.000824 1.000000 
1710053175.757219 -0.008350 0.003747 0.001813 0.000664 0.000220 -0.000739 0.999999 
1710053175.858051 -0.009083 0.002151 -0.000239 0.000289 0.000113 -0.000758 1.000000 
1710053175.962582 -0.012421 -0.000596 -0.000199 0.000480 0.000132 -0.000509 1.000000 
1710053176.059746 -0.008840 -0.001308 -0.001505 0.000397 0.000133 -0.000670 1.000000 
1710053176.160609 -0.012880 -0.003131 -0.001798 0.000512 0.000020 -0.000729 1.000000 
1710053176.262058 -0.016070 -0.000102 -0.001997 0.000348 0.000095 -0.000678 1.000000 
1710053176.362527 -0.013264 0.000049 -0.002065 0.000449 0.000049 -0.000697 1.000000 
1710053176.463820 -0.014503 0.001126 -0.000310 0.000360 0.000125 -0.000793 1.000000 
1710053176.564440 -0.014316 0.002186 -0.002978 0.000708 0.000004 -0.000610 1.000000 
1710053176.665168 -0.016222 0.003034 -0.001301 0.000397 0.000094 -0.000816 1.000000 
1710053176.766182 -0.016178 0.003322 -0.002816 0.000376 0.000121 -0.000829 1.000000 
1710053176.866597 -0.018122 0.007425 -0.000933 0.000476 0.000056 -0.000699 1.000000 
1710053176.967533 -0.016196 0.001934 0.000921 0.000322 0.000156 -0.000833 1.000000 
1710053177.068338 -0.018717 0.001526 0.004065 0.000408 0.000223 -0.000682 1.000000 
1710053177.169166 -0.017897 0.000538 0.002317 0.000258 0.000245 -0.000896 1.000000 
1710053177.272897 -0.020011 -0.000868 0.002332 0.000300 0.000197 -0.000666 1.000000 
1710053177.371099 -0.023820 -0.003544 0.004227 0.000457 0.000214 -0.000679 1.000000 
1710053177.471762 -0.021832 -0.006202 0.004287 0.000453 0.000249 -0.000476 1.000000 
1710053177.572606 -0.020438 -0.006658 0.003104 0.000421 0.000235 -0.000586 1.000000 
1710053177.673469 -0.019171 -0.007629 0.000642 0.000504 0.000117 -0.000528 1.000000 
1710053177.774400 -0.018840 -0.010926 0.000510 0.000547 0.000127 -0.000516 1.000000 
1710053177.875182 -0.016775 -0.005028 0.002442 0.000442 0.000170 -0.000584 1.000000 
1710053177.977655 -0.019784 -0.000080 0.001199 0.000422 0.000133 -0.000819 1.000000 
1710053178.076984 -0.017750 0.000911 0.001515 0.000449 0.000163 -0.000888 0.999999 
1710053178.177848 -0.018595 -0.000078 0.003079 0.000333 0.000236 -0.001094 0.999999 
1710053178.278820 -0.016380 -0.005485 0.000428 0.000200 0.000184 -0.000598 1.000000 
1710053178.379556 -0.020847 -0.004195 0.002373 0.000292 0.000201 -0.000829 1.000000 
1710053178.480576 -0.024768 -0.006175 0.001811 0.000363 0.000209 -0.000623 1.000000 
1710053178.581461 -0.024008 -0.005591 0.001852 0.000453 0.000164 -0.000763 1.000000 
1710053178.682214 -0.023461 -0.007626 0.002841 0.000442 0.000196 -0.000453 1.000000 
1710053178.785401 -0.022505 -0.006677 0.001024 0.000305 0.000181 -0.000751 1.000000 
1710053178.883767 -0.020180 -0.003535 0.001053 0.000297 0.000202 -0.000859 1.000000 
1710053178.984818 -0.018627 -0.002058 0.002577 0.000368 0.000207 -0.000932 0.999999 
1710053179.085510 -0.015580 -0.001820 -0.000196 0.000379 0.000130 -0.000682 1.000000 
1710053179.186400 -0.014915 -0.006966 -0.000090 0.000797 0.000067 -0.000376 1.000000 
1710053179.287261 -0.019216 -0.006439 -0.001197 0.000328 0.000133 -0.000866 1.000000 
1710053179.388067 -0.015449 -0.007409 -0.002243 0.000307 0.000132 -0.000486 1.000000 
1710053179.489038 -0.006232 -0.005185 -0.002258 0.000885 0.000136 -0.000529 0.999999 
1710053179.589786 -0.002365 0.001904 0.000228 0.000144 0.000146 0.000052 1.000000 
1710053179.690640 0.002453 0.014174 0.000523 0.000161 0.000196 -0.000841 1.000000 
1710053179.791555 0.034704 0.018745 -0.006581 -0.000254 0.000180 -0.002606 0.999997 
1710053179.896092 0.068424 0.015197 0.000343 0.001137 -0.000078 -0.001616 0.999998 
1710053179.996074 0.097697 0.011259 0.010742 0.001723 -0.000024 -0.000557 0.999998 
1710053180.094093 0.136937 0.011128 0.013229 0.001071 0.000005 -0.001218 0.999999 
1710053180.194968 0.186729 0.020659 0.021292 0.001676 -0.000597 0.000180 0.999998 
1710053180.296049 0.260459 0.025670 0.002747 0.000082 0.000220 0.000028 1.000000 
1710053180.397304 0.316926 0.026107 -0.007530 0.000031 -0.000104 0.000224 1.000000 
1710053180.497789 0.375666 0.023141 -0.010253 0.000186 -0.000315 -0.000416 1.000000 
1710053180.598851 0.465422 0.007881 -0.026630 0.000580 -0.000406 0.001023 0.999999 
1710053180.699253 0.536961 -0.001558 -0.037761 -0.000027 -0.000655 0.000007 1.000000 
1710053180.800170 0.595570 -0.006608 -0.027061 0.000684 -0.000706 0.000131 1.000000 
1710053180.900959 0.640535 -0.009267 -0.028317 -0.000269 -0.000824 -0.002129 0.999997 
1710053181.002021 0.678926 -0.022462 -0.035872 0.000552 -0.000757 0.003569 0.999993 
1710053181.102669 0.727420 -0.045748 -0.043421 0.000601 -0.001215 -0.000686 0.999999 
1710053181.203665 0.789582 -0.045173 -0.041075 0.000219 -0.001296 -0.000269 0.999999 
1710053181.304543 0.874937 -0.039298 -0.032915 -0.000021 -0.001419 0.001037 0.999998 
1710053181.405312 0.981772 -0.047382 -0.043140 0.000417 -0.001052 -0.000308 0.999999 
1710053181.506165 1.063577 -0.047111 -0.034036 0.000508 -0.001304 0.000905 0.999999 
1710053181.606957 1.147157 -0.034930 -0.020351 -0.000623 -0.001367 -0.000091 0.999999 
1710053181.707942 1.267721 -0.030208 -0.016775 -0.000169 -0.000769 -0.000943 0.999999 
1710053181.808788 1.370177 -0.028791 -0.024703 -0.001046 -0.000721 0.000215 0.999999 
1710053181.909711 1.439945 -0.019383 -0.012540 -0.001279 -0.001254 -0.001303 0.999998 
1710053182.010606 1.541738 -0.020348 -0.002709 -0.000852 -0.002664 -0.000702 0.999996 
1710053182.111328 1.675587 -0.023013 -0.010238 0.000740 -0.000499 0.001879 0.999998 
1710053182.212160 1.800278 -0.049088 -0.023651 0.002984 0.000441 -0.000105 0.999995 
1710053182.313092 1.891770 -0.059008 -0.033102 0.001441 -0.000229 -0.000661 0.999999 
1710053182.413878 1.961117 -0.097308 -0.060909 0.003612 -0.000194 -0.011901 0.999923 
1710053182.514717 2.073305 -0.124606 -0.072643 0.009960 0.001982 -0.034571 0.999351 
1710053182.615619 2.152085 -0.150689 -0.068384 0.018408 0.005193 -0.057424 0.998167 
1710053182.716622 2.222721 -0.154451 -0.048489 0.026601 0.006040 -0.085148 0.995995 
1710053182.817494 2.324266 -0.146319 -0.031989 0.024095 0.008542 -0.104752 0.994170 
1710053182.918198 2.433255 -0.164755 -0.042513 0.014578 0.012519 -0.117141 0.992929 
1710053183.019015 2.524247 -0.172721 -0.031468 0.009575 0.014058 -0.123562 0.992191 
1710053183.119860 2.605604 -0.175180 -0.032867 0.004488 0.015284 -0.122728 0.992313 
1710053183.220794 2.713187 -0.198268 -0.040969 0.002709 0.016423 -0.124447 0.992087 
1710053183.321574 2.826049 -0.213991 -0.060502 0.000406 0.018936 -0.122849 0.992245 
1710053183.422741 2.904324 -0.235791 -0.059656 -0.000859 0.018047 -0.124203 0.992092 
1710053183.523312 2.986920 -0.273709 -0.058339 -0.000907 0.014498 -0.123549 0.992232 
1710053183.624330 3.087257 -0.306149 -0.087710 -0.000929 0.017595 -0.123051 0.992244 
1710053183.725080 3.170257 -0.322726 -0.078816 0.002846 0.012097 -0.122504 0.992390 
1710053183.825920 3.258951 -0.335174 -0.069389 0.002786 0.006761 -0.120784 0.992652 
1710053183.926872 3.354537 -0.361168 -0.079029 0.001381 0.003131 -0.123010 0.992400 
1710053184.027830 3.457815 -0.388039 -0.086906 -0.003311 0.009038 -0.123460 0.992303 
1710053184.128618 3.533033 -0.397587 -0.074587 -0.000588 0.004648 -0.122491 0.992459 
1710053184.229537 3.608746 -0.404230 -0.067479 0.001268 0.002188 -0.123724 0.992313 
1710053184.330180 3.706181 -0.431536 -0.071457 -0.000368 0.000674 -0.122495 0.992469 
1710053184.431032 3.804872 -0.467277 -0.071461 0.000911 0.002609 -0.122858 0.992420 
1710053184.532190 3.884775 -0.489742 -0.063678 0.001162 0.001871 -0.122063 0.992520 
1710053184.632972 3.963644 -0.518736 -0.057107 0.000442 0.000288 -0.122162 0.992510 
1710053184.733841 4.070597 -0.547426 -0.054121 0.003454 0.002247 -0.123207 0.992372 
1710053184.835820 4.162478 -0.568052 -0.051153 -0.000438 0.003827 -0.121687 0.992561 
1710053184.935387 4.233713 -0.588547 -0.051409 0.000294 0.002472 -0.122944 0.992410 
1710053185.036206 4.327380 -0.603748 -0.060433 0.000431 0.000882 -0.122769 0.992435 
1710053185.137145 4.440515 -0.621759 -0.071845 0.001352 0.003442 -0.121702 0.992560 
1710053185.238038 4.519456 -0.643677 -0.062510 0.002879 0.002573 -0.122149 0.992504 
1710053185.338839 4.598394 -0.663246 -0.066940 0.000976 0.003029 -0.121276 0.992614 
1710053185.439870 4.695956 -0.688406 -0.083075 0.000521 0.000229 -0.123143 0.992389 
1710053185.540886 4.812680 -0.691184 -0.090486 0.001845 0.003499 -0.122748 0.992430 
1710053185.641337 4.897178 -0.690747 -0.080033 0.001931 0.003722 -0.122695 0.992436 
1710053185.742187 4.971016 -0.702458 -0.073345 0.000391 0.001907 -0.123336 0.992363 
1710053185.843525 5.084248 -0.716374 -0.080426 0.000188 0.003344 -0.121939 0.992532 
1710053185.944063 5.181087 -0.751653 -0.090455 0.002021 0.004160 -0.123220 0.992369 
1710053186.044785 5.256528 -0.778169 -0.083020 0.002083 0.002675 -0.121731 0.992557 
1710053186.145961 5.335184 -0.807686 -0.085088 0.001743 0.000636 -0.122682 0.992444 
1710053186.246718 5.435970 -0.836585 -0.083379 0.001005 0.004087 -0.122883 0.992412 
1710053186.347574 5.532058 -0.843284 -0.086530 0.001626 0.003448 -0.124514 0.992211 
1710053186.448283 5.606817 -0.855376 -0.080857 0.003023 0.001758 -0.131395 0.991324 
1710053186.549274 5.702630 -0.871129 -0.071987 0.003475 0.000694 -0.137894 0.990441 
1710053186.650059 5.802884 -0.901329 -0.068661 0.008183 0.003022 -0.145942 0.989255 
1710053186.750803 5.891023 -0.912342 -0.064594 0.011493 0.001538 -0.157609 0.987433 
1710053186.851723 5.960363 -0.935676 -0.068226 0.012531 0.000831 -0.174791 0.984525 
1710053186.952503 6.056266 -0.975528 -0.074422 0.017473 -0.000146 -0.191490 0.981339 
1710053187.053371 6.144422 -1.007251 -0.073487 0.017161 0.002597 -0.207245 0.978135 
1710053187.154342 6.215357 -1.035960 -0.068538 0.017366 0.000599 -0.224083 0.974415 
1710053187.255366 6.282239 -1.073568 -0.075843 0.017367 -0.000019 -0.240256 0.970554 
1710053187.355953 6.382086 -1.128949 -0.084060 0.018376 0.001699 -0.254438 0.966913 
1710053187.456838 6.450076 -1.197977 -0.086285 0.016658 0.000037 -0.268514 0.963132 
1710053187.557655 6.513464 -1.243097 -0.082090 0.014817 -0.000655 -0.271323 0.962374 
1710053187.658512 6.598987 -1.304705 -0.087138 0.009622 0.000303 -0.272235 0.962183 
1710053187.759370 6.689971 -1.368058 -0.105027 0.004958 0.003330 -0.272707 0.962079 
1710053187.860496 6.766018 -1.416155 -0.091518 0.003357 0.002327 -0.272699 0.962091 
1710053187.961293 6.837277 -1.464862 -0.089021 0.001694 0.000097 -0.272880 0.962047 
1710053188.062150 6.944706 -1.520729 -0.072563 0.002303 -0.000067 -0.274289 0.961645 
1710053188.163576 7.029772 -1.554418 -0.069750 0.008932 0.001168 -0.285285 0.958400 
1710053188.263913 7.100425 -1.574395 -0.065210 0.015371 -0.001046 -0.299709 0.953906 
1710053188.364522 7.163946 -1.621234 -0.073650 0.018602 -0.003098 -0.319555 0.947380 
1710053188.465388 7.243601 -1.684075 -0.088363 0.018161 0.000760 -0.336485 0.941514 
1710053188.566708 7.304909 -1.746026 -0.092651 0.018958 0.000582 -0.355107 0.934633 
1710053188.667480 7.355909 -1.806327 -0.089714 0.021026 -0.003443 -0.373642 0.927328 
1710053188.768018 7.408594 -1.878334 -0.091369 0.019737 -0.001977 -0.389277 0.920907 
1710053188.868885 7.486941 -1.969706 -0.086877 0.018671 0.001056 -0.400948 0.915910 
1710053188.969688 7.523320 -2.038746 -0.088936 0.013289 0.002438 -0.404086 0.914621 
1710053189.070558 7.589647 -2.109301 -0.086645 0.009572 0.003796 -0.402565 0.915334 
1710053189.171476 7.655557 -2.198715 -0.090066 0.005630 0.006365 -0.404109 0.914671 
1710053189.272477 7.763504 -2.322559 -0.083901 0.008510 0.004855 -0.407982 0.912937 
1710053189.373149 7.843549 -2.370035 -0.075071 0.014721 -0.000100 -0.420021 0.907395 
1710053189.476254 7.905955 -2.421842 -0.087282 0.016599 -0.001110 -0.438788 0.898437 
1710053189.574839 7.962733 -2.485792 -0.098581 0.022729 -0.001424 -0.456790 0.889283 
1710053189.675694 7.973872 -2.557662 -0.121761 0.026489 -0.005950 -0.478581 0.877623 
1710053189.776618 7.997247 -2.624704 -0.135244 0.022604 -0.004759 -0.491691 0.870463 
1710053189.877589 8.044749 -2.723545 -0.155296 0.013451 0.000456 -0.499212 0.866375 
1710053189.978493 8.105976 -2.820759 -0.155946 0.009596 0.005023 -0.500618 0.865601 
1710053190.079629 8.152191 -2.887414 -0.134482 0.007509 0.004246 -0.503291 0.864074 
1710053190.180107 8.201154 -2.950902 -0.120302 0.007447 0.004209 -0.510008 0.860127 
1710053190.280962 8.244382 -3.048027 -0.107790 0.009391 0.003314 -0.522069 0.852845 
1710053190.381715 8.280543 -3.136369 -0.111006 0.014727 -0.000296 -0.534910 0.844781 
1710053190.482564 8.308379 -3.220169 -0.108406 0.017198 -0.001983 -0.544673 0.838469 
1710053190.583642 8.347876 -3.299181 -0.122605 0.015553 -0.001664 -0.546513 0.837304 
1710053190.684384 8.389618 -3.411189 -0.129073 0.011713 0.003597 -0.546405 0.837431 
1710053190.785230 8.421348 -3.511943 -0.120671 0.011051 0.002836 -0.555973 0.831122 
1710053190.886065 8.451511 -3.574543 -0.109335 0.015602 -0.002214 -0.570073 0.821443 
1710053190.986873 8.502415 -3.668933 -0.121021 0.016795 0.000093 -0.577263 0.816386 
1710053191.087753 8.548780 -3.756396 -0.126414 0.016935 -0.001700 -0.581660 0.813254 
1710053191.188652 8.591075 -3.824046 -0.132870 0.011035 0.000986 -0.580527 0.814166 
1710053191.289585 8.615911 -3.912159 -0.128009 0.008086 0.001601 -0.583337 0.812189 
1710053191.390453 8.640014 -4.012040 -0.140921 0.009626 0.003311 -0.590250 0.807156 
1710053191.491284 8.653391 -4.099140 -0.129850 0.012269 0.001289 -0.601382 0.798866 
1710053191.592084 8.659384 -4.176635 -0.114453 0.017786 -0.003535 -0.619388 0.784876 
1710053191.692921 8.676467 -4.260578 -0.111349 0.017731 -0.007191 -0.634734 0.772494 
1710053191.800365 8.690337 -4.363037 -0.117937 0.022015 -0.007514 -0.648337 0.760998 
1710053191.894827 8.714709 -4.428258 -0.118091 0.018906 -0.008339 -0.654955 0.755385 
1710053191.995600 8.737945 -4.505128 -0.117261 0.011898 -0.005881 -0.655605 0.754987 
1710053192.096923 8.763394 -4.609194 -0.125778 0.010974 -0.002853 -0.656915 0.753879 
1710053192.200370 8.784196 -4.709863 -0.135765 0.006612 0.001118 -0.656726 0.754100 
1710053192.298270 8.773481 -4.797030 -0.119838 0.006734 -0.000733 -0.666335 0.745622 
1710053192.398895 8.762917 -4.879341 -0.101324 0.009897 -0.006444 -0.680673 0.732492 
1710053192.504399 8.758531 -5.004883 -0.108030 0.016124 -0.008402 -0.693765 0.719972 
1710053192.600805 8.786599 -5.086317 -0.088417 0.014871 -0.010631 -0.701211 0.712719 
1710053192.703927 8.807897 -5.151386 -0.080848 0.009805 -0.006668 -0.702528 0.711557 
1710053192.802349 8.814197 -5.226542 -0.095610 0.007430 -0.007293 -0.703709 0.710412 
1710053192.903263 8.814959 -5.332123 -0.114841 0.005403 -0.000779 -0.703686 0.710490 
1710053193.004057 8.815742 -5.425062 -0.123408 0.004595 0.000228 -0.702979 0.711196 
1710053193.105000 8.806352 -5.511310 -0.124396 0.003241 -0.000714 -0.703453 0.710734 
1710053193.207526 8.796834 -5.614809 -0.139861 0.002650 0.001267 -0.702010 0.712161 
1710053193.306809 8.795069 -5.722590 -0.142482 0.005430 0.000316 -0.703271 0.710901 
1710053193.407983 8.784258 -5.795578 -0.126167 0.005002 -0.000342 -0.702446 0.711719 
1710053193.508370 8.785434 -5.875823 -0.118815 0.004145 -0.000476 -0.702370 0.711800 
1710053193.609222 8.787138 -5.984436 -0.136609 0.006147 0.001657 -0.702911 0.711249 
1710053193.710156 8.776024 -6.090892 -0.142587 0.004970 0.001433 -0.702117 0.712042 
1710053193.810974 8.786094 -6.176676 -0.137747 0.003137 0.000318 -0.703949 0.710244 
1710053193.912047 8.809056 -6.265475 -0.138417 0.002018 0.003150 -0.702965 0.711214 
1710053194.015276 8.836914 -6.378628 -0.146231 0.004087 0.003134 -0.702438 0.711727 
1710053194.113681 8.851955 -6.461185 -0.143631 0.004532 0.002148 -0.703111 0.711063 
1710053194.214946 8.859241 -6.524048 -0.146031 0.005205 0.000995 -0.702507 0.711657 
1710053194.315383 8.865855 -6.612061 -0.143354 0.004769 0.000665 -0.702833 0.711339 
1710053194.416083 8.870524 -6.722921 -0.150303 0.008626 0.003982 -0.702799 0.711325 
1710053194.517031 8.883699 -6.798848 -0.140830 0.006659 0.003175 -0.702970 0.711181 
1710053194.618465 8.895391 -6.883831 -0.142173 0.003729 0.001513 -0.703417 0.710766 
1710053194.718675 8.900363 -6.993906 -0.147277 0.004238 0.007544 -0.701831 0.712291 
1710053194.819571 8.923623 -7.086407 -0.137576 0.007082 0.004157 -0.702851 0.711289 
1710053194.920454 8.935691 -7.157459 -0.127383 0.006073 0.002347 -0.701736 0.712407 
1710053195.021225 8.941157 -7.240876 -0.130170 0.004749 0.000672 -0.702686 0.711484 
1710053195.122215 8.960019 -7.337145 -0.136573 0.005909 0.005074 -0.702462 0.711679 
1710053195.223982 8.972528 -7.422388 -0.127063 0.003340 0.004665 -0.702831 0.711333 
1710053195.323832 8.979988 -7.489175 -0.121479 0.003172 0.001339 -0.704509 0.709687 
1710053195.424674 8.993303 -7.580468 -0.126607 0.000682 0.002145 -0.703287 0.710903 
1710053195.525555 9.001183 -7.686292 -0.128252 0.004029 0.004895 -0.703364 0.710802 
1710053195.626408 9.002736 -7.770397 -0.123703 0.003461 0.002916 -0.702787 0.711386 
1710053195.727269 8.998832 -7.854714 -0.128589 0.004157 -0.000182 -0.702590 0.711583 
1710053195.828450 8.999288 -7.952041 -0.126435 0.005589 0.001881 -0.703042 0.711124 
1710053195.929319 9.010396 -8.052323 -0.124046 0.004831 0.003969 -0.702812 0.711349 
1710053196.029996 9.014719 -8.132503 -0.121449 0.002492 0.001510 -0.703591 0.710599 
1710053196.130723 9.016771 -8.219808 -0.123043 0.001890 0.000821 -0.702969 0.711218 
1710053196.231791 9.015880 -8.339742 -0.129461 0.005277 0.002219 -0.702180 0.711977 
1710053196.332424 9.016059 -8.421565 -0.116073 0.005581 0.000851 -0.703147 0.711022 
1710053196.433254 9.015076 -8.488257 -0.113912 0.004335 0.000985 -0.702077 0.712087 
1710053196.534313 9.009626 -8.585878 -0.124833 0.004220 -0.000289 -0.702529 0.711642 
1710053196.635038 9.005370 -8.692142 -0.124838 0.005795 0.004977 -0.702639 0.711506 
1710053196.735894 9.008082 -8.774901 -0.119051 0.006341 0.004050 -0.702573 0.711572 
1710053196.836701 9.019619 -8.853718 -0.119976 0.004507 0.002218 -0.703311 0.710864 
1710053196.937638 9.029705 -8.960105 -0.130218 0.004156 0.005699 -0.701868 0.712272 
1710053197.038428 9.039103 -9.063470 -0.132902 0.007580 0.005113 -0.702992 0.711138 
1710053197.139317 9.049253 -9.150121 -0.123476 0.006150 0.003449 -0.702196 0.711949 
1710053197.243808 9.055293 -9.237508 -0.127906 0.004945 0.002325 -0.702391 0.711771 
1710053197.341011 9.070929 -9.344742 -0.140421 0.006848 0.006005 -0.702822 0.711307 
1710053197.441958 9.079584 -9.424193 -0.146304 0.005776 0.005336 -0.702571 0.711570 
1710053197.542719 9.089117 -9.499887 -0.146589 0.005934 0.002513 -0.703720 0.710448 
1710053197.643618 9.101626 -9.595966 -0.148481 0.004845 0.000398 -0.702716 0.711454 
1710053197.744439 9.094274 -9.698967 -0.149323 0.006837 0.002279 -0.702902 0.711250 
1710053197.846308 9.082345 -9.786861 -0.143256 0.006470 0.001519 -0.702340 0.711810 
1710053197.948527 9.087269 -9.871425 -0.142904 0.004289 0.001596 -0.702362 0.711805 
1710053198.048338 9.092046 -9.981243 -0.147284 0.007080 0.000405 -0.702531 0.711617 
1710053198.147889 9.093832 -10.077872 -0.146795 0.006516 0.003840 -0.702395 0.711747 
1710053198.248723 9.099750 -10.152904 -0.135749 0.003767 0.002909 -0.702756 0.711415 
1710053198.349719 9.110195 -10.240541 -0.139299 0.001073 0.001036 -0.702980 0.711208 
1710053198.450478 9.125996 -10.352648 -0.151626 0.005164 0.002039 -0.702320 0.711840 
1710053198.552158 9.124237 -10.440948 -0.146117 0.004814 0.000832 -0.702973 0.711200 
1710053198.656197 9.132096 -10.522245 -0.143198 0.003619 0.000078 -0.702150 0.712020 
1710053198.754077 9.144860 -10.612347 -0.152240 0.002779 -0.000354 -0.703380 0.710808 
1710053198.853874 9.166771 -10.711163 -0.164023 0.004939 0.001789 -0.703252 0.710921 
1710053198.954963 9.187879 -10.791405 -0.149730 0.005541 0.001226 -0.703241 0.710929 
1710053199.057429 9.188412 -10.863236 -0.142776 0.002929 0.000642 -0.703813 0.710379 
1710053199.156574 9.189850 -10.960856 -0.139771 0.004215 0.000768 -0.702906 0.711270 
1710053199.258449 9.175345 -11.056912 -0.131700 0.006394 0.003064 -0.703212 0.710945 
1710053199.359866 9.168109 -11.134260 -0.130529 0.005958 0.001204 -0.702821 0.711340 
1710053199.463842 9.178373 -11.217629 -0.130303 0.006233 -0.000705 -0.703417 0.710750 
1710053199.563855 9.181110 -11.331688 -0.145860 0.008166 0.002220 -0.703803 0.710345 
1710053199.660794 9.186037 -11.425753 -0.150012 0.006844 0.003870 -0.703307 0.710843 
1710053199.761822 9.184370 -11.504406 -0.144554 0.005674 0.003041 -0.703706 0.710462 
1710053199.868170 9.174715 -11.599326 -0.153484 0.005586 0.001733 -0.702788 0.711376 
1710053199.969416 9.173556 -11.701517 -0.158787 0.010544 0.001413 -0.702906 0.711203 
1710053200.064473 9.172271 -11.773134 -0.151696 0.009082 0.002333 -0.702857 0.711270 
1710053200.165192 9.163794 -11.859450 -0.156195 0.007516 0.002107 -0.703059 0.711089 
1710053200.265929 9.162502 -11.966916 -0.174082 0.006009 0.002193 -0.703559 0.710608 
1710053200.366757 9.157175 -12.076409 -0.165334 0.008300 0.006244 -0.702987 0.711127 
1710053200.467682 9.157281 -12.162383 -0.159180 0.007628 0.002851 -0.703637 0.710513 
1710053200.569455 9.181968 -12.238573 -0.165357 0.005041 0.003108 -0.703249 0.710919 
1710053200.669405 9.202537 -12.339500 -0.174167 0.003248 0.001653 -0.702792 0.711386 
1710053200.770316 9.206217 -12.436913 -0.171962 0.007442 0.001898 -0.703317 0.710835 
1710053200.871114 9.210842 -12.517544 -0.161380 0.005625 0.001165 -0.702838 0.711327 
1710053200.972016 9.227220 -12.596397 -0.156413 0.004675 0.000134 -0.703657 0.710525 
1710053201.072819 9.227985 -12.700034 -0.152125 0.006250 0.003037 -0.703419 0.710742 
1710053201.174122 9.223777 -12.793760 -0.144481 0.005486 0.001852 -0.703693 0.710481 
1710053201.274523 9.221424 -12.866172 -0.142866 0.004018 -0.000591 -0.703609 0.710575 
1710053201.375347 9.211395 -12.960031 -0.138498 0.003302 0.001737 -0.703322 0.710862 
1710053201.477087 9.215860 -13.074588 -0.131895 0.006876 0.000018 -0.703086 0.711071 
1710053201.577195 9.228091 -13.157493 -0.129067 0.004144 -0.000882 -0.703328 0.710853 
1710053201.678085 9.226999 -13.252643 -0.128680 0.002760 -0.002193 -0.703465 0.710721 
1710053201.778987 9.217854 -13.371060 -0.141715 0.004588 0.000528 -0.703636 0.710546 
1710053201.879969 9.211026 -13.464928 -0.143251 0.004474 -0.000285 -0.702791 0.711383 
1710053201.981055 9.211287 -13.545256 -0.132965 0.002279 -0.001472 -0.703327 0.710861 
1710053202.084297 9.208504 -13.635198 -0.140226 0.002741 0.000169 -0.702720 0.711462 
1710053202.182232 9.209357 -13.749179 -0.143908 0.004764 -0.000412 -0.703198 0.710978 
1710053202.283594 9.193266 -13.839040 -0.141623 0.004427 -0.002378 -0.702275 0.711888 
1710053202.383945 9.187950 -13.920334 -0.136368 0.003713 -0.003428 -0.703241 0.710934 
1710053202.485038 9.184276 -14.026458 -0.130664 0.004160 0.002302 -0.703449 0.710730 
1710053202.586032 9.200248 -14.131775 -0.140873 0.003140 0.000966 -0.702669 0.711510 
1710053202.686546 9.207624 -14.221312 -0.142451 0.002944 -0.000677 -0.703225 0.710960 
1710053202.787391 9.211255 -14.315504 -0.143622 0.003279 -0.000661 -0.702637 0.711540 
1710053202.889652 9.201636 -14.412812 -0.142926 0.004995 0.001246 -0.702496 0.711669 
1710053202.989163 9.207247 -14.497501 -0.145401 0.004859 -0.000280 -0.702795 0.711376 
1710053203.090511 9.206741 -14.577156 -0.144026 0.003448 -0.001125 -0.702087 0.712082 
1710053203.190987 9.209111 -14.671090 -0.141880 0.004544 -0.001781 -0.702807 0.711364 
1710053203.291698 9.214642 -14.771714 -0.136304 0.004746 0.002429 -0.702784 0.711383 
1710053203.392560 9.212340 -14.854011 -0.128097 0.002982 0.000371 -0.703063 0.711121 
1710053203.493480 9.215748 -14.937922 -0.124370 0.001961 -0.001627 -0.703263 0.710925 
1710053203.594267 9.213438 -15.034774 -0.135587 0.004029 0.000309 -0.701746 0.712415 
1710053203.695423 9.212759 -15.132711 -0.129020 0.002568 -0.000950 -0.702668 0.711513 
1710053203.796483 9.215974 -15.212972 -0.122937 0.001679 -0.002750 -0.702024 0.712146 
1710053203.897007 9.221968 -15.305072 -0.121377 0.000742 -0.003131 -0.702730 0.711449 
1710053203.998070 9.228009 -15.414117 -0.137829 0.002157 -0.001929 -0.703142 0.711044 
1710053204.098685 9.233966 -15.509579 -0.136877 0.001491 -0.002712 -0.702731 0.711449 
1710053204.200361 9.228706 -15.593392 -0.132102 -0.000090 -0.004127 -0.703440 0.710743 
1710053204.300374 9.218558 -15.687981 -0.132516 -0.000346 -0.002751 -0.701927 0.712244 
1710053204.401134 9.216392 -15.791678 -0.134382 0.002939 -0.002189 -0.702617 0.711558 
1710053204.508523 9.210826 -15.875583 -0.127302 0.001969 -0.003041 -0.702038 0.712130 
1710053204.602964 9.208749 -15.947433 -0.125804 0.000649 -0.003594 -0.702394 0.711779 
1710053204.703716 9.208405 -16.053655 -0.130463 0.004690 -0.001294 -0.702949 0.711224 
1710053204.805180 9.217493 -16.152384 -0.133710 0.002451 0.000701 -0.702514 0.711665 
1710053204.905454 9.230893 -16.230721 -0.124849 0.000996 -0.001359 -0.703854 0.710342 
1710053205.006346 9.230656 -16.311349 -0.121183 0.000759 -0.001860 -0.702518 0.711663 
1710053205.107247 9.238717 -16.416687 -0.126112 0.003511 0.000071 -0.702013 0.712155 
1710053205.208323 9.239814 -16.510835 -0.120308 0.002942 -0.002024 -0.702824 0.711355 
1710053205.308904 9.243233 -16.589582 -0.121421 0.001613 -0.001699 -0.701942 0.712230 
1710053205.409741 9.240511 -16.687772 -0.130735 0.000440 -0.003567 -0.702414 0.711760 
1710053205.510686 9.239818 -16.794178 -0.133251 0.004466 -0.000606 -0.702766 0.711407 
1710053205.611632 9.239662 -16.877928 -0.126198 0.002923 -0.000382 -0.702689 0.711491 
1710053205.712527 9.240997 -16.952659 -0.121468 0.001879 -0.001133 -0.702945 0.711241 
1710053205.813467 9.249440 -17.052805 -0.136404 0.005348 -0.001120 -0.701937 0.712219 
1710053205.923878 9.257599 -17.162206 -0.132808 0.005693 0.000312 -0.703005 0.711162 
1710053206.015171 9.256085 -17.237277 -0.119478 0.004062 -0.000742 -0.702328 0.711841 
1710053206.115780 9.254104 -17.322099 -0.119250 0.003097 -0.001235 -0.702455 0.711721 
1710053206.216585 9.250565 -17.429653 -0.131605 0.006505 0.001185 -0.703082 0.711078 
1710053206.317460 9.250150 -17.527494 -0.141298 0.004829 0.003484 -0.702090 0.712064 
1710053206.418402 9.260382 -17.604898 -0.137527 0.005374 0.002125 -0.703166 0.711003 
1710053206.519414 9.262889 -17.700601 -0.138236 0.005772 0.003406 -0.702217 0.711931 
1710053206.621346 9.266544 -17.799204 -0.144079 0.007551 0.003514 -0.701733 0.712391 
1710053206.720916 9.270693 -17.890535 -0.146521 0.006543 0.003629 -0.702087 0.712052 
1710053206.821813 9.278800 -17.968275 -0.149682 0.006532 0.003717 -0.701766 0.712368 
1710053206.923252 9.288095 -18.067410 -0.155237 0.006496 0.000883 -0.702672 0.711484 
1710053207.023561 9.294495 -18.169415 -0.157538 0.009044 0.005105 -0.702769 0.711342 
1710053207.124403 9.292207 -18.249011 -0.151022 0.007571 0.004665 -0.702899 0.711234 
1710053207.227990 9.294576 -18.334717 -0.150346 0.005886 0.003428 -0.703012 0.711146 
1710053207.326049 9.296469 -18.436102 -0.158341 0.007264 0.005957 -0.701067 0.713034 
1710053207.426960 9.297345 -18.531437 -0.155814 0.008070 0.003891 -0.702643 0.711486 
1710053207.527796 9.303958 -18.603255 -0.141918 0.006358 0.003678 -0.701685 0.712450 
1710053207.628872 9.305394 -18.691202 -0.146656 0.006292 0.002206 -0.701884 0.712260 
1710053207.729984 9.303681 -18.804728 -0.161035 0.007038 0.005445 -0.702162 0.711962 
1710053207.830765 9.309129 -18.891022 -0.156809 0.006865 0.004261 -0.701762 0.712366 
1710053207.931397 9.324056 -18.967132 -0.149297 0.006274 0.002338 -0.702820 0.711336 
1710053208.032136 9.327614 -19.063965 -0.148099 0.002979 0.005682 -0.701968 0.712180 
1710053208.133045 9.324608 -19.164546 -0.155640 0.007675 0.005984 -0.701942 0.712167 
1710053208.233781 9.321586 -19.246485 -0.148223 0.007503 0.004320 -0.701515 0.712602 
1710053208.334633 9.329950 -19.324519 -0.149249 0.006798 0.003526 -0.701393 0.712733 
1710053208.437887 9.342176 -19.428611 -0.152132 0.008549 0.004284 -0.702377 0.711741 
1710053208.540065 9.352948 -19.527229 -0.157039 0.008085 0.006296 -0.702201 0.711905 
1710053208.637280 9.356497 -19.599596 -0.151489 0.006176 0.004743 -0.702769 0.711376 
1710053208.738224 9.364800 -19.690474 -0.154733 0.004037 0.002876 -0.702622 0.711546 
1710053208.838942 9.375854 -19.794708 -0.161507 0.005030 0.005047 -0.701404 0.712729 
1710053208.939887 9.390433 -19.884265 -0.155622 0.006075 0.001786 -0.702485 0.711670 
1710053209.040712 9.397680 -19.957626 -0.143829 0.004755 0.001806 -0.701473 0.712678 
1710053209.141775 9.395431 -20.052796 -0.149435 0.003613 0.000535 -0.702268 0.711904 
1710053209.245250 9.404637 -20.173162 -0.154785 0.004185 0.002800 -0.702416 0.711749 
1710053209.343232 9.411747 -20.242915 -0.139280 0.004459 0.002089 -0.702252 0.711912 
1710053209.444124 9.415690 -20.312967 -0.134263 0.003659 0.001024 -0.702522 0.711652 
1710053209.544991 9.421411 -20.415178 -0.142836 0.002289 0.002435 -0.701875 0.712292 
1710053209.645946 9.434409 -20.513913 -0.142444 0.006005 0.002880 -0.702675 0.711479 
1710053209.747052 9.433662 -20.588975 -0.132973 0.004385 0.001333 -0.702147 0.712017 
1710053209.847609 9.415473 -20.681998 -0.137076 0.002934 0.000724 -0.699340 0.714783 
1710053209.948889 9.436150 -20.793268 -0.141773 0.003762 0.004916 -0.695601 0.718402 
1710053210.049366 9.452730 -20.878615 -0.143133 -0.000603 0.007581 -0.695105 0.718868 
1710053210.150159 9.442052 -20.967106 -0.140635 0.000052 0.002688 -0.694653 0.719340 
1710053210.250954 9.431736 -21.073625 -0.151287 -0.003883 0.004615 -0.684549 0.728941 
1710053210.351830 9.460878 -21.172973 -0.149219 -0.003820 0.007133 -0.676266 0.736613 
1710053210.452983 9.455064 -21.260824 -0.133518 -0.004441 0.007419 -0.669163 0.743065 
1710053210.553768 9.470835 -21.351187 -0.137320 -0.006769 0.006357 -0.656786 0.754020 
1710053210.654464 9.509323 -21.446043 -0.142467 -0.009493 0.006010 -0.642777 0.765971 
1710053210.755286 9.530582 -21.549738 -0.146391 -0.009693 0.011553 -0.631054 0.775592 
1710053210.856129 9.557347 -21.616554 -0.144392 -0.009855 0.011579 -0.618083 0.785966 
1710053210.957001 9.596897 -21.696319 -0.152730 -0.010731 0.010664 -0.605023 0.796064 
1710053211.057986 9.636662 -21.796497 -0.151805 -0.010597 0.013190 -0.589714 0.807435 
1710053211.158840 9.674335 -21.877118 -0.143165 -0.007247 0.013519 -0.579404 0.814896 
1710053211.259553 9.715423 -21.942610 -0.134112 -0.002435 0.008969 -0.575358 0.817849 
1710053211.360440 9.761103 -22.026051 -0.140450 0.001477 0.004589 -0.575557 0.817747 
1710053211.461597 9.792361 -22.131261 -0.150874 0.005075 0.006622 -0.576166 0.817290 
1710053211.562252 9.816854 -22.213669 -0.157032 0.006528 0.004345 -0.576352 0.817164 
1710053211.662987 9.849177 -22.290132 -0.159680 0.005709 0.003520 -0.577149 0.816611 
1710053211.764032 9.863794 -22.376715 -0.152092 0.004128 0.002490 -0.574881 0.818223 
1710053211.864999 9.898254 -22.471195 -0.152951 0.006131 0.003589 -0.575322 0.817897 
1710053211.965855 9.928859 -22.561630 -0.153841 0.005138 0.002763 -0.575348 0.817888 
1710053212.066531 9.962014 -22.633792 -0.149593 0.005057 0.001480 -0.576077 0.817379 
1710053212.167333 10.001927 -22.740882 -0.155070 0.004570 0.003129 -0.576689 0.816945 
1710053212.268144 10.032119 -22.833205 -0.157519 0.005294 0.003003 -0.576966 0.816746 
1710053212.369067 10.046527 -22.904714 -0.151571 0.002807 0.001420 -0.576335 0.817208 
1710053212.474041 10.071314 -22.993550 -0.154358 0.000151 0.002127 -0.575546 0.817766 
1710053212.570754 10.099423 -23.091042 -0.155915 0.005515 0.002119 -0.576164 0.817313 
1710053212.671667 10.121700 -23.168780 -0.151161 0.003955 0.001084 -0.575570 0.817743 
1710053212.773296 10.150748 -23.244767 -0.155693 0.000676 0.002577 -0.565723 0.824591 
1710053212.876039 10.204606 -23.354780 -0.170280 -0.008147 0.007433 -0.556188 0.830983 
1710053212.975837 10.260030 -23.455944 -0.174283 -0.005600 0.007642 -0.549863 0.835201 
1710053213.076018 10.300311 -23.540432 -0.164031 -0.003234 0.004350 -0.549896 0.835216 
1710053213.176131 10.338759 -23.610032 -0.160849 -0.003213 0.004632 -0.549873 0.835229 
1710053213.276748 10.389828 -23.711698 -0.158195 0.000841 0.004246 -0.550004 0.835151 
1710053213.377792 10.426052 -23.795331 -0.158154 0.004618 0.003242 -0.549505 0.835472 
1710053213.478652 10.445722 -23.868849 -0.151612 0.004113 0.002292 -0.549562 0.835440 
1710053213.579448 10.470430 -23.940371 -0.153362 0.005583 0.004415 -0.549696 0.835334 
1710053213.680362 10.509975 -24.020558 -0.169373 -0.001389 0.009010 -0.538366 0.842662 
1710053213.781268 10.548290 -24.092524 -0.161167 -0.005383 0.010899 -0.528315 0.848961 
1710053213.882070 10.590001 -24.181614 -0.152302 -0.006072 0.008250 -0.521869 0.852964 
1710053213.982944 10.625838 -24.286429 -0.142587 -0.002086 0.009208 -0.520670 0.853706 
1710053214.083761 10.661585 -24.380084 -0.134926 0.002258 0.004069 -0.520875 0.853620 
1710053214.184716 10.689730 -24.462291 -0.131016 0.002119 0.001060 -0.520626 0.853782 
1710053214.285352 10.734034 -24.555023 -0.143573 0.000748 -0.000911 -0.520797 0.853680 
1710053214.386191 10.782344 -24.646953 -0.158236 0.002408 0.000957 -0.521393 0.853313 
1710053214.487078 10.817075 -24.734624 -0.147433 -0.000236 -0.000231 -0.520604 0.853798 
1710053214.588262 10.856066 -24.805504 -0.137132 -0.002700 -0.002623 -0.521694 0.853124 
1710053214.688776 10.908078 -24.879748 -0.142906 -0.003463 0.000282 -0.520623 0.853780 
1710053214.789630 10.951384 -24.975861 -0.146015 0.000046 -0.000065 -0.520695 0.853743 
1710053214.890481 10.979465 -25.049260 -0.141959 -0.000564 -0.001694 -0.520429 0.853903 
1710053214.991331 11.018994 -25.119590 -0.138529 -0.000797 -0.002026 -0.520226 0.854026 
1710053215.092373 11.065206 -25.194577 -0.144682 0.001637 0.002169 -0.520299 0.853980 
1710053215.193183 11.126937 -25.283954 -0.152588 0.000647 0.000699 -0.520220 0.854032 
1710053215.293934 11.171732 -25.360189 -0.149225 0.000186 -0.001167 -0.521336 0.853351 
1710053215.394886 11.217020 -25.422881 -0.153262 -0.000150 -0.001283 -0.520878 0.853630 
1710053215.495758 11.269922 -25.523481 -0.147691 0.000454 0.000099 -0.521048 0.853528 
1710053215.596704 11.313730 -25.608641 -0.137156 0.001840 -0.000005 -0.520647 0.853770 
1710053215.697384 11.345425 -25.678283 -0.139695 0.001076 -0.001043 -0.519961 0.854189 
1710053215.798286 11.370460 -25.763186 -0.143559 0.001879 -0.001010 -0.521279 0.853383 
1710053215.899364 11.425351 -25.855540 -0.142860 0.000616 0.001097 -0.520880 0.853629 
1710053216.000081 11.460976 -25.938834 -0.127066 -0.001894 -0.001802 -0.521268 0.853389 
1710053216.100866 11.493188 -26.004803 -0.117789 -0.001099 -0.003223 -0.520963 0.853572 
1710053216.201704 11.535696 -26.106194 -0.134641 -0.001551 -0.002725 -0.520036 0.854139 
1710053216.302556 11.566711 -26.201601 -0.118632 -0.001965 -0.006195 -0.520742 0.853690 
1710053216.403473 11.602114 -26.261288 -0.097771 -0.004934 -0.006987 -0.520176 0.854016 
1710053216.504484 11.650638 -26.340139 -0.099788 -0.003793 -0.007095 -0.519849 0.854221 
1710053216.605247 11.719165 -26.433513 -0.121882 -0.003316 -0.005793 -0.520098 0.854080 
1710053216.705991 11.777607 -26.510416 -0.123227 -0.006017 -0.008636 -0.520248 0.853951 
1710053216.809078 11.822801 -26.583891 -0.108823 -0.007655 -0.010784 -0.521088 0.853401 
1710053216.908154 11.868184 -26.669866 -0.107466 -0.009332 -0.012010 -0.520115 0.853961 
1710053217.008517 11.914374 -26.771685 -0.106168 -0.006999 -0.010813 -0.519524 0.854359 
1710053217.110011 11.949459 -26.843046 -0.089140 -0.008465 -0.013798 -0.519255 0.854466 
1710053217.210571 11.979428 -26.908997 -0.077126 -0.009791 -0.014318 -0.519374 0.854371 
1710053217.311404 12.008448 -26.981321 -0.073560 -0.007684 -0.011994 -0.520304 0.853863 
1710053217.412130 12.063711 -27.059623 -0.062909 -0.008469 -0.011998 -0.519770 0.854180 
1710053217.513727 12.117166 -27.136182 -0.049389 -0.010336 -0.016930 -0.520098 0.853876 
1710053217.613871 12.160833 -27.210177 -0.052844 -0.012542 -0.019052 -0.519747 0.854016 
1710053217.714564 12.217410 -27.306790 -0.057946 -0.010341 -0.018792 -0.520174 0.853791 
1710053217.820445 12.250763 -27.399650 -0.046033 -0.011054 -0.021619 -0.519851 0.853912 
1710053217.916595 12.278322 -27.468769 -0.029585 -0.013770 -0.025995 -0.519167 0.854167 
1710053218.017336 12.329377 -27.548247 -0.024071 -0.011137 -0.026911 -0.519244 0.854130 
1710053218.118016 12.385635 -27.656101 -0.016382 -0.014150 -0.024245 -0.519456 0.854036 
1710053218.218844 12.427054 -27.729928 -0.007513 -0.016512 -0.026302 -0.519726 0.853768 
1710053218.319759 12.462680 -27.805234 0.008076 -0.016305 -0.028595 -0.520168 0.853429 
1710053218.421496 12.515871 -27.902415 0.005627 -0.016127 -0.028500 -0.517777 0.854889 
1710053218.521542 12.539972 -28.006450 0.005489 -0.017671 -0.028290 -0.519221 0.853989 
1710053218.622469 12.578414 -28.082118 0.025443 -0.019011 -0.030830 -0.518405 0.854368 
1710053218.723173 12.619764 -28.140762 0.033718 -0.020060 -0.031453 -0.519121 0.853886 
1710053218.824078 12.670783 -28.223021 0.034111 -0.016414 -0.026534 -0.519141 0.854119 
1710053218.924843 12.747225 -28.285703 0.034595 -0.018895 -0.028828 -0.518630 0.854303 
1710053219.025707 12.789952 -28.356016 0.046105 -0.018899 -0.032106 -0.519787 0.853483 
1710053219.126902 12.830078 -28.449501 0.058159 -0.020291 -0.032478 -0.518546 0.854192 
1710053219.227586 12.873925 -28.546583 0.066254 -0.018956 -0.032557 -0.518113 0.854482 
1710053219.328356 12.896032 -28.637514 0.082199 -0.019730 -0.033280 -0.518317 0.854313 
1710053219.429252 12.926823 -28.715005 0.099095 -0.022332 -0.035990 -0.518123 0.854257 
1710053219.530250 12.959384 -28.808404 0.114732 -0.023983 -0.037746 -0.518801 0.853725 
1710053219.631837 13.021982 -28.906976 0.123388 -0.023455 -0.034968 -0.518886 0.853806 
1710053219.733436 13.071421 -28.956554 0.122395 -0.021614 -0.035114 -0.519912 0.853224 
1710053219.832723 13.114934 -29.027694 0.134324 -0.021090 -0.035768 -0.518755 0.853914 
1710053219.933690 13.170167 -29.125977 0.120056 -0.020602 -0.034581 -0.517792 0.854559 
1710053220.044584 13.217725 -29.213916 0.135195 -0.019727 -0.035637 -0.518818 0.853913 
1710053220.135224 13.245435 -29.278133 0.154588 -0.020445 -0.036564 -0.517754 0.854503 
1710053220.236025 13.300861 -29.354930 0.164052 -0.018796 -0.037207 -0.517747 0.854518 
1710053220.336872 13.362780 -29.459495 0.159433 -0.018794 -0.033444 -0.519420 0.853657 
1710053220.437932 13.402983 -29.555588 0.174451 -0.020449 -0.029998 -0.514893 0.856485 
1710053220.539906 13.452555 -29.644012 0.200272 -0.022146 -0.029084 -0.504829 0.862445 
1710053220.639458 13.526073 -29.718523 0.216276 -0.023978 -0.021797 -0.487926 0.872283 
1710053220.740411 13.595185 -29.816823 0.225706 -0.024556 -0.021770 -0.472803 0.880557 
1710053220.841186 13.637124 -29.891305 0.231522 -0.026547 -0.020909 -0.457087 0.888780 
1710053220.942106 13.675406 -29.932180 0.220241 -0.026943 -0.023250 -0.446809 0.893921 
1710053221.043017 13.696984 -29.991235 0.215590 -0.023592 -0.022457 -0.441795 0.896525 
1710053221.144207 13.725396 -30.048579 0.212069 -0.019502 -0.022502 -0.443442 0.895808 
1710053221.246200 13.765185 -30.088103 0.215358 -0.013676 -0.025825 -0.445040 0.895034 
1710053221.345901 13.820522 -30.150504 0.221159 -0.009795 -0.028198 -0.444763 0.895151 
1710053221.446430 13.878452 -30.223949 0.219249 -0.009465 -0.024093 -0.443046 0.896125 
1710053221.547369 13.934245 -30.301188 0.227070 -0.009266 -0.028172 -0.443111 0.895976 
1710053221.648057 13.970713 -30.370028 0.236927 -0.012766 -0.033498 -0.442236 0.896182 
1710053221.749084 14.027384 -30.437584 0.248265 -0.012320 -0.035159 -0.444290 0.895108 
1710053221.852332 14.109962 -30.526870 0.241533 -0.012732 -0.031941 -0.444742 0.894998 
1710053221.951876 14.177399 -30.602052 0.247562 -0.018148 -0.035967 -0.444123 0.895060 
1710053222.051508 14.229340 -30.669801 0.262823 -0.019835 -0.041064 -0.444670 0.894533 
1710053222.152481 14.290408 -30.751270 0.286544 -0.022960 -0.042785 -0.443254 0.895080 
1710053222.253202 14.355564 -30.820408 0.296778 -0.018449 -0.046981 -0.444034 0.894587 
1710053222.354053 14.419888 -30.894743 0.324912 -0.019301 -0.052251 -0.442613 0.894981 
1710053222.455171 14.473895 -30.946972 0.341999 -0.025099 -0.058489 -0.443390 0.894066 
1710053222.555860 14.548827 -31.024450 0.365773 -0.030737 -0.060911 -0.443155 0.893845 
1710053222.656905 14.620934 -31.093729 0.371163 -0.032090 -0.062246 -0.442564 0.893998 
1710053222.757519 14.682036 -31.146740 0.378374 -0.033113 -0.068499 -0.443279 0.893149 
1710053222.858357 14.736935 -31.220426 0.398790 -0.034994 -0.073797 -0.443104 0.892742 
1710053222.959214 14.811947 -31.305093 0.403623 -0.035880 -0.076173 -0.442860 0.892629 
1710053223.060396 14.863147 -31.381395 0.431795 -0.036466 -0.080363 -0.443127 0.892105 
1710053223.161446 14.890766 -31.446488 0.462607 -0.040131 -0.083508 -0.442217 0.892110 
1710053223.262170 14.952536 -31.525871 0.471786 -0.039051 -0.085396 -0.442869 0.891656 
1710053223.362779 15.014377 -31.607041 0.486486 -0.041822 -0.082865 -0.443344 0.891533 
1710053223.463851 15.038456 -31.664149 0.508801 -0.045729 -0.081907 -0.443599 0.891303 
1710053223.564385 15.097920 -31.736004 0.529809 -0.039398 -0.087876 -0.444376 0.890649 
1710053223.665217 15.150960 -31.831643 0.551816 -0.040599 -0.087122 -0.441960 0.891870 
1710053223.766289 15.202501 -31.917104 0.555658 -0.040828 -0.089408 -0.441924 0.891651 
1710053223.867093 15.254847 -31.973161 0.579574 -0.042077 -0.093655 -0.441141 0.891545 
1710053223.967829 15.293093 -32.035126 0.612887 -0.039200 -0.094222 -0.433385 0.895412 
1710053224.068685 15.356303 -32.090536 0.625481 -0.047517 -0.091090 -0.418400 0.902433 
1710053224.169584 15.433700 -32.122870 0.640641 -0.046063 -0.088301 -0.399614 0.911257 
1710053224.270382 15.490832 -32.166542 0.654560 -0.054296 -0.091956 -0.379955 0.918820 
1710053224.371534 15.553341 -32.233121 0.690705 -0.050291 -0.090652 -0.358434 0.927781 
1710053224.472214 15.619509 -32.313442 0.705604 -0.049337 -0.090722 -0.337306 0.935714 
1710053224.574051 15.679440 -32.381090 0.730736 -0.047845 -0.094014 -0.317566 0.942350 
1710053224.674048 15.743325 -32.437352 0.757627 -0.044129 -0.095223 -0.309439 0.945110 
1710053224.774680 15.853383 -32.501146 0.803959 -0.035820 -0.093314 -0.307163 0.946393 
1710053224.875536 15.946972 -32.538524 0.819265 -0.032150 -0.092053 -0.306251 0.946944 
1710053224.976408 16.005699 -32.560746 0.845217 -0.024144 -0.089032 -0.307690 0.947004 
1710053225.077375 16.075114 -32.599808 0.873595 -0.025849 -0.085396 -0.307195 0.947455 
1710053225.180208 16.165948 -32.672458 0.878997 -0.025938 -0.078988 -0.306409 0.948262 
1710053225.279239 16.250721 -32.720356 0.891841 -0.020438 -0.072731 -0.306063 0.949009 
1710053225.380145 16.331520 -32.754887 0.900489 -0.015604 -0.068592 -0.304819 0.949809 
1710053225.480718 16.430183 -32.810836 0.910989 -0.015329 -0.066785 -0.306792 0.949307 
1710053225.581619 16.531125 -32.849334 0.901091 -0.020451 -0.059206 -0.306375 0.949848 
1710053225.682469 16.597104 -32.887182 0.911183 -0.021555 -0.052856 -0.306329 0.950213 
1710053225.783632 16.654136 -32.912867 0.896135 -0.021101 -0.053473 -0.297883 0.952870 
1710053225.884395 16.740993 -32.974074 0.878805 -0.025052 -0.050960 -0.284548 0.956978 
1710053225.987052 16.824348 -33.033515 0.876998 -0.023731 -0.050211 -0.279814 0.958447 
1710053226.085847 16.881049 -33.081033 0.898767 -0.024310 -0.050129 -0.277279 0.959173 
1710053226.186694 16.947721 -33.128446 0.926880 -0.020574 -0.055384 -0.276765 0.959120 
1710053226.287564 17.035952 -33.171844 0.942118 -0.014854 -0.057804 -0.277232 0.958948 
1710053226.388510 17.113023 -33.239437 0.972676 -0.016322 -0.061708 -0.276857 0.958789 
1710053226.489452 17.175515 -33.294338 1.008628 -0.020099 -0.072196 -0.276341 0.958133 
1710053226.590178 17.240893 -33.360232 1.036308 -0.027299 -0.080990 -0.275304 0.957551 
1710053226.691003 17.315275 -33.414533 1.059882 -0.029889 -0.090900 -0.275113 0.956638 
1710053226.791852 17.369865 -33.455658 1.087644 -0.031520 -0.103512 -0.275519 0.955186 
1710053226.892862 17.443636 -33.486589 1.104601 -0.036687 -0.113507 -0.273199 0.954533 
1710053226.993588 17.530918 -33.538452 1.125099 -0.038786 -0.113192 -0.272073 0.954808 
1710053227.094692 17.607938 -33.580679 1.153432 -0.039499 -0.115756 -0.274592 0.953750 
1710053227.195824 17.675084 -33.621034 1.182396 -0.034671 -0.120861 -0.274313 0.953385 
1710053227.296616 17.742740 -33.667810 1.221960 -0.037477 -0.124549 -0.271945 0.953483 
1710053227.403843 17.811474 -33.733739 1.245963 -0.037964 -0.124103 -0.272369 0.953401 
1710053227.497930 17.877852 -33.792929 1.264288 -0.038631 -0.125118 -0.273694 0.952861 
1710053227.599125 17.941339 -33.833781 1.309253 -0.038766 -0.126050 -0.273241 0.952863 
1710053227.699819 18.035416 -33.857851 1.321756 -0.040993 -0.118864 -0.269884 0.954649 
1710053227.800739 18.169239 -33.875241 1.343926 -0.046003 -0.116329 -0.261715 0.957004 
1710053227.901490 18.269039 -33.890790 1.375912 -0.049122 -0.116477 -0.249917 0.959980 
1710053228.002375 18.376981 -33.912136 1.401076 -0.045060 -0.121181 -0.246136 0.960574 
1710053228.103045 18.475912 -33.956592 1.421132 -0.043465 -0.119239 -0.241230 0.962134 
1710053228.204007 18.587607 -33.987843 1.425800 -0.039454 -0.122275 -0.242515 0.961602 
1710053228.304741 18.667936 -34.005757 1.452186 -0.036599 -0.125976 -0.241512 0.961490 
1710053228.405773 18.755845 -34.033734 1.482020 -0.033388 -0.127295 -0.241088 0.961539 
1710053228.506762 18.865452 -34.078924 1.494675 -0.032574 -0.124936 -0.242510 0.961519 
1710053228.607378 18.956719 -34.111586 1.528610 -0.034767 -0.124924 -0.242474 0.961453 
1710053228.708181 19.001194 -34.145879 1.560607 -0.035795 -0.125740 -0.243308 0.961098 
1710053228.809079 19.083164 -34.187905 1.573912 -0.038477 -0.122505 -0.242674 0.961572 
1710053228.909914 19.164963 -34.246222 1.584076 -0.035521 -0.120204 -0.242277 0.962077 
1710053229.010755 19.236090 -34.290882 1.608835 -0.036001 -0.119635 -0.242639 0.962038 
1710053229.112286 19.305584 -34.329845 1.639777 -0.037335 -0.122821 -0.241224 0.961942 
1710053229.213237 19.392393 -34.367568 1.674840 -0.031454 -0.115213 -0.240779 0.963204 
1710053229.313497 19.478752 -34.382661 1.699353 -0.033336 -0.116555 -0.241748 0.962736 
1710053229.414195 19.551959 -34.414690 1.730588 -0.037105 -0.122098 -0.242986 0.961599 
1710053229.515151 19.630409 -34.466423 1.752758 -0.036554 -0.121169 -0.242946 0.961748 
1710053229.615924 19.709760 -34.531115 1.763673 -0.035132 -0.117091 -0.243381 0.962196 
1710053229.716999 19.812944 -34.594457 1.783694 -0.030272 -0.120087 -0.242693 0.962166 
1710053229.818116 19.873393 -34.643372 1.788015 -0.030076 -0.121343 -0.242291 0.962116 
1710053229.918817 19.939860 -34.686181 1.817817 -0.029650 -0.122084 -0.243045 0.961845 
1710053230.019440 20.039521 -34.744984 1.838164 -0.026924 -0.117125 -0.243357 0.962463 
1710053230.120211 20.102148 -34.780230 1.867241 -0.028367 -0.120021 -0.243906 0.961925 
1710053230.221134 20.157693 -34.821660 1.903458 -0.030084 -0.120921 -0.245726 0.961297 
1710053230.321946 20.228190 -34.897434 1.922984 -0.034568 -0.118229 -0.243584 0.962026 
1710053230.422934 20.305718 -34.970471 1.947771 -0.030733 -0.120197 -0.241908 0.962335 
1710053230.523696 20.359693 -35.012622 1.968965 -0.028792 -0.125789 -0.242045 0.961646 
1710053230.624562 20.433608 -35.048850 1.996960 -0.031214 -0.127673 -0.243202 0.961030 
1710053230.725380 20.522718 -35.103666 2.019357 -0.036330 -0.121584 -0.243165 0.961649 
1710053230.826233 20.611265 -35.141143 2.033488 -0.031487 -0.123909 -0.243633 0.961404 
1710053230.927140 20.690936 -35.176931 2.050216 -0.028687 -0.127716 -0.244305 0.960823 
1710053231.029250 20.758642 -35.233133 2.075186 -0.033064 -0.127968 -0.241523 0.961352 
1710053231.128932 20.833903 -35.298951 2.095427 -0.032225 -0.124479 -0.240475 0.962101 
1710053231.230102 20.914840 -35.342056 2.126852 -0.031734 -0.123451 -0.243346 0.961528 
1710053231.330601 20.971320 -35.371346 2.162895 -0.036328 -0.125359 -0.242241 0.961397 
1710053231.431401 21.065569 -35.405733 2.178611 -0.031033 -0.122613 -0.241041 0.962238 
1710053231.532249 21.150794 -35.428636 2.195309 -0.024966 -0.114362 -0.241176 0.963396 
1710053231.633186 21.219640 -35.445926 2.214784 -0.027464 -0.109998 -0.242442 0.963519 
1710053231.734380 21.266658 -35.481547 2.234795 -0.032266 -0.111351 -0.245180 0.962521 
1710053231.835019 21.350961 -35.537913 2.247433 -0.035735 -0.108702 -0.242352 0.963417 
1710053231.935682 21.476863 -35.579298 2.263527 -0.029985 -0.105015 -0.241085 0.964340 
1710053232.036539 21.587454 -35.622811 2.284976 -0.031720 -0.104585 -0.243675 0.963680 
1710053232.137439 21.667142 -35.665679 2.306685 -0.030309 -0.104829 -0.241371 0.964278 
1710053232.238340 21.751420 -35.718285 2.311664 -0.028497 -0.104393 -0.242716 0.964043 
1710053232.339225 21.855046 -35.762706 2.315517 -0.028845 -0.096168 -0.242724 0.964886 
1710053232.440290 21.950072 -35.810397 2.305648 -0.030505 -0.093168 -0.240790 0.965614 
1710053232.540844 22.027251 -35.847077 2.303858 -0.026951 -0.094314 -0.240954 0.965567 
1710053232.643555 22.094473 -35.894259 2.320395 -0.023524 -0.088753 -0.241549 0.966035 
1710053232.742558 22.171194 -35.930047 2.339604 -0.020373 -0.088660 -0.242639 0.965842 
1710053232.843411 22.239048 -35.962733 2.372750 -0.020764 -0.090203 -0.240862 0.966136 
1710053232.944407 22.322481 -35.996298 2.408270 -0.026881 -0.093503 -0.240787 0.965690 
1710053233.046458 22.408857 -36.033726 2.433657 -0.027914 -0.094040 -0.243940 0.964816 
1710053233.146028 22.464135 -36.057484 2.450904 -0.027646 -0.096664 -0.242237 0.964994 
1710053233.247219 22.518893 -36.090520 2.485625 -0.033183 -0.104118 -0.245176 0.963300 
1710053233.347934 22.593006 -36.142666 2.517047 -0.034043 -0.102956 -0.241751 0.964260 
1710053233.448568 22.681281 -36.194823 2.555460 -0.030482 -0.107585 -0.244519 0.963175 
1710053233.549535 22.760310 -36.233134 2.587379 -0.031339 -0.117600 -0.244041 0.962098 
1710053233.650279 22.828232 -36.270328 2.616042 -0.035979 -0.123435 -0.243037 0.961458 
1710053233.754203 22.937258 -36.310225 2.648619 -0.035201 -0.120296 -0.242313 0.962068 
1710053233.852012 23.027400 -36.338976 2.666479 -0.036004 -0.123307 -0.242431 0.961627 
1710053233.952860 23.104985 -36.359097 2.690406 -0.031801 -0.126532 -0.245988 0.960452 
1710053234.054353 23.181966 -36.415534 2.716696 -0.035922 -0.126045 -0.242545 0.961246 
1710053234.154564 23.263706 -36.469920 2.735165 -0.035907 -0.127301 -0.241336 0.961385 
1710053234.255594 23.337263 -36.512754 2.770793 -0.032084 -0.130682 -0.242639 0.960739 
1710053234.356453 23.413376 -36.558284 2.788045 -0.040467 -0.137818 -0.241221 0.959782 
1710053234.457352 23.506801 -36.598338 2.797627 -0.035471 -0.137056 -0.237573 0.960998 
1710053234.558014 23.605475 -36.630792 2.822062 -0.035810 -0.133557 -0.240430 0.960767 
1710053234.658862 23.683109 -36.667789 2.860893 -0.040257 -0.134687 -0.243123 0.959755 
1710053234.759761 23.738986 -36.708714 2.888478 -0.039463 -0.135583 -0.241001 0.960197 
1710053234.860618 23.813911 -36.779223 2.919185 -0.034493 -0.126054 -0.240901 0.961711 
1710053234.961670 23.870623 -36.838371 2.948014 -0.032736 -0.125318 -0.242148 0.961555 
1710053235.062486 23.947716 -36.877864 2.974770 -0.032598 -0.127731 -0.240649 0.961619 
1710053235.163377 24.024665 -36.917461 3.001724 -0.033819 -0.125321 -0.240702 0.961880 
1710053235.264335 24.126630 -36.953982 3.017532 -0.037092 -0.121008 -0.243926 0.961500 
1710053235.365054 24.201743 -36.975947 3.029329 -0.034540 -0.118531 -0.244373 0.961790 
1710053235.465744 24.270553 -37.009958 3.050233 -0.031049 -0.119309 -0.245041 0.961643 
1710053235.566601 24.353382 -37.055236 3.063314 -0.031005 -0.116849 -0.242646 0.962553 
1710053235.667549 24.449028 -37.103420 3.075546 -0.028617 -0.116046 -0.241604 0.962986 
1710053235.769000 24.516650 -37.146713 3.110717 -0.028955 -0.117767 -0.242042 0.962657 
1710053235.869207 24.583349 -37.187443 3.141671 -0.030097 -0.120336 -0.241189 0.962518 
1710053235.970086 24.653672 -37.242284 3.154715 -0.028001 -0.112082 -0.242745 0.963187 
1710053236.070892 24.731684 -37.291630 3.188528 -0.031292 -0.102992 -0.243514 0.963906 
1710053236.171798 24.801859 -37.338739 3.225413 -0.029420 -0.098482 -0.242947 0.964579 
1710053236.272662 24.860776 -37.389630 3.254112 -0.032024 -0.095740 -0.243376 0.964664 
1710053236.373698 24.937403 -37.443782 3.276520 -0.027950 -0.086592 -0.241109 0.966223 
1710053236.474375 25.004198 -37.490749 3.291150 -0.021495 -0.085186 -0.240682 0.966620 
1710053236.575200 25.073229 -37.536844 3.310844 -0.023680 -0.086290 -0.239220 0.966834 
1710053236.676239 25.167562 -37.571548 3.315844 -0.021112 -0.084265 -0.240925 0.966648 
1710053236.780020 25.287479 -37.601979 3.320573 -0.023739 -0.081559 -0.242154 0.966512 
1710053236.877807 25.374898 -37.631456 3.335542 -0.024378 -0.082714 -0.243240 0.966125 
1710053236.979213 25.454196 -37.669341 3.345801 -0.024310 -0.084649 -0.243337 0.965935 
1710053237.079826 25.535694 -37.729320 3.352796 -0.025609 -0.081732 -0.243458 0.966122 
1710053237.180596 25.631182 -37.792490 3.358223 -0.023730 -0.082542 -0.243304 0.966140 
1710053237.281286 25.699698 -37.832976 3.368980 -0.022994 -0.080781 -0.241778 0.966690 
1710053237.382069 25.784831 -37.865327 3.369365 -0.019678 -0.082507 -0.242136 0.966528 
1710053237.482936 25.894513 -37.919350 3.369258 -0.023611 -0.080782 -0.243379 0.966273 
1710053237.583812 25.982836 -37.945174 3.383518 -0.027832 -0.076995 -0.242156 0.966777 
1710053237.684778 26.052699 -37.971493 3.401978 -0.022016 -0.078317 -0.243755 0.966419 
1710053237.785726 26.132058 -37.999217 3.429931 -0.022998 -0.076723 -0.243605 0.966561 
1710053237.886706 26.218767 -38.050719 3.446682 -0.019087 -0.071706 -0.244169 0.966890 
1710053237.987242 26.281414 -38.094155 3.462738 -0.019321 -0.072638 -0.243876 0.966889 
1710053238.088099 26.347569 -38.128801 3.486087 -0.024239 -0.070624 -0.244081 0.966876 
1710053238.188964 26.435098 -38.174651 3.523042 -0.026297 -0.067015 -0.244690 0.966925 
1710053238.289833 26.542740 -38.213508 3.522715 -0.024549 -0.064097 -0.244721 0.967161 
1710053238.390717 26.640390 -38.246454 3.540869 -0.022359 -0.064809 -0.245147 0.967059 
1710053238.491707 26.712499 -38.279487 3.559398 -0.022133 -0.063214 -0.245215 0.967152 
1710053238.592391 26.815800 -38.325220 3.576017 -0.025601 -0.059899 -0.243396 0.967737 
1710053238.693308 26.918009 -38.364260 3.588325 -0.019050 -0.059585 -0.244026 0.967749 
1710053238.794184 26.992713 -38.408787 3.605355 -0.018202 -0.061998 -0.243586 0.967725 
1710053238.895133 27.084670 -38.456770 3.602971 -0.021990 -0.062059 -0.244952 0.967297 
1710053238.996021 27.182221 -38.510052 3.613137 -0.023822 -0.059917 -0.245694 0.967201 
1710053239.096914 27.244537 -38.553817 3.635353 -0.018772 -0.054929 -0.244631 0.967877 
1710053239.197908 27.325667 -38.587917 3.624045 -0.022071 -0.057407 -0.244638 0.967662 
1710053239.298493 27.406169 -38.641074 3.616153 -0.023256 -0.051865 -0.242516 0.968481 
1710053239.399309 27.493170 -38.694542 3.639864 -0.019942 -0.050954 -0.241492 0.968859 
1710053239.500101 27.575030 -38.732232 3.661545 -0.017257 -0.051231 -0.241438 0.968909 
1710053239.600971 27.659613 -38.766111 3.681487 -0.018032 -0.051654 -0.242099 0.968708 
1710053239.702134 27.755791 -38.807739 3.702266 -0.020566 -0.049894 -0.242779 0.968579 
1710053239.802712 27.846324 -38.844877 3.724407 -0.017554 -0.050327 -0.242038 0.968802 
1710053239.903992 27.907356 -38.878050 3.751065 -0.019190 -0.049578 -0.242949 0.968581 
1710053240.005032 27.991118 -38.919128 3.763835 -0.020469 -0.047035 -0.242121 0.968889 
1710053240.105261 28.093429 -38.962370 3.760135 -0.020275 -0.047495 -0.243023 0.968645 
1710053240.206128 28.157344 -38.985647 3.780786 -0.017660 -0.047168 -0.241778 0.969024 
1710053240.307060 28.225233 -39.009412 3.792323 -0.019501 -0.049400 -0.241575 0.968928 
1710053240.408017 28.312512 -39.054027 3.786568 -0.016504 -0.045174 -0.242688 0.968911 
1710053240.508718 28.414084 -39.103896 3.799038 -0.020082 -0.041822 -0.242702 0.968991 
1710053240.609596 28.487802 -39.137889 3.804526 -0.021154 -0.044522 -0.243418 0.968668 
1710053240.710446 28.569755 -39.164192 3.800007 -0.020206 -0.046643 -0.242202 0.968893 
1710053240.811354 28.651711 -39.205715 3.806187 -0.014271 -0.042225 -0.241009 0.969499 
1710053240.912355 28.737176 -39.244602 3.814656 -0.014828 -0.042266 -0.242404 0.969141 
1710053241.013210 28.815377 -39.270979 3.825611 -0.012066 -0.045241 -0.242275 0.969077 
1710053241.114100 28.896136 -39.306962 3.839085 -0.012275 -0.042695 -0.242834 0.969050 
1710053241.214866 28.990895 -39.355285 3.839466 -0.017046 -0.041321 -0.243181 0.968951 
1710053241.315837 29.062491 -39.409416 3.860552 -0.016806 -0.039446 -0.242005 0.969327 
1710053241.416427 29.125319 -39.443742 3.863275 -0.016989 -0.041940 -0.243777 0.968775 
1710053241.517284 29.201879 -39.489798 3.870285 -0.014908 -0.036941 -0.242252 0.969395 
1710053241.618162 29.282313 -39.530015 3.880161 -0.015459 -0.036410 -0.244778 0.968772 
1710053241.719090 29.350428 -39.549263 3.919277 -0.013883 -0.036236 -0.242572 0.969357 
1710053241.819888 29.432270 -39.580157 3.946234 -0.012877 -0.036446 -0.242801 0.969306 
1710053241.920752 29.526324 -39.625627 3.950284 -0.013762 -0.031342 -0.243375 0.969328 
1710053242.021571 29.623725 -39.658396 3.953156 -0.013457 -0.031937 -0.244397 0.969056 
1710053242.122439 29.693170 -39.691422 3.962269 -0.015231 -0.033167 -0.244188 0.969041 
1710053242.223301 29.777145 -39.746173 3.956187 -0.017595 -0.034161 -0.243415 0.969161 
1710053242.324368 29.866961 -39.817022 3.950637 -0.010223 -0.033720 -0.242737 0.969452 
1710053242.425282 29.941554 -39.883688 3.957659 -0.009590 -0.036635 -0.243013 0.969284 
1710053242.525925 30.003007 -39.940255 3.961932 -0.009668 -0.037795 -0.242113 0.969463 
1710053242.626804 30.087203 -39.997203 3.956194 -0.008215 -0.036241 -0.241738 0.969630 
1710053242.727704 30.174401 -40.043845 3.959597 -0.013285 -0.035832 -0.240817 0.969818 
1710053242.828668 30.237911 -40.095949 3.970655 -0.018814 -0.037113 -0.242350 0.969296 
1710053242.929513 30.310634 -40.146601 3.972250 -0.017829 -0.042033 -0.241521 0.969321 
1710053243.030366 30.400967 -40.199913 3.977748 -0.013958 -0.037895 -0.241038 0.969675 
1710053243.131247 30.467729 -40.246523 3.994474 -0.009636 -0.040460 -0.244968 0.968639 
1710053243.231935 30.516110 -40.292202 3.996133 -0.006348 -0.044660 -0.256402 0.965517 
1710053243.332836 30.594486 -40.337488 4.015534 -0.005584 -0.040566 -0.267684 0.962636 
1710053243.433630 30.704667 -40.377451 4.033300 -0.009409 -0.032245 -0.271426 0.961873 
1710053243.534472 30.796433 -40.402004 4.043694 -0.014484 -0.027414 -0.271339 0.961984 
1710053243.636443 30.867480 -40.418341 4.030965 -0.012064 -0.027981 -0.276273 0.960596 
1710053243.736313 30.944324 -40.449945 4.034110 -0.008185 -0.020108 -0.287557 0.957517 
1710053243.837136 31.011606 -40.513863 4.043877 0.003172 -0.018395 -0.307331 0.951420 
1710053243.937927 31.080024 -40.574679 4.055304 0.005921 -0.020637 -0.321074 0.946811 
1710053244.038898 31.153230 -40.626663 4.069995 0.002997 -0.021134 -0.326348 0.945009 
1710053244.139632 31.249128 -40.695354 4.081691 -0.000433 -0.019138 -0.330665 0.943554 
1710053244.240544 31.342149 -40.743582 4.076173 -0.005015 -0.015911 -0.333902 0.942460 
1710053244.341743 31.398867 -40.776054 4.075750 -0.005678 -0.017028 -0.343224 0.939082 
1710053244.443746 31.455020 -40.821335 4.079161 -0.004239 -0.017389 -0.353420 0.935293 
1710053244.543144 31.514451 -40.916852 4.070944 0.002006 -0.015776 -0.369079 0.929262 
1710053244.644013 31.563519 -40.974678 4.071911 0.007407 -0.020031 -0.393790 0.918952 
1710053244.747127 31.614637 -41.040547 4.091693 0.005958 -0.019465 -0.401966 0.915428 
1710053244.845778 31.683677 -41.104421 4.102096 0.001249 -0.017217 -0.408439 0.912622 
1710053244.946644 31.777396 -41.184749 4.094074 -0.007136 -0.009547 -0.407412 0.913167 
1710053245.047450 31.846814 -41.231420 4.110847 -0.012462 -0.008396 -0.406863 0.913366 
1710053245.148455 31.905074 -41.261728 4.114423 -0.014309 -0.010704 -0.407819 0.912888 
1710053245.249183 31.976140 -41.322400 4.099047 -0.015812 -0.012106 -0.407589 0.912948 
1710053245.350000 32.047087 -41.403873 4.094005 -0.009446 -0.012497 -0.407422 0.913106 
1710053245.451049 32.101023 -41.468330 4.113486 -0.010584 -0.012282 -0.407883 0.912890 
1710053245.551657 32.151927 -41.531504 4.122969 -0.010595 -0.012892 -0.406879 0.913329 
1710053245.652654 32.226436 -41.602269 4.117431 -0.007184 -0.012338 -0.407615 0.913042 
1710053245.753386 32.294640 -41.677463 4.114567 -0.010046 -0.009869 -0.406968 0.913334 
1710053245.854257 32.341464 -41.742017 4.128919 -0.010781 -0.011857 -0.408228 0.912739 
1710053245.956870 32.402630 -41.799573 4.128815 -0.008544 -0.013334 -0.408157 0.912774 
1710053246.056007 32.465519 -41.881942 4.131466 -0.009874 -0.010296 -0.408305 0.912734 
1710053246.157520 32.515047 -41.969600 4.155436 -0.010492 -0.010480 -0.408038 0.912845 
1710053246.257727 32.566826 -42.016834 4.164243 -0.011047 -0.011563 -0.407961 0.912859 
1710053246.358782 32.637368 -42.085181 4.165029 -0.011916 -0.012228 -0.409179 0.912294 
1710053246.459474 32.724777 -42.167529 4.154928 -0.011777 -0.009129 -0.408871 0.912470 
1710053246.560287 32.786866 -42.211799 4.164713 -0.011887 -0.008672 -0.409053 0.912392 
1710053246.661144 32.837710 -42.274757 4.158450 -0.012423 -0.009209 -0.410041 0.911936 
1710053246.762203 32.919310 -42.356472 4.157085 -0.012856 -0.008692 -0.408655 0.912557 
1710053246.862997 32.993020 -42.430886 4.155968 -0.008671 -0.006925 -0.407987 0.912920 
1710053246.963704 33.052308 -42.475177 4.151002 -0.009616 -0.007872 -0.407636 0.913060 
1710053247.064858 33.123095 -42.538390 4.160943 -0.009243 -0.007176 -0.408776 0.912560 
1710053247.165472 33.194642 -42.609791 4.163355 -0.006262 -0.003019 -0.409683 0.912202 
1710053247.266309 33.255700 -42.670365 4.174346 -0.008230 -0.001652 -0.408789 0.912590 
1710053247.367185 33.305904 -42.738016 4.172023 -0.008449 -0.007531 -0.409539 0.912222 
1710053247.468030 33.371832 -42.814509 4.167332 -0.011428 -0.009214 -0.407982 0.912872 
1710053247.568836 33.454314 -42.883854 4.159921 -0.009258 -0.008883 -0.408065 0.912863 
1710053247.670013 33.498891 -42.952869 4.162738 -0.009767 -0.011156 -0.407930 0.912893 
1710053247.770845 33.553619 -43.014880 4.162702 -0.009414 -0.012322 -0.408531 0.912613 
1710053247.871454 33.619873 -43.093530 4.163159 -0.011950 -0.011916 -0.409095 0.912336 
1710053247.972294 33.687621 -43.172013 4.160048 -0.009342 -0.009932 -0.408160 0.912809 
1710053248.073150 33.748729 -43.232994 4.162277 -0.008873 -0.012054 -0.408312 0.912720 
1710053248.173997 33.792950 -43.306728 4.175076 -0.012460 -0.011190 -0.409065 0.912351 
1710053248.274942 33.858734 -43.397908 4.182281 -0.011457 -0.010293 -0.407518 0.913067 
1710053248.376106 33.907172 -43.473714 4.178764 -0.007798 -0.010721 -0.407492 0.913112 
1710053248.476624 33.962146 -43.539445 4.182081 -0.009876 -0.011770 -0.407878 0.912907 
1710053248.577462 34.031972 -43.606589 4.181792 -0.015927 -0.008856 -0.408673 0.912499 
1710053248.678480 34.102925 -43.674220 4.196132 -0.010634 -0.007642 -0.407423 0.913146 
1710053248.779269 34.164628 -43.719108 4.215124 -0.010324 -0.011042 -0.408269 0.912737 
1710053248.880258 34.215133 -43.780885 4.222418 -0.011049 -0.011993 -0.408503 0.912611 
1710053248.980976 34.283560 -43.870307 4.222241 -0.010726 -0.012680 -0.407690 0.912969 
1710053249.081886 34.339607 -43.952183 4.237726 -0.009303 -0.012620 -0.407844 0.912917 
1710053249.182638 34.394207 -44.011873 4.249917 -0.009473 -0.014309 -0.406776 0.913367 
1710053249.283434 34.466486 -44.063955 4.253856 -0.008011 -0.015150 -0.408736 0.912492 
1710053249.384476 34.532877 -44.143584 4.240880 -0.009500 -0.012353 -0.409522 0.912167 
1710053249.485157 34.593382 -44.210067 4.244792 -0.008918 -0.017319 -0.417416 0.908507 
1710053249.586059 34.649890 -44.272564 4.272731 -0.005220 -0.022496 -0.434228 0.900507 
1710053249.687084 34.705177 -44.369502 4.284208 0.001579 -0.021296 -0.448938 0.893308 
1710053249.788228 34.750690 -44.478647 4.289613 0.006608 -0.024171 -0.465131 0.884887 
1710053249.888685 34.790322 -44.551395 4.299140 0.001619 -0.024137 -0.475200 0.879545 
1710053249.989451 34.838044 -44.615673 4.298292 0.000653 -0.024267 -0.481196 0.876277 
1710053250.090316 34.899867 -44.695577 4.296198 -0.007996 -0.017729 -0.482864 0.875479 
1710053250.191175 34.953117 -44.776403 4.299333 -0.014139 -0.013904 -0.481848 0.876030 
1710053250.292180 35.008657 -44.833049 4.302634 -0.013572 -0.014168 -0.482924 0.875443 
1710053250.393121 35.054984 -44.906244 4.306741 -0.015759 -0.012427 -0.482440 0.875699 
1710053250.493763 35.109096 -44.998379 4.288999 -0.012444 -0.012588 -0.484464 0.874632 
1710053250.594657 35.152772 -45.071536 4.292594 -0.009673 -0.015235 -0.492444 0.870157 
1710053250.695703 35.192375 -45.147067 4.289852 -0.002780 -0.019542 -0.503968 0.863497 
1710053250.796507 35.239098 -45.217977 4.294439 0.001817 -0.017412 -0.514222 0.857478 
1710053250.897189 35.278036 -45.304947 4.305545 0.000294 -0.013657 -0.524303 0.851422 
1710053250.998217 35.314922 -45.374876 4.316360 -0.003678 -0.016864 -0.533641 0.845535 
1710053251.099080 35.360701 -45.451797 4.314302 -0.002369 -0.016035 -0.537946 0.842823 
1710053251.199935 35.391226 -45.542336 4.317616 -0.004597 -0.010948 -0.538268 0.842690 
1710053251.300655 35.426264 -45.634492 4.325989 -0.007871 -0.010869 -0.537824 0.842951 
1710053251.402750 35.446997 -45.710093 4.329048 -0.010885 -0.009699 -0.538991 0.842185 
1710053251.502345 35.474053 -45.798192 4.317880 -0.005887 -0.013730 -0.549993 0.835036 
1710053251.603234 35.507670 -45.894167 4.322885 0.004230 -0.012524 -0.564748 0.825158 
1710053251.704260 35.546207 -45.966413 4.343363 0.005541 -0.015545 -0.578618 0.815431 
1710053251.805282 35.588893 -46.040141 4.348650 0.000796 -0.016250 -0.584563 0.811186 
1710053251.905795 35.630993 -46.112785 4.351784 -0.003716 -0.006575 -0.585147 0.810892 
1710053252.006638 35.664495 -46.194374 4.354018 -0.003243 -0.006052 -0.584407 0.811432 
1710053252.107600 35.690665 -46.258733 4.372923 -0.006207 -0.007254 -0.583903 0.811767 
1710053252.208362 35.714077 -46.331982 4.370263 -0.008845 -0.008924 -0.584784 0.811092 
1710053252.309433 35.754453 -46.441286 4.362400 -0.007718 -0.003111 -0.585283 0.810786 
1710053252.410267 35.783565 -46.533103 4.368749 -0.008818 -0.005435 -0.585489 0.810614 
1710053252.510962 35.804450 -46.602358 4.374945 -0.011222 -0.010443 -0.585778 0.810327 
1710053252.612065 35.827291 -46.678379 4.375330 -0.011880 -0.011574 -0.585316 0.810636 
1710053252.712789 35.843071 -46.776376 4.375231 -0.009198 -0.012566 -0.584653 0.811134 
1710053252.813654 35.856879 -46.865566 4.387686 -0.011073 -0.014826 -0.585179 0.810693 
1710053252.914419 35.879580 -46.944265 4.391063 -0.014123 -0.014680 -0.584291 0.811288 
1710053253.015444 35.925385 -47.031916 4.391234 -0.011792 -0.015927 -0.585364 0.810528 
1710053253.116294 35.976558 -47.119062 4.385246 -0.010486 -0.012181 -0.584583 0.811175 
1710053253.217226 36.015744 -47.200049 4.391904 -0.015399 -0.014033 -0.584705 0.810978 
1710053253.317806 36.052549 -47.265541 4.404217 -0.016671 -0.015730 -0.583254 0.811966 
1710053253.418715 36.074817 -47.366176 4.401545 -0.019732 -0.010567 -0.576136 0.817047 
1710053253.519592 36.091204 -47.459741 4.414259 -0.016994 -0.015142 -0.578470 0.815386 
1710053253.620510 36.120873 -47.526844 4.443153 -0.018884 -0.016782 -0.577437 0.816044 
1710053253.721308 36.159860 -47.595290 4.457666 -0.018796 -0.020148 -0.577991 0.815578 
1710053253.822306 36.223597 -47.694680 4.462913 -0.018372 -0.016354 -0.577344 0.816131 
1710053253.923007 36.259950 -47.774379 4.474520 -0.020797 -0.016300 -0.578112 0.815529 
1710053254.023836 36.301965 -47.831097 4.484711 -0.021661 -0.021283 -0.578409 0.815181 
1710053254.124712 36.339454 -47.924444 4.488089 -0.022780 -0.017836 -0.578504 0.815167 
1710053254.225623 36.384466 -48.033226 4.480417 -0.019420 -0.020104 -0.577541 0.815883 
1710053254.326739 36.429857 -48.124245 4.485008 -0.017851 -0.020658 -0.577861 0.815678 
1710053254.427671 36.451865 -48.189847 4.488670 -0.016689 -0.021433 -0.576440 0.816688 
1710053254.528379 36.471837 -48.275064 4.474172 -0.007734 -0.023346 -0.577332 0.816139 
1710053254.629107 36.508392 -48.369970 4.464107 -0.010850 -0.019163 -0.578143 0.815638 
1710053254.731161 36.538497 -48.458159 4.466573 -0.013442 -0.019155 -0.577772 0.815862 
1710053254.830711 36.563840 -48.529236 4.472363 -0.015199 -0.019409 -0.578421 0.815366 
1710053254.931773 36.590892 -48.635989 4.471910 -0.013691 -0.016742 -0.577632 0.816011 
1710053255.032686 36.624209 -48.727221 4.487217 -0.011699 -0.016275 -0.578287 0.815587 
1710053255.133640 36.650136 -48.796241 4.498019 -0.013269 -0.017232 -0.577104 0.816381 
1710053255.234154 36.677934 -48.877613 4.497488 -0.014109 -0.017624 -0.577926 0.815777 
1710053255.335004 36.720070 -48.983743 4.500394 -0.014852 -0.013094 -0.578464 0.815467 
1710053255.435911 36.756460 -49.065850 4.496594 -0.015286 -0.013642 -0.577807 0.815916 
1710053255.536748 36.783297 -49.140133 4.497105 -0.014763 -0.017320 -0.578657 0.815254 
1710053255.637765 36.805595 -49.235308 4.492452 -0.017400 -0.018519 -0.577694 0.815858 
1710053255.738601 36.831755 -49.336593 4.499922 -0.015497 -0.019491 -0.577705 0.815866 
1710053255.839371 36.864103 -49.405235 4.539071 -0.017820 -0.022983 -0.578160 0.815405 
1710053255.940149 36.883503 -49.465338 4.556520 -0.021225 -0.028712 -0.578221 0.815098 
1710053256.041051 36.920803 -49.559228 4.557338 -0.019446 -0.030109 -0.578380 0.814980 
1710053256.141865 36.949994 -49.647962 4.581628 -0.022789 -0.029492 -0.578478 0.814846 
1710053256.242799 36.965581 -49.721139 4.609830 -0.029234 -0.034933 -0.580053 0.813304 
1710053256.344891 36.998444 -49.799036 4.624960 -0.034373 -0.041144 -0.579291 0.813356 
1710053256.444522 37.045945 -49.917611 4.625426 -0.031446 -0.042946 -0.577739 0.814484 
1710053256.545637 37.054108 -49.997160 4.642494 -0.034772 -0.049929 -0.577290 0.814269 
1710053256.646370 37.073544 -50.068366 4.661172 -0.037073 -0.054129 -0.576472 0.814479 
1710053256.747168 37.096895 -50.145050 4.674361 -0.038626 -0.054209 -0.577018 0.814014 
1710053256.847883 37.120090 -50.253776 4.676271 -0.038911 -0.049567 -0.578934 0.812936 
1710053256.948820 37.157525 -50.333341 4.688082 -0.039501 -0.049220 -0.577877 0.813680 
1710053257.049884 37.180561 -50.400540 4.698747 -0.036011 -0.051845 -0.579567 0.812476 
1710053257.150578 37.204593 -50.512024 4.698957 -0.039585 -0.049456 -0.578464 0.813244 
1710053257.251307 37.228585 -50.617916 4.714081 -0.036806 -0.051449 -0.576865 0.814386 
1710053257.352169 37.205114 -50.749618 4.733465 -0.039640 -0.049221 -0.572057 0.817776 
1710053257.453070 37.220708 -50.848825 4.751177 -0.044437 -0.048311 -0.560129 0.825801 
1710053257.553977 37.285240 -50.928636 4.754964 -0.044132 -0.046802 -0.551124 0.831940 
1710053257.654870 37.340716 -51.010588 4.769682 -0.047468 -0.044532 -0.545565 0.835537 
1710053257.755664 37.417071 -51.049364 4.777309 -0.044245 -0.047769 -0.545287 0.835717 
1710053257.856463 37.460601 -51.108061 4.792528 -0.040666 -0.051312 -0.544984 0.835886 
1710053257.957348 37.527999 -51.205149 4.795923 -0.037132 -0.048258 -0.545218 0.836080 
1710053258.058186 37.560839 -51.290768 4.808988 -0.036422 -0.050092 -0.544888 0.836219 
1710053258.159097 37.609772 -51.357975 4.826823 -0.036483 -0.051518 -0.544700 0.836252 
1710053258.260308 37.659995 -51.432138 4.825289 -0.035654 -0.052954 -0.545760 0.835506 
1710053258.360964 37.706082 -51.533698 4.832138 -0.037344 -0.049182 -0.545852 0.835603 
1710053258.462108 37.753190 -51.606922 4.838082 -0.036399 -0.049957 -0.546406 0.835236 
1710053258.562606 37.783045 -51.672867 4.858899 -0.041297 -0.050300 -0.547271 0.834421 
1710053258.663487 37.828855 -51.758391 4.871468 -0.038397 -0.049920 -0.545769 0.835566 
1710053258.764622 37.876913 -51.858988 4.882444 -0.032680 -0.049598 -0.545092 0.836270 
1710053258.865091 37.901540 -51.947733 4.887983 -0.034438 -0.047358 -0.544835 0.836496 
1710053258.966166 37.928290 -52.025789 4.892087 -0.033244 -0.049982 -0.545096 0.836222 
1710053259.067075 37.971937 -52.115686 4.893079 -0.032578 -0.049204 -0.545773 0.835853 
1710053259.167671 38.009545 -52.197876 4.909603 -0.037979 -0.046389 -0.546048 0.835606 
1710053259.268547 38.040396 -52.262698 4.922579 -0.037492 -0.048774 -0.545928 0.835570 
1710053259.369512 38.077585 -52.339843 4.936838 -0.034405 -0.050987 -0.544484 0.836513 
1710053259.470520 38.118105 -52.443154 4.951448 -0.033639 -0.048778 -0.544780 0.836483 
1710053259.571275 38.145530 -52.518918 4.971565 -0.035901 -0.051108 -0.544284 0.836573 
1710053259.672263 38.194888 -52.589666 5.004958 -0.038577 -0.052543 -0.544694 0.836098 
1710053259.772901 38.251586 -52.671722 5.021617 -0.039612 -0.054537 -0.544837 0.835829 
1710053259.873660 38.292174 -52.759412 5.040432 -0.038959 -0.054161 -0.544528 0.836085 
1710053259.974561 38.327864 -52.836968 5.058817 -0.038742 -0.053617 -0.545339 0.835602 
1710053260.075857 38.359709 -52.925048 5.068261 -0.038611 -0.055767 -0.544906 0.835749 
1710053260.176395 38.400818 -53.032567 5.083634 -0.036036 -0.055944 -0.545288 0.835603 
1710053260.277424 38.442498 -53.109123 5.099519 -0.034129 -0.059050 -0.545149 0.835560 
1710053260.378069 38.472176 -53.177363 5.113334 -0.035849 -0.061103 -0.543675 0.836300 
1710053260.479933 38.495375 -53.255423 5.133168 -0.039312 -0.058794 -0.545983 0.834806 
1710053260.579705 38.536314 -53.352142 5.140723 -0.039132 -0.059463 -0.544220 0.835917 
1710053260.680597 38.565737 -53.449753 5.146210 -0.040893 -0.062503 -0.544149 0.835657 
1710053260.781493 38.607673 -53.531906 5.155694 -0.041152 -0.063266 -0.544513 0.835350 
1710053260.882540 38.639853 -53.624099 5.172281 -0.041346 -0.061692 -0.543092 0.836382 
1710053260.983429 38.692835 -53.718207 5.180548 -0.041434 -0.063382 -0.543353 0.836082 
1710053261.084146 38.730406 -53.796125 5.184883 -0.043739 -0.067294 -0.542492 0.836218 
1710053261.186094 38.766567 -53.880137 5.198934 -0.045882 -0.075487 -0.543538 0.834723 
1710053261.285677 38.814353 -53.968463 5.221135 -0.048370 -0.071728 -0.544317 0.834407 
1710053261.386869 38.855499 -54.040859 5.249656 -0.047584 -0.071206 -0.544092 0.834643 
1710053261.487460 38.883432 -54.098657 5.276907 -0.050586 -0.074277 -0.545007 0.833601 
1710053261.588368 38.907815 -54.181976 5.290183 -0.050870 -0.071098 -0.544820 0.833984 
1710053261.689262 38.947662 -54.283038 5.298784 -0.047441 -0.071162 -0.543828 0.834827 
1710053261.790094 38.970512 -54.361450 5.318913 -0.046147 -0.074322 -0.543061 0.835123 
1710053261.890923 38.996660 -54.440862 5.340957 -0.049585 -0.074549 -0.543615 0.834546 
1710053261.991693 39.029085 -54.544687 5.358801 -0.048244 -0.069311 -0.544186 0.834704 
1710053262.092561 39.089648 -54.641148 5.366345 -0.050000 -0.066072 -0.544201 0.834853 
1710053262.193416 39.135075 -54.700784 5.377651 -0.051619 -0.070171 -0.544420 0.834277 
1710053262.294453 39.182719 -54.763279 5.391312 -0.054933 -0.075071 -0.545938 0.832645 
1710053262.395552 39.231621 -54.842816 5.406849 -0.055970 -0.075077 -0.543628 0.834086 
1710053262.496346 39.292411 -54.932789 5.426904 -0.058714 -0.079530 -0.543602 0.833501 
1710053262.596942 39.327529 -54.995415 5.450491 -0.060370 -0.084144 -0.541831 0.834083 
1710053262.697720 39.371215 -55.060418 5.454871 -0.058346 -0.089991 -0.541964 0.833530 
1710053262.798563 39.421255 -55.146236 5.477413 -0.059511 -0.087065 -0.542793 0.833219 
1710053262.899544 39.456036 -55.217698 5.500471 -0.059348 -0.083695 -0.543703 0.832983 
1710053263.000420 39.484190 -55.286913 5.516303 -0.058125 -0.083174 -0.543374 0.833336 
1710053263.101170 39.514310 -55.392176 5.514734 -0.050253 -0.079755 -0.543040 0.834399 
1710053263.202011 39.545699 -55.496419 5.542144 -0.046718 -0.074135 -0.541310 0.836245 
1710053263.302999 39.590304 -55.560460 5.593128 -0.048924 -0.070414 -0.531590 0.842651 
1710053263.403830 39.629161 -55.635696 5.610574 -0.052667 -0.066475 -0.521156 0.849237 
1710053263.504654 39.675188 -55.731239 5.625944 -0.048034 -0.058454 -0.517245 0.852487 
1710053263.605898 39.700606 -55.836825 5.628665 -0.045159 -0.056238 -0.515593 0.853792 
1710053263.706519 39.720180 -55.922697 5.632161 -0.040750 -0.057577 -0.517508 0.852766 
1710053263.807178 39.764068 -56.000275 5.654972 -0.037428 -0.053939 -0.516144 0.853982 
1710053263.908106 39.822019 -56.081482 5.656638 -0.035177 -0.049348 -0.514960 0.855069 
1710053264.008875 39.873838 -56.153595 5.672166 -0.036743 -0.048593 -0.516193 0.854303 
1710053264.109899 39.913777 -56.218294 5.690846 -0.037566 -0.052806 -0.514173 0.855235 
1710053264.210670 39.979037 -56.282209 5.706596 -0.041498 -0.055268 -0.512466 0.855922 
1710053264.311574 40.048425 -56.361201 5.717614 -0.042680 -0.052761 -0.509739 0.857649 
1710053264.412378 40.096708 -56.432875 5.742126 -0.047291 -0.056577 -0.511570 0.856072 
1710053264.513638 40.155053 -56.493093 5.739169 -0.046885 -0.064229 -0.512520 0.854985 
1710053264.614215 40.218069 -56.582434 5.736126 -0.043926 -0.063173 -0.510680 0.856321 
1710053264.715041 40.271437 -56.652821 5.761717 -0.044786 -0.069232 -0.510585 0.855865 
1710053264.815738 40.312269 -56.715162 5.791534 -0.044136 -0.075634 -0.509986 0.855714 
1710053264.916701 40.341326 -56.790600 5.807970 -0.043175 -0.076880 -0.509698 0.855823 
1710053265.017605 40.384267 -56.894505 5.846331 -0.039926 -0.069828 -0.510268 0.856245 
1710053265.118492 40.417272 -56.995951 5.846209 -0.040124 -0.062262 -0.509255 0.857422 
1710053265.219252 40.434580 -57.073573 5.846306 -0.038517 -0.060607 -0.510814 0.856687 
1710053265.320155 40.461900 -57.153545 5.869737 -0.036777 -0.059645 -0.509591 0.857558 
1710053265.420892 40.493623 -57.244186 5.863726 -0.036042 -0.055045 -0.510134 0.857574 
1710053265.521828 40.527493 -57.309096 5.871535 -0.034990 -0.056381 -0.510420 0.857361 
1710053265.623029 40.560998 -57.357786 5.887946 -0.038457 -0.059141 -0.509428 0.857617 
1710053265.723665 40.614205 -57.437997 5.887031 -0.038349 -0.063469 -0.509927 0.857015 
1710053265.824343 40.692032 -57.522737 5.904169 -0.037316 -0.056770 -0.510222 0.857355 
1710053265.925204 40.748214 -57.583927 5.932328 -0.038089 -0.057471 -0.509490 0.857710 
1710053266.026058 40.798305 -57.644963 5.951479 -0.036924 -0.060493 -0.509554 0.857515 
1710053266.127005 40.847513 -57.733185 5.949049 -0.040122 -0.059884 -0.509354 0.857533 
1710053266.227942 40.888639 -57.822912 5.956144 -0.040746 -0.065399 -0.509657 0.856920 
1710053266.328707 40.928731 -57.894196 5.977642 -0.042176 -0.074253 -0.508465 0.856838 
1710053266.432239 40.964823 -57.978768 5.977963 -0.046703 -0.080192 -0.508823 0.855855 
1710053266.530406 41.012582 -58.071777 5.980910 -0.050410 -0.076915 -0.508672 0.856035 
1710053266.631221 41.065270 -58.152246 5.994149 -0.052699 -0.079314 -0.509101 0.855423 
1710053266.732073 41.117779 -58.219218 6.020793 -0.047360 -0.079343 -0.510529 0.854881 
1710053266.833173 41.161399 -58.312244 6.047340 -0.051136 -0.070312 -0.508988 0.856372 
1710053266.934017 41.179630 -58.401878 6.060475 -0.040425 -0.065927 -0.508086 0.857828 
1710053267.035460 41.195465 -58.471879 6.083253 -0.034824 -0.057781 -0.508389 0.858481 
1710053267.135526 41.240134 -58.536099 6.085602 -0.037529 -0.052064 -0.508494 0.858670 
1710053267.236502 41.299165 -58.611809 6.111178 -0.025129 -0.044941 -0.508122 0.859745 
1710053267.337235 41.342105 -58.691959 6.137986 -0.024602 -0.033105 -0.509936 0.859223 
1710053267.438168 41.379836 -58.754096 6.141030 -0.021174 -0.030447 -0.511081 0.858732 
1710053267.539145 41.414967 -58.824265 6.136618 -0.018345 -0.022726 -0.510970 0.859102 
1710053267.640216 41.463122 -58.919144 6.120914 -0.016358 -0.018433 -0.511373 0.859005 
1710053267.740680 41.518860 -58.987263 6.131109 -0.012626 -0.018070 -0.511281 0.859131 
1710053267.841511 41.583223 -59.063650 6.131116 -0.015631 -0.017647 -0.506952 0.861652 
1710053267.942377 41.666022 -59.167789 6.145092 -0.024505 -0.013252 -0.496144 0.867793 
1710053268.043257 41.759535 -59.262080 6.136996 -0.028257 -0.006053 -0.481595 0.875917 
1710053268.144103 41.801764 -59.320328 6.130033 -0.025673 -0.006524 -0.474262 0.879985 
1710053268.245309 41.830294 -59.370173 6.126813 -0.021126 -0.011122 -0.472887 0.880800 
1710053268.346176 41.886482 -59.447917 6.128073 -0.017629 -0.009129 -0.471003 0.881908 
1710053268.446771 41.934201 -59.535014 6.127019 -0.010859 -0.009004 -0.474077 0.880370 
1710053268.547729 41.984358 -59.609456 6.137678 -0.011371 -0.012040 -0.471979 0.881454 
1710053268.648417 42.028952 -59.681196 6.136921 -0.010568 -0.013586 -0.472366 0.881235 
1710053268.749340 42.083939 -59.779614 6.141029 -0.009820 -0.010729 -0.473611 0.880614 
1710053268.850155 42.137037 -59.857614 6.145479 -0.013106 -0.010350 -0.472520 0.881162 
1710053268.951150 42.186952 -59.916241 6.157927 -0.012462 -0.014523 -0.473553 0.880557 
1710053269.051851 42.248928 -59.995299 6.166010 -0.015676 -0.015297 -0.472224 0.881206 
1710053269.152772 42.297448 -60.092427 6.175126 -0.012478 -0.016998 -0.472367 0.881150 
1710053269.253551 42.339957 -60.169332 6.185013 -0.013202 -0.018341 -0.471978 0.881321 
1710053269.354422 42.381569 -60.226647 6.182216 -0.015204 -0.019500 -0.471623 0.881453 
1710053269.455273 42.448171 -60.297467 6.198503 -0.013213 -0.018959 -0.472652 0.880946 
1710053269.556458 42.514223 -60.371041 6.204818 -0.014084 -0.017496 -0.472681 0.880947 
1710053269.657238 42.554216 -60.416335 6.212073 -0.015317 -0.021913 -0.473676 0.880293 
1710053269.757930 42.590872 -60.497311 6.216067 -0.021206 -0.025441 -0.473602 0.880116 
1710053269.858714 42.648420 -60.579432 6.208784 -0.018878 -0.026757 -0.472863 0.880527 
1710053269.959570 42.686212 -60.657384 6.227131 -0.018287 -0.036263 -0.472775 0.880247 
1710053270.060468 42.743443 -60.731385 6.240150 -0.023428 -0.048595 -0.472042 0.879924 
1710053270.161407 42.788488 -60.802818 6.251282 -0.029228 -0.053176 -0.473154 0.878888 
1710053270.262511 42.857113 -60.903985 6.255481 -0.033184 -0.053521 -0.472499 0.879078 
1710053270.363220 42.909318 -60.984602 6.267384 -0.036359 -0.058272 -0.471918 0.878963 
1710053270.464018 42.942664 -61.060925 6.290315 -0.037506 -0.065313 -0.472093 0.878326 
1710053270.565098 42.994540 -61.147555 6.312270 -0.040366 -0.064519 -0.471821 0.878404 
1710053270.665568 43.027155 -61.217138 6.339715 -0.037731 -0.066132 -0.472396 0.878092 
1710053270.766465 43.060083 -61.271054 6.357359 -0.038576 -0.067754 -0.471587 0.878366 
1710053270.867523 43.118370 -61.337093 6.379247 -0.041553 -0.069822 -0.472041 0.877824 
1710053270.970484 43.186246 -61.427402 6.394856 -0.039589 -0.066866 -0.471624 0.878369 
1710053271.069229 43.241191 -61.496100 6.412321 -0.045805 -0.067065 -0.472029 0.877834 
1710053271.169879 43.294248 -61.553878 6.426125 -0.046686 -0.070511 -0.472111 0.877474 
1710053271.270737 43.341898 -61.629953 6.452220 -0.046494 -0.070474 -0.472060 0.877514 
1710053271.371616 43.420588 -61.716289 6.461512 -0.043481 -0.067986 -0.472052 0.877869 
1710053271.472492 43.474693 -61.780146 6.472227 -0.041449 -0.069086 -0.471569 0.878141 
1710053271.573733 43.529022 -61.836915 6.477321 -0.043402 -0.070241 -0.471917 0.877768 
1710053271.674180 43.606170 -61.911804 6.493698 -0.046089 -0.069151 -0.472911 0.877182 
1710053271.775049 43.674560 -61.996889 6.513699 -0.043244 -0.068033 -0.472758 0.877497 
1710053271.875965 43.728637 -62.058418 6.536065 -0.040763 -0.065296 -0.472318 0.878061 
1710053271.976790 43.771011 -62.131687 6.548431 -0.040473 -0.067355 -0.472078 0.878048 
1710053272.077934 43.829801 -62.215920 6.548908 -0.039329 -0.064745 -0.471716 0.878490 
1710053272.178635 43.866831 -62.289666 6.557590 -0.040029 -0.067826 -0.472089 0.878026 
1710053272.280100 43.900735 -62.366472 6.575049 -0.041958 -0.071750 -0.470141 0.878669 
1710053272.380519 43.963800 -62.438631 6.591434 -0.043776 -0.073545 -0.470904 0.878023 
1710053272.481060 44.054451 -62.528868 6.605393 -0.041908 -0.068688 -0.471788 0.878033 
1710053272.583006 44.129215 -62.578904 6.626881 -0.038946 -0.062171 -0.472303 0.878378 
1710053272.683846 44.186177 -62.615125 6.653701 -0.038914 -0.063516 -0.473637 0.877565 
1710053272.783628 44.238741 -62.663171 6.680808 -0.043983 -0.064483 -0.472569 0.877830 
1710053272.884778 44.321808 -62.742564 6.692274 -0.041400 -0.063265 -0.472579 0.878039 
1710053272.985587 44.381367 -62.809866 6.694461 -0.041136 -0.061785 -0.473031 0.877914 
1710053273.086235 44.435997 -62.877569 6.705297 -0.039711 -0.062704 -0.471944 0.878499 
1710053273.187074 44.502390 -62.969209 6.704597 -0.041195 -0.060413 -0.473455 0.877778 
1710053273.287918 44.577732 -63.049415 6.699073 -0.037550 -0.057882 -0.472728 0.878503 
1710053273.388781 44.647756 -63.106892 6.719591 -0.034799 -0.060466 -0.472986 0.878304 
1710053273.489641 44.684660 -63.169173 6.729207 -0.038765 -0.059119 -0.473900 0.877736 
1710053273.590935 44.740601 -63.269254 6.733924 -0.036421 -0.058370 -0.472734 0.878515 
1710053273.693985 44.803684 -63.357949 6.751927 -0.034345 -0.057835 -0.472998 0.878492 
1710053273.792269 44.835827 -63.431925 6.763910 -0.032899 -0.058190 -0.471531 0.879312 
1710053273.893339 44.889935 -63.514192 6.786011 -0.032909 -0.058936 -0.472725 0.878621 
1710053273.993959 44.937237 -63.617888 6.783798 -0.035069 -0.052560 -0.474706 0.877873 
1710053274.094896 44.981600 -63.689922 6.808414 -0.031833 -0.052959 -0.473400 0.878678 
1710053274.195941 45.021518 -63.760853 6.836480 -0.031517 -0.058931 -0.473203 0.878415 
1710053274.296933 45.065445 -63.841172 6.838710 -0.036496 -0.060599 -0.471665 0.878936 
1710053274.397563 45.118221 -63.935041 6.856796 -0.037546 -0.064571 -0.471522 0.878685 
1710053274.498226 45.159515 -64.009573 6.882627 -0.038719 -0.068309 -0.470796 0.878741 
1710053274.599174 45.208818 -64.069781 6.894117 -0.039983 -0.069412 -0.470886 0.878550 
1710053274.699950 45.260028 -64.148211 6.897253 -0.039536 -0.067102 -0.470765 0.878814 
1710053274.800817 45.324024 -64.230860 6.909618 -0.040068 -0.068729 -0.470765 0.878665 
1710053274.901895 45.369942 -64.281719 6.934125 -0.042269 -0.070071 -0.472128 0.877723 
1710053275.002708 45.413566 -64.347346 6.940732 -0.043021 -0.067675 -0.471673 0.878119 
1710053275.103535 45.458480 -64.445682 6.957814 -0.040033 -0.067988 -0.471591 0.878281 
1710053275.204265 45.512835 -64.528856 6.978349 -0.038096 -0.067501 -0.471039 0.878700 
1710053275.305691 45.543300 -64.604181 6.999820 -0.041038 -0.068784 -0.470797 0.878598 
1710053275.405982 45.602677 -64.675883 7.013456 -0.038072 -0.071112 -0.471137 0.878364 
1710053275.506849 45.665104 -64.761733 7.023422 -0.041226 -0.066668 -0.471420 0.878419 
1710053275.608199 45.727104 -64.826251 7.033891 -0.042021 -0.067352 -0.471352 0.878365 
1710053275.708590 45.776658 -64.889029 7.058594 -0.042511 -0.070375 -0.472161 0.877670 
1710053275.809404 45.833681 -64.971966 7.058568 -0.042724 -0.069288 -0.470277 0.878757 
1710053275.910298 45.889882 -65.061674 7.063762 -0.041925 -0.072505 -0.471483 0.877889 
1710053276.011451 45.937797 -65.117929 7.090067 -0.043764 -0.074357 -0.471023 0.877891 
1710053276.111980 45.992110 -65.176602 7.099371 -0.041030 -0.073230 -0.471292 0.877974 
1710053276.212992 46.072623 -65.257227 7.096121 -0.038859 -0.066309 -0.471047 0.878754 
1710053276.313924 46.148420 -65.328989 7.102343 -0.038708 -0.061727 -0.471710 0.878738 
1710053276.417361 46.199704 -65.386919 7.132313 -0.035540 -0.061193 -0.472829 0.878308 
1710053276.515487 46.250336 -65.445431 7.146186 -0.037356 -0.056570 -0.472385 0.878781 
1710053276.616371 46.303776 -65.540712 7.171199 -0.034940 -0.054368 -0.472496 0.878960 
1710053276.717557 46.355736 -65.618944 7.185306 -0.033169 -0.054020 -0.472578 0.879006 
1710053276.818391 46.391389 -65.682802 7.199807 -0.033101 -0.056358 -0.471750 0.879307 
1710053276.919156 46.443246 -65.751523 7.198842 -0.027957 -0.055243 -0.472019 0.879411 
1710053277.020125 46.500738 -65.843867 7.212059 -0.032985 -0.052856 -0.471527 0.879648 
1710053277.124063 46.530823 -65.933298 7.230673 -0.034785 -0.053924 -0.472675 0.878898 
1710053277.223821 46.573192 -66.002639 7.247530 -0.032280 -0.056563 -0.472632 0.878850 
1710053277.322377 46.627063 -66.101126 7.241476 -0.030490 -0.053961 -0.472086 0.879371 
1710053277.423159 46.698007 -66.180927 7.264089 -0.031574 -0.055365 -0.472878 0.878820 
1710053277.524052 46.731256 -66.241188 7.273449 -0.035001 -0.056132 -0.472375 0.878912 
1710053277.625153 46.773760 -66.312075 7.286915 -0.032431 -0.060859 -0.471697 0.879060 
1710053277.725730 46.834946 -66.409111 7.298470 -0.033968 -0.056338 -0.472852 0.878683 
1710053277.826581 46.886137 -66.465268 7.311114 -0.035878 -0.056316 -0.472946 0.878558 
1710053277.927444 46.922506 -66.538484 7.328964 -0.035413 -0.059919 -0.472774 0.878431 
1710053278.029799 46.971715 -66.618394 7.320679 -0.035979 -0.056101 -0.472356 0.878884 
1710053278.129358 46.999457 -66.699572 7.361309 -0.034713 -0.060296 -0.471350 0.879198 
1710053278.230229 47.028115 -66.767385 7.404473 -0.034636 -0.065601 -0.470372 0.879345 
1710053278.331018 47.069085 -66.841592 7.438760 -0.037369 -0.066256 -0.471059 0.878816 
1710053278.431770 47.128658 -66.929012 7.437459 -0.039139 -0.062136 -0.471897 0.878590 
1710053278.532650 47.186447 -67.005200 7.453550 -0.040403 -0.064104 -0.471990 0.878342 
1710053278.633579 47.231967 -67.073983 7.473576 -0.041882 -0.067240 -0.472182 0.877935 
1710053278.734313 47.272673 -67.151811 7.483148 -0.043095 -0.063675 -0.472719 0.877852 
1710053278.837736 47.336661 -67.247779 7.494152 -0.039533 -0.063234 -0.471191 0.878873 
1710053278.936218 47.389211 -67.319970 7.510419 -0.037132 -0.062506 -0.471580 0.878821 
1710053279.037085 47.430006 -67.389071 7.524099 -0.038911 -0.062587 -0.470750 0.879183 
1710053279.137817 47.483242 -67.475747 7.546967 -0.036733 -0.059431 -0.471384 0.879156 
1710053279.238596 47.555197 -67.561572 7.552627 -0.035284 -0.055362 -0.471983 0.879160 
1710053279.339636 47.623805 -67.627099 7.550290 -0.034642 -0.051712 -0.471401 0.879720 
1710053279.440357 47.677632 -67.686369 7.555992 -0.033918 -0.052666 -0.472606 0.879045 
1710053279.541446 47.738185 -67.752923 7.563816 -0.035361 -0.050158 -0.471055 0.879966 
1710053279.642349 47.786032 -67.827774 7.580992 -0.030469 -0.049057 -0.470567 0.880473 
1710053279.743220 47.816219 -67.899880 7.596392 -0.029154 -0.048974 -0.469996 0.880827 
1710053279.843765 47.854407 -67.969181 7.592295 -0.030876 -0.049168 -0.470775 0.880341 
1710053279.944746 47.918057 -68.054582 7.588508 -0.027544 -0.048010 -0.472635 0.879518 
1710053280.045523 47.977875 -68.132119 7.591985 -0.030865 -0.046805 -0.472325 0.879639 
1710053280.146622 48.028587 -68.187720 7.608268 -0.033616 -0.048157 -0.473181 0.879005 
1710053280.247494 48.088188 -68.253441 7.631455 -0.032626 -0.049139 -0.472585 0.879309 
1710053280.348352 48.161558 -68.336206 7.627727 -0.030724 -0.047598 -0.470866 0.880384 
1710053280.448945 48.222593 -68.414776 7.635399 -0.029358 -0.049445 -0.472654 0.879370 
1710053280.549939 48.265226 -68.474881 7.659747 -0.032004 -0.051351 -0.471744 0.879657 
1710053280.650912 48.304188 -68.545663 7.677535 -0.027184 -0.051836 -0.471979 0.879665 
1710053280.751491 48.376223 -68.636305 7.698494 -0.031124 -0.048458 -0.472498 0.879448 
1710053280.852415 48.432069 -68.690628 7.720175 -0.030182 -0.048001 -0.471420 0.880084 
1710053280.953519 48.465683 -68.760954 7.736744 -0.030377 -0.049530 -0.473007 0.879141 
1710053281.054087 48.515851 -68.837874 7.732318 -0.031068 -0.049381 -0.471209 0.880090 
1710053281.155242 48.551249 -68.925556 7.740911 -0.031520 -0.051475 -0.472664 0.879173 
1710053281.255800 48.578003 -68.994155 7.767127 -0.035661 -0.057253 -0.471963 0.879035 
1710053281.356646 48.619532 -69.071292 7.787125 -0.038635 -0.065114 -0.471331 0.878701 
1710053281.458332 48.683388 -69.156458 7.807068 -0.034745 -0.069045 -0.471655 0.878389 
1710053281.558865 48.747901 -69.228003 7.827340 -0.038748 -0.066586 -0.470871 0.878832 
1710053281.659519 48.809569 -69.302534 7.827394 -0.043640 -0.068097 -0.472194 0.877776 
1710053281.760099 48.861597 -69.383802 7.836085 -0.042664 -0.070402 -0.472201 0.877639 
1710053281.861032 48.917538 -69.473034 7.846596 -0.039433 -0.067124 -0.471547 0.878398 
1710053281.962414 48.981080 -69.535776 7.858837 -0.038275 -0.070539 -0.471110 0.878416 
1710053282.064532 49.012586 -69.596854 7.868911 -0.041484 -0.071846 -0.471144 0.878146 
1710053282.163738 49.064947 -69.676951 7.887266 -0.043947 -0.071419 -0.472498 0.877333 
1710053282.264522 49.124957 -69.766312 7.890010 -0.041212 -0.070191 -0.472204 0.877723 
1710053282.365902 49.182002 -69.835941 7.905168 -0.038971 -0.070515 -0.471939 0.877942 
1710053282.466261 49.221860 -69.906407 7.924416 -0.039472 -0.072396 -0.471766 0.877860 
1710053282.566972 49.279112 -70.002906 7.947089 -0.039867 -0.070272 -0.471304 0.878263 
1710053282.667881 49.299821 -70.103772 7.970907 -0.039103 -0.070830 -0.471459 0.878169 
1710053282.768680 49.324688 -70.173377 7.987478 -0.039915 -0.072265 -0.471217 0.878145 
1710053282.869879 49.362762 -70.241393 8.013674 -0.040539 -0.072637 -0.471729 0.877811 
1710053282.970524 49.419990 -70.321798 8.022604 -0.040552 -0.066865 -0.472001 0.878123 
1710053283.071271 49.481551 -70.391372 8.049285 -0.043904 -0.069154 -0.471618 0.877990 
1710053283.172117 49.524286 -70.453014 8.069034 -0.043999 -0.072287 -0.471783 0.877644 
1710053283.273033 49.579709 -70.535895 8.097140 -0.042531 -0.072112 -0.471547 0.877858 
1710053283.373844 49.638976 -70.619524 8.103346 -0.038741 -0.070478 -0.472024 0.877910 
1710053283.475105 49.675163 -70.693202 8.111392 -0.039629 -0.072137 -0.471916 0.877793 
1710053283.575614 49.725126 -70.744225 8.131726 -0.041524 -0.072541 -0.472071 0.877589 
1710053283.676489 49.789656 -70.828434 8.151495 -0.045307 -0.070574 -0.474515 0.876243 
1710053283.777283 49.849518 -70.905973 8.161390 -0.040743 -0.066070 -0.473481 0.877377 
1710053283.878293 49.905616 -70.983280 8.164274 -0.035818 -0.065786 -0.473070 0.877835 
1710053283.978983 49.952997 -71.055877 8.157958 -0.040267 -0.066114 -0.474059 0.877084 
1710053284.080363 50.010217 -71.156407 8.154765 -0.038382 -0.064125 -0.472552 0.878128 
1710053284.181148 50.043811 -71.245495 8.171648 -0.036946 -0.065359 -0.472634 0.878055 
1710053284.281739 50.083866 -71.313774 8.188521 -0.038767 -0.064173 -0.472604 0.878080 
1710053284.382545 50.144420 -71.396138 8.191158 -0.040190 -0.063306 -0.473151 0.877784 
1710053284.483287 50.218438 -71.482279 8.198035 -0.037906 -0.060021 -0.473084 0.878153 
1710053284.585688 50.275132 -71.554562 8.206010 -0.040168 -0.057984 -0.472776 0.878355 
1710053284.685060 50.324179 -71.613903 8.228971 -0.038598 -0.059903 -0.472966 0.878194 
1710053284.785980 50.383814 -71.679558 8.231824 -0.041622 -0.056337 -0.472133 0.878740 
1710053284.886912 50.460516 -71.767818 8.253944 -0.037858 -0.054724 -0.471841 0.879169 
1710053284.987790 50.515001 -71.825765 8.287574 -0.035974 -0.055705 -0.471114 0.879576 
1710053285.088502 50.559278 -71.893261 8.305029 -0.035647 -0.057231 -0.470842 0.879637 
1710053285.189396 50.623390 -71.975856 8.302441 -0.031651 -0.053612 -0.472488 0.879136 
1710053285.290161 50.689791 -72.054096 8.317365 -0.031226 -0.049503 -0.472251 0.879519 
1710053285.391035 50.735666 -72.128357 8.340772 -0.032403 -0.049179 -0.472510 0.879355 
1710053285.492134 50.786372 -72.194896 8.351241 -0.030914 -0.047502 -0.471918 0.879819 
1710053285.593451 50.833167 -72.294487 8.353742 -0.029530 -0.047007 -0.471092 0.880335 
1710053285.693683 50.880741 -72.389003 8.367340 -0.027770 -0.045756 -0.471684 0.880142 
1710053285.794608 50.916189 -72.459980 8.366612 -0.029491 -0.046548 -0.470494 0.880681 
1710053285.895391 50.958701 -72.527543 8.383056 -0.026942 -0.047649 -0.471593 0.880116 
1710053285.996383 51.017892 -72.622234 8.386216 -0.028521 -0.045728 -0.473237 0.879285 
1710053286.100553 51.067780 -72.686719 8.414932 -0.031928 -0.048487 -0.472638 0.879342 
1710053286.198094 51.096992 -72.734935 8.452428 -0.034091 -0.053651 -0.473167 0.878676 
1710053286.299198 51.139935 -72.809308 8.452381 -0.035063 -0.055079 -0.471096 0.879662 
1710053286.403843 51.197698 -72.897822 8.473117 -0.036345 -0.059491 -0.471661 0.879020 
1710053286.500463 51.236824 -72.968004 8.485553 -0.038974 -0.065544 -0.470495 0.879102 
1710053286.601317 51.289607 -73.041187 8.507561 -0.041623 -0.065129 -0.470819 0.878837 
1710053286.702258 51.361831 -73.124135 8.509642 -0.042083 -0.060199 -0.471449 0.878829 
1710053286.803048 51.435684 -73.186291 8.515770 -0.041723 -0.064725 -0.471587 0.878451 
1710053286.904074 51.482376 -73.240791 8.530206 -0.040864 -0.067461 -0.471539 0.878311 
1710053287.005385 51.523617 -73.316231 8.542562 -0.040203 -0.066523 -0.470768 0.878827 
1710053287.106400 51.567007 -73.405539 8.565157 -0.039006 -0.067261 -0.471205 0.878590 
1710053287.206510 51.605955 -73.485266 8.583687 -0.037540 -0.070279 -0.470340 0.878881 
1710053287.307353 51.642741 -73.555973 8.597249 -0.040779 -0.073790 -0.470479 0.878374 
1710053287.408185 51.684496 -73.633444 8.600698 -0.038316 -0.071701 -0.471074 0.878340 
1710053287.509192 51.737652 -73.736518 8.620139 -0.042427 -0.070795 -0.471482 0.878005 
1710053287.609957 51.781833 -73.808797 8.646843 -0.044343 -0.072785 -0.471132 0.877935 
1710053287.710947 51.834256 -73.868218 8.669215 -0.046476 -0.076127 -0.472513 0.876799 
1710053287.811905 51.895990 -73.930315 8.680829 -0.043295 -0.074202 -0.470748 0.878075 
1710053287.912753 51.961769 -74.015747 8.695496 -0.042581 -0.072632 -0.471416 0.877883 
1710053288.013601 52.013173 -74.080380 8.722096 -0.043964 -0.073331 -0.470627 0.878180 
1710053288.114724 52.052894 -74.146808 8.735431 -0.044121 -0.073957 -0.470155 0.878372 
1710053288.215262 52.120431 -74.227976 8.736743 -0.042071 -0.070431 -0.470609 0.878520 
1710053288.317676 52.173692 -74.304024 8.745488 -0.043369 -0.069167 -0.471534 0.878061 
1710053288.416929 52.209929 -74.364524 8.763198 -0.043135 -0.070427 -0.472364 0.877526 
1710053288.517732 52.250032 -74.447178 8.780964 -0.041382 -0.068481 -0.471140 0.878422 
1710053288.618502 52.306757 -74.533995 8.789276 -0.038213 -0.068443 -0.470710 0.878799 
1710053288.719475 52.345950 -74.621756 8.796574 -0.037756 -0.067560 -0.471501 0.878463 
1710053288.824022 52.390472 -74.693964 8.826504 -0.040909 -0.068511 -0.470533 0.878767 
1710053288.921380 52.457507 -74.769532 8.829068 -0.039822 -0.070864 -0.471103 0.878325 
1710053289.022323 52.519695 -74.855820 8.868710 -0.042388 -0.069934 -0.470154 0.878788 
1710053289.122814 52.569338 -74.915063 8.885705 -0.045153 -0.075264 -0.471129 0.877687 
1710053289.223704 52.610247 -74.972397 8.901703 -0.047871 -0.080252 -0.472556 0.876332 
1710053289.324583 52.662668 -75.048229 8.905825 -0.047168 -0.079301 -0.469141 0.878290 
1710053289.425370 52.702911 -75.131250 8.946948 -0.048101 -0.087073 -0.470052 0.877015 
1710053289.532016 52.738833 -75.190802 8.994180 -0.050197 -0.091492 -0.468220 0.877428 
1710053289.627389 52.794371 -75.251140 8.995464 -0.052241 -0.091223 -0.469852 0.876463 
1710053289.728125 52.865400 -75.336500 8.989591 -0.048844 -0.083280 -0.470864 0.876907 
1710053289.829050 52.946654 -75.393909 8.999579 -0.050515 -0.080139 -0.471489 0.876769 
1710053289.929846 52.991018 -75.455136 9.013396 -0.047221 -0.080273 -0.471238 0.877075 
1710053290.030619 53.037684 -75.533587 9.036612 -0.047303 -0.076557 -0.470504 0.877797 
1710053290.131438 53.085592 -75.624173 9.067293 -0.042991 -0.076032 -0.471154 0.877715 
1710053290.232538 53.126569 -75.707245 9.081157 -0.042654 -0.075718 -0.471710 0.877461 
1710053290.333373 53.174953 -75.774783 9.096644 -0.045801 -0.076445 -0.471075 0.877580 
1710053290.434164 53.239697 -75.849861 9.117931 -0.041186 -0.075435 -0.470766 0.878062 
1710053290.534837 53.299845 -75.916309 9.130738 -0.046071 -0.073330 -0.471116 0.877809 
1710053290.635688 53.336699 -75.971282 9.136817 -0.046844 -0.075040 -0.478100 0.873839 
1710053290.736601 53.362585 -76.055412 9.154882 -0.042794 -0.078023 -0.487037 0.868836 
1710053290.837573 53.399207 -76.148879 9.164527 -0.035693 -0.077858 -0.496285 0.863924 
1710053290.938574 53.433836 -76.248973 9.209072 -0.034934 -0.081461 -0.505151 0.858467 
1710053291.039268 53.492581 -76.315074 9.247240 -0.043044 -0.080661 -0.505486 0.857977 
1710053291.140023 53.545175 -76.407447 9.267829 -0.047582 -0.081780 -0.505972 0.857345 
1710053291.240826 53.608356 -76.500051 9.275702 -0.052090 -0.078629 -0.505314 0.857766 
1710053291.341732 53.649578 -76.566677 9.295228 -0.053685 -0.078778 -0.506134 0.857170 
1710053291.442617 53.685623 -76.648580 9.313278 -0.053215 -0.081607 -0.506244 0.856870 
1710053291.543577 53.730874 -76.748888 9.309780 -0.047456 -0.081250 -0.504231 0.858427 
1710053291.644356 53.767704 -76.829257 9.332841 -0.045511 -0.080335 -0.505966 0.857598 
1710053291.745240 53.810859 -76.898150 9.357212 -0.046965 -0.077269 -0.506310 0.857598 
1710053291.846292 53.849734 -76.976073 9.363835 -0.045437 -0.073911 -0.506469 0.857882 
1710053291.947208 53.913443 -77.047757 9.373370 -0.043730 -0.067744 -0.507792 0.857698 
1710053292.047718 53.973726 -77.121507 9.363274 -0.047188 -0.064131 -0.506664 0.858459 
1710053292.148890 54.023234 -77.183177 9.379429 -0.043565 -0.068739 -0.508115 0.857436 
1710053292.249673 54.066068 -77.267173 9.408853 -0.049670 -0.066405 -0.506837 0.858044 
1710053292.350304 54.106950 -77.351037 9.429298 -0.046657 -0.070439 -0.506772 0.857930 
1710053292.451432 54.141586 -77.421135 9.453921 -0.046769 -0.074593 -0.506342 0.857827 
1710053292.552006 54.181170 -77.490225 9.485113 -0.050374 -0.079953 -0.505053 0.857899 
1710053292.652888 54.234954 -77.586496 9.506540 -0.047418 -0.082132 -0.506517 0.856998 
1710053292.753782 54.294737 -77.660679 9.528739 -0.051190 -0.080088 -0.508344 0.855893 
1710053292.854860 54.337535 -77.731111 9.537945 -0.051654 -0.082414 -0.513426 0.852604 
1710053292.955600 54.369435 -77.805483 9.553220 -0.050796 -0.085809 -0.516970 0.850176 
1710053293.056735 54.412292 -77.916557 9.565883 -0.044229 -0.086452 -0.521967 0.847420 
1710053293.157168 54.432204 -78.021015 9.589535 -0.046162 -0.088899 -0.523314 0.846232 
1710053293.258032 54.458200 -78.097812 9.620032 -0.051543 -0.091669 -0.522639 0.846043 
1710053293.358893 54.489359 -78.186447 9.630137 -0.052136 -0.089940 -0.523225 0.845830 
1710053293.459872 54.517933 -78.283235 9.646901 -0.054761 -0.085882 -0.523170 0.846120 
1710053293.560972 54.556807 -78.351535 9.671074 -0.054371 -0.087185 -0.523304 0.845928 
1710053293.661479 54.583678 -78.425515 9.700840 -0.054802 -0.086819 -0.524097 0.845448 
1710053293.763136 54.610247 -78.523466 9.729896 -0.059003 -0.086269 -0.521580 0.846777 
1710053293.863258 54.641766 -78.613456 9.740508 -0.055729 -0.084901 -0.522497 0.846571 
1710053293.964080 54.684693 -78.673405 9.761172 -0.055896 -0.087623 -0.522247 0.846437 
1710053294.064927 54.739890 -78.744960 9.803359 -0.058317 -0.091113 -0.522485 0.845758 
1710053294.168103 54.824927 -78.833239 9.833956 -0.055567 -0.087627 -0.528325 0.842678 
1710053294.266892 54.862025 -78.892409 9.838136 -0.059188 -0.092916 -0.534137 0.838189 
1710053294.367531 54.895126 -78.958899 9.840041 -0.061995 -0.098491 -0.534084 0.837383 
1710053294.468360 54.944401 -79.046538 9.866172 -0.063773 -0.096253 -0.533889 0.837634 
1710053294.569205 55.021891 -79.153929 9.911176 -0.059685 -0.093823 -0.540128 0.834204 
1710053294.670048 55.084080 -79.225259 9.938780 -0.057108 -0.099135 -0.552537 0.825599 
1710053294.771125 55.131060 -79.292010 9.975481 -0.052322 -0.108740 -0.569936 0.812780 
1710053294.871912 55.177457 -79.394409 9.980286 -0.047773 -0.115031 -0.591499 0.796627 
1710053294.973681 55.219377 -79.467335 9.992956 -0.054340 -0.114482 -0.619683 0.774554 
1710053295.073547 55.200583 -79.552388 10.025531 -0.062498 -0.115517 -0.646174 0.751804 
1710053295.174783 55.170857 -79.648456 10.026675 -0.070411 -0.116225 -0.663190 0.736011 
1710053295.277109 55.126198 -79.753766 10.028536 -0.069606 -0.113454 -0.675932 0.724845 
1710053295.379636 55.068894 -79.828808 10.061539 -0.079664 -0.109610 -0.684639 0.716176 
1710053295.478027 55.034593 -79.893468 10.082228 -0.089940 -0.104977 -0.687091 0.713300 
1710053295.577917 55.045005 -79.997531 10.105545 -0.092605 -0.097544 -0.688898 0.712271 
1710053295.678870 55.052543 -80.108496 10.151269 -0.088494 -0.095870 -0.694949 0.707123 
1710053295.779678 55.062720 -80.214194 10.216869 -0.084323 -0.099855 -0.704554 0.697512 
1710053295.880498 55.072440 -80.320268 10.241420 -0.082439 -0.101957 -0.721576 0.679806 
1710053295.981226 55.069030 -80.447342 10.267267 -0.081158 -0.103640 -0.737635 0.662244 
1710053296.082110 55.047512 -80.543223 10.265325 -0.081036 -0.102684 -0.753381 0.644443 
1710053296.183088 55.034626 -80.625305 10.280344 -0.085654 -0.098974 -0.764493 0.631203 
1710053296.284544 55.021581 -80.687240 10.291515 -0.090112 -0.089758 -0.774322 0.619878 
1710053296.384704 55.004356 -80.769430 10.310942 -0.090200 -0.076181 -0.778372 0.616601 
1710053296.485523 55.004930 -80.837842 10.321489 -0.095999 -0.072486 -0.778399 0.616138 
1710053296.586383 54.998853 -80.906311 10.357447 -0.095896 -0.069773 -0.779196 0.615458 
1710053296.687264 54.977706 -80.990329 10.388658 -0.090061 -0.064901 -0.779618 0.616338 
1710053296.788806 54.966440 -81.092174 10.411417 -0.086784 -0.061874 -0.780573 0.615911 
1710053296.889416 54.956014 -81.164804 10.439001 -0.086560 -0.064438 -0.779774 0.616691 
1710053296.989911 54.939825 -81.253967 10.474406 -0.085285 -0.069604 -0.778935 0.617367 
1710053297.090705 54.933910 -81.368022 10.462468 -0.083818 -0.071341 -0.779204 0.617030 
1710053297.191545 54.923628 -81.469164 10.474959 -0.088191 -0.072089 -0.780098 0.615201 
1710053297.292402 54.928876 -81.547780 10.496320 -0.093673 -0.080293 -0.778170 0.615816 
1710053297.393250 54.914535 -81.611738 10.526497 -0.098743 -0.083730 -0.778104 0.614650 
1710053297.494337 54.867087 -81.708657 10.557890 -0.098968 -0.087278 -0.777149 0.615327 
1710053297.595131 54.818810 -81.803566 10.568058 -0.104972 -0.090711 -0.776487 0.614671 
1710053297.696074 54.799913 -81.874055 10.621771 -0.108050 -0.095449 -0.774286 0.616194 
1710053297.796900 54.769249 -81.948651 10.647519 -0.110180 -0.091411 -0.768982 0.623034 
1710053297.897547 54.776018 -82.037539 10.661365 -0.113351 -0.084793 -0.758400 0.636232 
1710053297.999183 54.750906 -82.115547 10.684932 -0.115853 -0.083693 -0.744912 0.651674 
1710053298.099283 54.723838 -82.202738 10.714788 -0.113966 -0.079511 -0.731189 0.667871 
1710053298.201930 54.687118 -82.338124 10.717591 -0.104201 -0.075526 -0.720935 0.680948 
1710053298.301019 54.672165 -82.438132 10.752955 -0.088846 -0.073054 -0.705842 0.698968 
1710053298.401850 54.645718 -82.502254 10.800983 -0.089878 -0.068618 -0.686525 0.718260 
1710053298.502743 54.632223 -82.573846 10.804420 -0.081348 -0.067117 -0.674626 0.730587 
1710053298.603544 54.619086 -82.657149 10.817511 -0.072811 -0.069887 -0.669007 0.736372 
1710053298.704417 54.598283 -82.731220 10.846644 -0.065678 -0.070584 -0.667313 0.738510 
1710053298.805652 54.585530 -82.813547 10.879824 -0.063524 -0.067720 -0.664960 0.741085 
1710053298.906454 54.586773 -82.917036 10.895064 -0.063796 -0.063953 -0.655780 0.749528 
1710053299.007038 54.592265 -83.025612 10.917714 -0.059013 -0.057754 -0.641704 0.762494 
1710053299.107885 54.611936 -83.124574 10.931861 -0.058343 -0.058559 -0.621065 0.779388 
1710053299.208793 54.623436 -83.203356 10.953276 -0.066632 -0.055974 -0.602218 0.793575 
1710053299.312485 54.624980 -83.291296 10.986111 -0.065152 -0.052438 -0.584971 0.806730 
1710053299.410526 54.642902 -83.393212 10.996242 -0.064189 -0.050462 -0.567191 0.819529 
1710053299.511444 54.661304 -83.490621 11.001221 -0.060159 -0.049788 -0.547002 0.833481 
1710053299.613958 54.695241 -83.596276 11.004426 -0.054788 -0.048858 -0.525922 0.847359 
1710053299.713270 54.725521 -83.700835 11.015393 -0.045982 -0.041902 -0.506150 0.860199 
1710053299.814236 54.762547 -83.781288 11.041386 -0.042971 -0.039721 -0.488463 0.870620 
1710053299.914738 54.796119 -83.838869 11.051476 -0.042489 -0.042910 -0.475893 0.877428 
1710053300.015601 54.796238 -83.920301 11.086106 -0.030516 -0.041525 -0.465107 0.883753 
1710053300.116534 54.832695 -84.043474 11.121988 -0.032782 -0.033875 -0.452921 0.890304 
1710053300.217474 54.841667 -84.149115 11.139878 -0.032879 -0.025764 -0.430623 0.901565 
1710053300.318478 54.869026 -84.230024 11.144094 -0.031209 -0.019969 -0.410342 0.911179 
1710053300.419065 54.900459 -84.307503 11.129260 -0.037094 -0.011734 -0.382774 0.923022 
1710053300.520043 54.973158 -84.410080 11.125404 -0.031476 -0.004615 -0.354650 0.934458 
1710053300.620732 55.027837 -84.460059 11.132300 -0.032689 0.001603 -0.319349 0.947072 
1710053300.722383 55.098559 -84.486391 11.145417 -0.037013 0.004052 -0.288931 0.956626 
1710053300.823050 55.205617 -84.509375 11.170893 -0.029877 0.010039 -0.260198 0.965041 
1710053300.923484 55.310426 -84.526252 11.143892 -0.033140 0.017064 -0.232180 0.971958 
1710053301.024178 55.412968 -84.555492 11.113074 -0.034054 0.019937 -0.203895 0.978197 
1710053301.125959 55.489174 -84.582787 11.079348 -0.032067 0.023048 -0.176214 0.983559 
1710053301.225937 55.579051 -84.617352 11.048116 -0.025382 0.025382 -0.159795 0.986497 
1710053301.326766 55.633473 -84.635130 11.051732 -0.013902 0.028352 -0.153494 0.987645 
1710053301.429687 55.678434 -84.674951 11.079673 -0.006941 0.022009 -0.146574 0.988931 
1710053301.528643 55.747087 -84.724030 11.090128 -0.010643 0.015911 -0.129310 0.991419 
1710053301.629584 55.852264 -84.776764 11.111575 -0.014425 0.018182 -0.108908 0.993781 
1710053301.730258 55.943083 -84.795916 11.123795 -0.021207 0.014732 -0.086434 0.995923 
1710053301.831324 56.021774 -84.823225 11.137688 -0.026722 0.019998 -0.063977 0.997393 
1710053301.931920 56.130263 -84.847548 11.118956 -0.026118 0.025267 -0.041493 0.998478 
1710053302.032785 56.204245 -84.885690 11.123437 -0.019131 0.029380 -0.023627 0.999106 
1710053302.133757 56.272395 -84.917522 11.121302 -0.022241 0.026235 -0.004145 0.999400 
1710053302.234637 56.345419 -84.942091 11.106189 -0.018323 0.024158 0.005164 0.999527 
1710053302.336856 56.446164 -84.970220 11.107070 -0.009784 0.024097 0.011010 0.999601 
1710053302.436459 56.516809 -84.968920 11.121466 -0.015820 0.029603 0.028061 0.999043 
1710053302.537087 56.590552 -84.975432 11.147310 -0.022684 0.031426 0.048995 0.998047 
1710053302.638313 56.695436 -84.990566 11.151698 -0.033743 0.034974 0.077109 0.995838 
1710053302.738854 56.806610 -85.011588 11.131318 -0.033886 0.044121 0.102819 0.993143 
1710053302.839789 56.887061 -85.033719 11.126329 -0.032749 0.046201 0.130434 0.989838 
1710053302.940534 56.973767 -85.054022 11.167925 -0.036747 0.044669 0.158067 0.985733 
1710053303.041375 57.075001 -85.051026 11.149660 -0.039967 0.045135 0.185619 0.980771 
1710053303.142222 57.192399 -85.043587 11.151746 -0.041700 0.051510 0.209093 0.975648 
1710053303.243093 57.268119 -85.015139 11.152193 -0.041244 0.052028 0.236920 0.969258 
1710053303.343951 57.355509 -84.986066 11.158408 -0.045399 0.057046 0.262551 0.962160 
1710053303.445012 57.453879 -84.949511 11.120705 -0.050807 0.059396 0.287354 0.954630 
1710053303.545812 57.537797 -84.911412 11.086512 -0.049716 0.066775 0.311086 0.946728 
1710053303.646739 57.581715 -84.856020 11.080921 -0.056497 0.068808 0.337653 0.937051 
1710053303.747384 57.660558 -84.785517 11.062212 -0.061485 0.065460 0.366723 0.925985 
1710053303.848311 57.746252 -84.699869 11.043555 -0.058599 0.067907 0.388890 0.916908 
1710053303.949101 57.810581 -84.635920 11.020848 -0.066251 0.066371 0.416277 0.904389 
1710053304.049969 57.866890 -84.578088 11.015134 -0.070210 0.067301 0.438608 0.893400 
1710053304.150837 57.932391 -84.517625 11.006785 -0.068704 0.068806 0.462964 0.881028 
1710053304.251688 57.999452 -84.443013 11.001215 -0.067734 0.074149 0.481594 0.870621 
1710053304.352599 58.047860 -84.382623 10.993902 -0.071277 0.073225 0.502511 0.858511 
1710053304.453401 58.099283 -84.323251 10.992469 -0.076504 0.071730 0.522762 0.846003 
1710053304.554279 58.147479 -84.229713 10.978472 -0.069780 0.073013 0.537751 0.837033 
1710053304.655108 58.197153 -84.126938 10.970542 -0.071488 0.075884 0.551011 0.827960 
1710053304.756052 58.221695 -84.048741 10.951043 -0.065777 0.075213 0.553081 0.827114 
1710053304.856894 58.259260 -83.968076 10.922666 -0.062941 0.077248 0.554277 0.826346 
1710053304.957940 58.326139 -83.881079 10.898690 -0.059104 0.081817 0.552458 0.827407 
1710053305.058548 58.358029 -83.809591 10.883005 -0.054700 0.080371 0.552736 0.827666 
1710053305.159409 58.396597 -83.739276 10.867269 -0.056114 0.076501 0.553693 0.827299 
1710053305.260279 58.462888 -83.660813 10.841807 -0.054960 0.079397 0.553717 0.827087 
1710053305.361995 58.506496 -83.555268 10.813105 -0.055091 0.081171 0.553359 0.827146 
1710053305.462161 58.538012 -83.474159 10.797359 -0.053126 0.078651 0.552399 0.828159 
1710053305.562963 58.589865 -83.397646 10.776096 -0.057153 0.072787 0.551985 0.828703 
1710053305.663905 58.677974 -83.303754 10.758660 -0.061225 0.073076 0.558499 0.824009 
1710053305.764562 58.754089 -83.216741 10.729351 -0.060468 0.075573 0.569793 0.816069 
1710053305.866323 58.803989 -83.136138 10.732987 -0.066835 0.066097 0.585742 0.805028 
1710053305.966915 58.850895 -83.049605 10.708500 -0.079337 0.059708 0.605582 0.789564 
1710053306.067644 58.927794 -82.950177 10.689459 -0.080533 0.062822 0.618633 0.779013 
1710053306.168008 58.969167 -82.886343 10.693077 -0.078686 0.064407 0.635485 0.765388 
1710053306.269312 58.974109 -82.819816 10.681118 -0.077004 0.060810 0.648053 0.755248 
1710053306.369761 59.000386 -82.729036 10.671365 -0.081138 0.058310 0.664308 0.740750 
1710053306.470587 59.039371 -82.633637 10.653010 -0.081628 0.061009 0.676295 0.729548 
1710053306.571598 59.067193 -82.560795 10.634734 -0.082535 0.057184 0.693997 0.712942 
1710053306.672306 59.078684 -82.487385 10.629840 -0.085205 0.054243 0.708918 0.698020 
1710053306.773395 59.087780 -82.364682 10.594078 -0.084844 0.050546 0.724357 0.682315 
1710053306.874098 59.085852 -82.267094 10.547193 -0.088437 0.046828 0.743696 0.660986 
1710053306.975121 59.083766 -82.194208 10.530032 -0.085856 0.044115 0.758394 0.644610 
1710053307.076381 59.058935 -82.114194 10.514987 -0.086986 0.038621 0.772030 0.628420 
1710053307.176792 59.048139 -82.010897 10.515684 -0.086031 0.042536 0.782992 0.614583 
1710053307.277509 59.005343 -81.925823 10.520965 -0.084908 0.046185 0.794738 0.599207 
1710053307.380800 58.974021 -81.850913 10.517646 -0.082260 0.046230 0.800539 0.591805 
1710053307.482423 58.968033 -81.760951 10.471290 -0.082438 0.046556 0.808163 0.581299 
1710053307.580215 58.960585 -81.687719 10.429740 -0.084049 0.041644 0.821341 0.562673 
1710053307.681008 58.943502 -81.617471 10.419312 -0.082466 0.033212 0.834347 0.544023 
1710053307.781876 58.919324 -81.541132 10.420300 -0.077308 0.034926 0.840065 0.535812 
1710053307.882649 58.897988 -81.423465 10.444014 -0.071199 0.039111 0.842375 0.532735 
1710053307.983514 58.906673 -81.316917 10.422264 -0.068422 0.041501 0.846174 0.526864 
1710053308.084606 58.938626 -81.233847 10.363943 -0.071615 0.026993 0.856630 0.510224 
1710053308.185174 58.919642 -81.140453 10.373288 -0.071897 0.018672 0.870909 0.485797 
1710053308.286211 58.870159 -81.014057 10.348611 -0.069469 0.023082 0.880630 0.468116 
1710053308.386896 58.838740 -80.920546 10.343836 -0.067158 0.023555 0.889808 0.450751 
1710053308.487744 58.821579 -80.851373 10.308264 -0.063185 0.020910 0.897112 0.436762 
1710053308.588624 58.749340 -80.768979 10.323513 -0.060826 0.013437 0.907451 0.415514 
1710053308.695868 58.672181 -80.669859 10.323146 -0.060653 0.017541 0.911293 0.406889 
1710053308.790373 58.615959 -80.590868 10.292335 -0.061115 0.024628 0.913992 0.400347 
1710053308.891250 58.550412 -80.508674 10.277385 -0.060086 0.027249 0.913705 0.400987 
1710053308.992106 58.492664 -80.428002 10.218384 -0.061949 0.031157 0.913255 0.401444 
1710053309.092918 58.429925 -80.333312 10.215442 -0.069565 0.034979 0.912447 0.401718 
1710053309.193791 58.397809 -80.265683 10.213222 -0.073452 0.038195 0.912983 0.399510 
1710053309.294660 58.350745 -80.203230 10.203544 -0.075460 0.033740 0.912244 0.401221 
1710053309.395991 58.277103 -80.131021 10.194993 -0.078176 0.033160 0.912186 0.400880 
1710053309.496537 58.207818 -80.051410 10.178216 -0.077472 0.039171 0.911850 0.401240 
1710053309.597589 58.181392 -79.977382 10.157473 -0.077955 0.041206 0.911957 0.400700 
1710053309.698368 58.139525 -79.901719 10.125682 -0.080325 0.037425 0.912074 0.400335 
1710053309.803881 58.081827 -79.808581 10.092954 -0.082838 0.039782 0.911448 0.401022 
1710053309.900177 58.035218 -79.722677 10.084475 -0.081795 0.043019 0.912149 0.399304 
1710053310.004093 57.992688 -79.649858 10.079972 -0.082416 0.041097 0.911703 0.400396 
1710053310.102417 57.955841 -79.571794 10.049832 -0.083503 0.035990 0.911986 0.400018 
1710053310.202369 57.890682 -79.474281 10.051830 -0.085448 0.039287 0.910637 0.402362 
1710053310.303239 57.856162 -79.389820 10.029760 -0.083101 0.043916 0.911756 0.399833 
1710053310.404072 57.820283 -79.319721 9.975210 -0.085160 0.038131 0.912399 0.398524 
1710053310.504931 57.776458 -79.214385 9.953650 -0.083878 0.045863 0.911022 0.401124 
1710053310.605797 57.719580 -79.111750 9.925667 -0.080186 0.043157 0.912149 0.399616 
1710053310.706670 57.677813 -79.017436 9.916137 -0.076571 0.037502 0.912342 0.400453 
1710053310.807519 57.645281 -78.949074 9.912561 -0.075895 0.034602 0.911955 0.401722 
1710053310.908742 57.585645 -78.873166 9.905605 -0.076312 0.031118 0.912485 0.400724 
1710053311.009284 57.536963 -78.798626 9.923747 -0.073881 0.035747 0.911925 0.402065 
1710053311.110096 57.495136 -78.748875 9.919800 -0.073625 0.036035 0.912891 0.399889 
1710053311.211049 57.421604 -78.692916 9.886663 -0.074462 0.034755 0.912602 0.400507 
1710053311.311994 57.335015 -78.621470 9.851919 -0.077281 0.034169 0.912197 0.400945 
1710053311.412904 57.262368 -78.563973 9.826394 -0.075496 0.031001 0.912759 0.400264 
1710053311.514012 57.197177 -78.509871 9.821870 -0.072032 0.030453 0.912820 0.400803 
1710053311.614576 57.129714 -78.441169 9.793303 -0.070929 0.028454 0.913149 0.400397 
1710053311.715261 57.039883 -78.368844 9.791213 -0.072758 0.025676 0.913782 0.398809 
1710053311.816169 56.975047 -78.308467 9.788679 -0.071288 0.020755 0.918549 0.388272 
1710053311.917027 56.906428 -78.247633 9.796329 -0.069776 0.017009 0.927159 0.367720 
1710053312.018840 56.805621 -78.152639 9.764475 -0.070975 0.009300 0.934474 0.348761 
1710053312.118853 56.737333 -78.080214 9.749444 -0.072054 0.003611 0.942237 0.327086 
1710053312.219567 56.644425 -78.034121 9.735071 -0.071542 0.003323 0.950021 0.303859 
1710053312.320560 56.575294 -78.006692 9.727982 -0.070440 -0.002953 0.957105 0.281033 
1710053312.421266 56.485277 -77.961569 9.707045 -0.071930 -0.003806 0.961948 0.263567 
1710053312.522158 56.413641 -77.920070 9.709256 -0.070485 0.000331 0.967154 0.244222 
1710053312.622977 56.354481 -77.903946 9.686712 -0.071307 0.004251 0.970044 0.232190 
1710053312.723891 56.258936 -77.869533 9.664037 -0.070437 0.011946 0.970016 0.232303 
1710053312.824709 56.158956 -77.829173 9.640647 -0.074856 0.014872 0.969434 0.233179 
1710053312.925746 56.080601 -77.807004 9.653952 -0.076143 0.021495 0.968655 0.235472 
1710053313.026414 56.012543 -77.784604 9.661630 -0.074938 0.022220 0.969022 0.234278 
1710053313.127478 55.914202 -77.737127 9.631963 -0.078806 0.022092 0.969279 0.231950 
1710053313.228316 55.803643 -77.706276 9.609377 -0.081245 0.024248 0.968887 0.232528 
1710053313.329136 55.709085 -77.666727 9.627287 -0.078192 0.018322 0.971235 0.224174 
1710053313.432221 55.624838 -77.638655 9.627012 -0.081937 0.009583 0.974572 0.208337 
1710053313.531002 55.532872 -77.581368 9.576197 -0.082553 -0.001086 0.979102 0.185856 
1710053313.631710 55.443738 -77.541506 9.550071 -0.076996 -0.007861 0.983983 0.160581 
1710053313.732455 55.370132 -77.520395 9.518762 -0.073097 -0.007489 0.986458 0.146631 
1710053313.833295 55.303199 -77.496147 9.468442 -0.067894 0.002722 0.987574 0.141704 
1710053313.934217 55.209341 -77.473729 9.469530 -0.065655 0.015992 0.987359 0.143375 
1710053314.035022 55.123901 -77.445515 9.491494 -0.062639 0.014887 0.987103 0.146569 
1710053314.135888 55.051941 -77.418174 9.492866 -0.062833 0.014367 0.987314 0.145112 
1710053314.236852 54.964798 -77.381448 9.483341 -0.061267 0.015776 0.987043 0.147456 
1710053314.337656 54.882110 -77.340719 9.468066 -0.064422 0.014429 0.987148 0.145538 
1710053314.438440 54.800167 -77.349853 9.457662 -0.060382 0.014635 0.986518 0.151402 
1710053314.539297 54.739904 -77.336849 9.448057 -0.054989 0.020087 0.983771 0.169611 
1710053314.640168 54.669375 -77.310933 9.399712 -0.053070 0.029240 0.979407 0.192587 
1710053314.741329 54.610871 -77.272092 9.386831 -0.051953 0.044989 0.971910 0.225094 
1710053314.841873 54.571814 -77.219938 9.380242 -0.050962 0.049235 0.963085 0.259702 
1710053314.943058 54.524257 -77.167938 9.386614 -0.055192 0.056461 0.952330 0.294675 
1710053315.043602 54.441567 -77.092325 9.376680 -0.057985 0.058459 0.941695 0.326237 
1710053315.144549 54.362450 -77.035762 9.394725 -0.062032 0.063177 0.928465 0.360713 
1710053315.246410 54.287507 -76.991452 9.394217 -0.068421 0.063271 0.913967 0.394942 
1710053315.346453 54.218289 -76.911548 9.374209 -0.069909 0.064855 0.900862 0.423502 
1710053315.447373 54.143207 -76.818264 9.348913 -0.075493 0.066723 0.889628 0.445434 
1710053315.548098 54.067989 -76.720008 9.334181 -0.079950 0.063262 0.881683 0.460697 
1710053315.649132 54.010885 -76.639618 9.338139 -0.086032 0.056726 0.878961 0.465627 
1710053315.749763 53.923492 -76.522667 9.303148 -0.092527 0.049732 0.877734 0.467492 
1710053315.850471 53.842345 -76.425127 9.268770 -0.094604 0.047658 0.879036 0.464837 
1710053315.951396 53.796156 -76.359465 9.248371 -0.090719 0.046521 0.878862 0.466054 
1710053316.053981 53.744354 -76.290030 9.234133 -0.092392 0.042785 0.879150 0.465541 
1710053316.155834 53.675724 -76.218325 9.195815 -0.091105 0.042980 0.879535 0.465049 
1710053316.254130 53.633385 -76.142778 9.189266 -0.091148 0.045406 0.878686 0.466414 
1710053316.354774 53.606555 -76.084119 9.176269 -0.090662 0.046083 0.879320 0.465244 
1710053316.455646 53.558257 -76.033313 9.130140 -0.088646 0.053093 0.875557 0.471936 
1710053316.556498 53.505835 -75.949446 9.098411 -0.089594 0.059551 0.867853 0.485033 
1710053316.657971 53.470827 -75.872486 9.080655 -0.087174 0.061089 0.860709 0.497844 
1710053316.758263 53.439274 -75.798094 9.078456 -0.088856 0.060714 0.857736 0.502700 
1710053316.859115 53.391952 -75.712731 9.079208 -0.091541 0.054696 0.860157 0.498757 
1710053316.960290 53.344583 -75.627832 9.059902 -0.088040 0.052720 0.859826 0.500170 
1710053317.060891 53.318450 -75.549329 9.063284 -0.088581 0.049061 0.860241 0.499732 
1710053317.161681 53.266567 -75.478934 9.054401 -0.088155 0.047293 0.860167 0.500104 
1710053317.263181 53.221018 -75.386298 9.026118 -0.095117 0.046157 0.859300 0.500426 
1710053317.363605 53.163066 -75.332323 8.997250 -0.092539 0.046027 0.860606 0.498674 
1710053317.464501 53.109272 -75.278923 8.987057 -0.088545 0.047535 0.859913 0.500450 
1710053317.565269 53.050848 -75.201704 8.970348 -0.088852 0.046409 0.860786 0.498998 
1710053317.666115 52.978464 -75.109655 8.944534 -0.090669 0.046810 0.860868 0.498492 
1710053317.766803 52.942312 -75.036153 8.947568 -0.089765 0.044784 0.860328 0.499772 
1710053317.867666 52.902982 -74.972279 8.947500 -0.087391 0.047886 0.861286 0.498253 
1710053317.968826 52.861728 -74.877807 8.914424 -0.088862 0.049783 0.860592 0.499005 
1710053318.069624 52.808710 -74.779188 8.887890 -0.091201 0.048658 0.860324 0.499157 
1710053318.170239 52.764499 -74.708794 8.868082 -0.088674 0.048481 0.860275 0.499714 
1710053318.272125 52.721761 -74.648265 8.841189 -0.087880 0.048581 0.860305 0.499792 
1710053318.371974 52.661361 -74.559810 8.811397 -0.089472 0.047687 0.860989 0.498417 
1710053318.472841 52.621793 -74.472391 8.779951 -0.087126 0.048777 0.860324 0.499872 
1710053318.573656 52.578874 -74.408796 8.773144 -0.085825 0.047355 0.861315 0.498527 
1710053318.674527 52.538645 -74.335405 8.770588 -0.085492 0.047522 0.860935 0.499223 
1710053318.775487 52.482781 -74.238527 8.764236 -0.089697 0.046987 0.859538 0.500940 
1710053318.876315 52.414072 -74.167266 8.749152 -0.088541 0.046172 0.855100 0.508755 
1710053318.984561 52.368734 -74.096069 8.703313 -0.079295 0.054522 0.852406 0.513949 
1710053319.077975 52.297947 -74.026123 8.676691 -0.077658 0.049312 0.855808 0.509048 
1710053319.179885 52.244371 -73.946532 8.668416 -0.079698 0.048592 0.855692 0.508998 
1710053319.279946 52.230184 -73.866816 8.676381 -0.079251 0.043926 0.855393 0.509992 
1710053319.380685 52.191935 -73.804381 8.661336 -0.076561 0.043592 0.856188 0.509097 
1710053319.481524 52.134918 -73.713798 8.642698 -0.073230 0.044038 0.856053 0.509775 
1710053319.582436 52.090456 -73.629010 8.622272 -0.077172 0.042500 0.856080 0.509279 
1710053319.683156 52.051009 -73.561925 8.613724 -0.072839 0.043381 0.855655 0.510556 
1710053319.787622 52.010301 -73.471699 8.586252 -0.071833 0.041640 0.855685 0.510793 
1710053319.884834 51.962422 -73.377935 8.569744 -0.072148 0.041330 0.856577 0.509276 
1710053319.988049 51.915321 -73.303598 8.551548 -0.069749 0.042358 0.856246 0.510083 
1710053320.086754 51.877076 -73.235436 8.560210 -0.069929 0.042234 0.856579 0.509509 
1710053320.187523 51.825352 -73.153632 8.537623 -0.068484 0.041902 0.856047 0.510625 
1710053320.288352 51.793472 -73.054624 8.522984 -0.069339 0.039545 0.856620 0.509736 
1710053320.389149 51.754002 -72.976551 8.513207 -0.068275 0.038103 0.855830 0.511314 
1710053320.490073 51.728968 -72.902410 8.493171 -0.069177 0.038708 0.855892 0.511043 
1710053320.590847 51.685200 -72.805799 8.476144 -0.069587 0.037685 0.856225 0.510506 
1710053320.691753 51.638155 -72.715509 8.476114 -0.067883 0.039409 0.856457 0.510216 
1710053320.792576 51.605087 -72.651798 8.465114 -0.068866 0.038426 0.856952 0.509328 
1710053320.893627 51.555496 -72.567378 8.447912 -0.068835 0.039701 0.855865 0.511058 
1710053320.994358 51.494396 -72.486456 8.418376 -0.072210 0.040054 0.856083 0.510199 
1710053321.095587 51.429215 -72.408521 8.394510 -0.071741 0.039047 0.856543 0.509571 
1710053321.196154 51.371537 -72.342066 8.382330 -0.068723 0.040800 0.855515 0.511573 
1710053321.297045 51.329615 -72.258858 8.357242 -0.071163 0.039576 0.856319 0.509987 
1710053321.397830 51.282622 -72.154736 8.336955 -0.066428 0.044814 0.855769 0.511115 
1710053321.498681 51.251283 -72.096143 8.350496 -0.068613 0.039936 0.856068 0.510730 
1710053321.599649 51.219873 -72.008635 8.348000 -0.066239 0.037114 0.856312 0.510847 
1710053321.700312 51.157841 -71.905405 8.311848 -0.066355 0.041590 0.855537 0.511786 
1710053321.801193 51.097681 -71.822438 8.318208 -0.065903 0.037657 0.856294 0.510880 
1710053321.902091 51.050638 -71.762619 8.313256 -0.065754 0.036794 0.855250 0.512709 
1710053322.003101 51.000957 -71.708104 8.313815 -0.065857 0.034628 0.855762 0.511991 
1710053322.105280 50.945367 -71.621255 8.306434 -0.063719 0.035396 0.856220 0.511443 
1710053322.204756 50.897638 -71.551356 8.307925 -0.060936 0.034228 0.856315 0.511703 
1710053322.305483 50.863333 -71.476848 8.314192 -0.058148 0.031875 0.856929 0.511151 
1710053322.406351 50.809033 -71.389972 8.294150 -0.055997 0.033921 0.856316 0.512286 
1710053322.507201 50.754052 -71.288033 8.268928 -0.058895 0.032223 0.856418 0.511900 
1710053322.608045 50.713453 -71.212840 8.262626 -0.058068 0.031749 0.856017 0.512694 
1710053322.709201 50.674867 -71.152819 8.249965 -0.055845 0.032984 0.856261 0.512456 
1710053322.809771 50.633786 -71.060013 8.228960 -0.057303 0.034970 0.856985 0.510950 
1710053322.910807 50.577460 -70.970925 8.233290 -0.057537 0.034649 0.856577 0.511630 
1710053323.011893 50.548589 -70.893748 8.231191 -0.060253 0.035416 0.856485 0.511418 
1710053323.112744 50.498578 -70.814738 8.214394 -0.060602 0.036955 0.856429 0.511361 
1710053323.213336 50.453134 -70.708347 8.176911 -0.063840 0.037054 0.859431 0.505895 
1710053323.314208 50.405525 -70.629654 8.155173 -0.067358 0.032901 0.861328 0.502488 
1710053323.414982 50.374637 -70.561420 8.139105 -0.065899 0.031404 0.860908 0.503496 
1710053323.517573 50.344720 -70.471191 8.099094 -0.065392 0.035137 0.861097 0.502992 
1710053323.620351 50.312496 -70.383804 8.077590 -0.067310 0.041948 0.859741 0.504534 
1710053323.717874 50.291441 -70.312489 8.062546 -0.062587 0.044354 0.860917 0.502929 
1710053323.818530 50.261314 -70.242298 8.061461 -0.064022 0.035996 0.860504 0.504121 
1710053323.919213 50.203469 -70.157817 8.034367 -0.065576 0.033211 0.863370 0.499188 
1710053324.020208 50.126629 -70.084025 8.026414 -0.064645 0.030990 0.866743 0.493577 
1710053324.121508 50.072864 -70.022301 8.026761 -0.062306 0.030275 0.866069 0.495102 
1710053324.221991 50.017440 -69.943625 8.016554 -0.062905 0.030699 0.866482 0.494278 
1710053324.322677 49.958108 -69.857637 8.006744 -0.064865 0.034693 0.865823 0.494914 
1710053324.423495 49.919060 -69.761632 8.006450 -0.065209 0.036541 0.869010 0.489116 
1710053324.524354 49.886008 -69.672812 8.001680 -0.071511 0.031611 0.876905 0.474262 
1710053324.625450 49.828188 -69.599031 7.970547 -0.076321 0.028507 0.883116 0.462027 
1710053324.726292 49.766023 -69.513999 7.945605 -0.082934 0.028808 0.886404 0.454510 
1710053324.826974 49.707019 -69.459766 7.938431 -0.079300 0.032945 0.885969 0.455724 
1710053324.928125 49.673392 -69.406591 7.930617 -0.075161 0.034537 0.885554 0.457112 
1710053325.029064 49.595847 -69.330970 7.906277 -0.075706 0.038804 0.886885 0.454091 
1710053325.129602 49.530041 -69.248767 7.884461 -0.075339 0.040236 0.885855 0.456032 
1710053325.230573 49.491841 -69.187825 7.886009 -0.075318 0.038331 0.886550 0.454847 
1710053325.331254 49.461986 -69.112991 7.867769 -0.075726 0.036783 0.885795 0.456378 
1710053325.432106 49.420789 -69.014265 7.848086 -0.080662 0.036837 0.885832 0.455454 
1710053325.533077 49.349409 -68.932949 7.857920 -0.074840 0.037848 0.886339 0.455379 
1710053325.634071 49.299380 -68.874346 7.855312 -0.073910 0.038676 0.885634 0.456831 
1710053325.734688 49.245024 -68.805153 7.832350 -0.075410 0.035958 0.886305 0.455504 
1710053325.835528 49.167972 -68.727612 7.803257 -0.073195 0.039581 0.885878 0.456394 
1710053325.936392 49.121906 -68.656518 7.804418 -0.071162 0.041150 0.886752 0.454878 
1710053326.040032 49.082609 -68.584501 7.775854 -0.072782 0.037296 0.885853 0.456702 
1710053326.140012 49.034554 -68.496239 7.742653 -0.074136 0.038104 0.885517 0.457069 
1710053326.239034 48.982228 -68.411399 7.723829 -0.076492 0.035772 0.886558 0.454846 
1710053326.341845 48.936773 -68.340053 7.713730 -0.071601 0.037518 0.885441 0.457668 
1710053326.440706 48.898249 -68.268632 7.701534 -0.071002 0.035492 0.886209 0.456435 
1710053326.541526 48.842873 -68.185877 7.682947 -0.073240 0.037172 0.886233 0.455901 
1710053326.644754 48.791021 -68.086615 7.672379 -0.070496 0.036842 0.885796 0.457207 
1710053326.743393 48.756327 -68.029111 7.676573 -0.069254 0.036269 0.886354 0.456361 
1710053326.845190 48.688560 -67.966828 7.651226 -0.065880 0.036726 0.886219 0.457086 
1710053326.945007 48.610408 -67.884173 7.632676 -0.069998 0.035678 0.886187 0.456617 
1710053327.045938 48.527672 -67.838175 7.633652 -0.066425 0.033825 0.886079 0.457502 
1710053327.146870 48.466804 -67.796199 7.640016 -0.067509 0.033661 0.886052 0.457407 
1710053327.249587 48.408454 -67.703451 7.633765 -0.066025 0.031681 0.886962 0.455999 
1710053327.348596 48.343786 -67.631942 7.612447 -0.068057 0.034080 0.886213 0.456982 
1710053327.449354 48.297043 -67.547540 7.596865 -0.067077 0.034083 0.886399 0.456768 
1710053327.550969 48.248806 -67.484850 7.589888 -0.064623 0.034590 0.886116 0.457631 
1710053327.656710 48.192623 -67.400739 7.574962 -0.066049 0.034080 0.884758 0.460086 
1710053327.751900 48.137954 -67.330742 7.552476 -0.064553 0.035440 0.880852 0.467628 
1710053327.852705 48.106582 -67.249322 7.550881 -0.061846 0.039392 0.878008 0.472996 
1710053327.953587 48.049294 -67.178667 7.538388 -0.062791 0.039084 0.879657 0.469822 
1710053328.054559 48.001782 -67.092439 7.516807 -0.064169 0.036745 0.879687 0.469768 
1710053328.155453 47.964651 -67.026144 7.508760 -0.064119 0.037662 0.879279 0.470467 
1710053328.256216 47.927571 -66.964515 7.501585 -0.064250 0.034696 0.879971 0.469381 
1710053328.357099 47.870785 -66.880623 7.491535 -0.063193 0.035956 0.879266 0.470749 
1710053328.457896 47.818522 -66.796979 7.457773 -0.065160 0.032016 0.879974 0.469442 
1710053328.558817 47.747499 -66.745124 7.449183 -0.062337 0.034665 0.876972 0.475218 
1710053328.659668 47.694823 -66.666456 7.430474 -0.060002 0.036340 0.875203 0.478642 
1710053328.760511 47.623344 -66.573334 7.393655 -0.062012 0.038070 0.876479 0.475908 
1710053328.864088 47.574751 -66.488247 7.371104 -0.061839 0.038793 0.875766 0.477184 
1710053328.962256 47.536275 -66.423309 7.381657 -0.064190 0.033865 0.876340 0.476193 
1710053329.063840 47.494315 -66.338091 7.364109 -0.062464 0.034980 0.875796 0.477342 
1710053329.163959 47.453887 -66.241053 7.335880 -0.066220 0.034696 0.875544 0.477319 
1710053329.265022 47.398050 -66.163234 7.324996 -0.062524 0.034428 0.875151 0.478556 
1710053329.365805 47.362555 -66.102788 7.324339 -0.064486 0.033726 0.875441 0.477815 
1710053329.466509 47.307471 -66.024795 7.303315 -0.065788 0.033520 0.875900 0.476810 
1710053329.567500 47.238838 -65.948404 7.294428 -0.067419 0.037761 0.875174 0.477597 
1710053329.668383 47.200094 -65.885579 7.286754 -0.065452 0.036373 0.875697 0.477020 
1710053329.769167 47.162089 -65.827512 7.266689 -0.067587 0.036646 0.875758 0.476589 
1710053329.869884 47.105967 -65.737950 7.255286 -0.068457 0.036149 0.875026 0.477845 
1710053329.970993 47.058792 -65.663535 7.240390 -0.072714 0.036422 0.875713 0.475934 
1710053330.073670 47.016106 -65.603371 7.224970 -0.070375 0.037117 0.875006 0.477530 
1710053330.172576 46.963184 -65.525608 7.202150 -0.066883 0.036952 0.875531 0.477081 
1710053330.273327 46.897691 -65.440488 7.174129 -0.072529 0.041254 0.874822 0.477204 
1710053330.374168 46.863931 -65.346132 7.156703 -0.068985 0.040270 0.874902 0.477667 
1710053330.476083 46.838967 -65.278012 7.155622 -0.067877 0.033652 0.876255 0.475855 
1710053330.575902 46.801505 -65.187071 7.147761 -0.062755 0.034915 0.875304 0.478210 
1710053330.676971 46.746502 -65.093204 7.134368 -0.062977 0.034143 0.875090 0.478629 
1710053330.777664 46.698056 -65.030753 7.138854 -0.061887 0.033805 0.875295 0.478420 
1710053330.880924 46.651750 -64.971264 7.139497 -0.061021 0.033216 0.875634 0.477953 
1710053330.981802 46.601568 -64.887262 7.139648 -0.060695 0.032045 0.875952 0.477490 
1710053331.080539 46.566872 -64.791127 7.135661 -0.060635 0.033826 0.876122 0.477064 
1710053331.181913 46.523303 -64.714440 7.140016 -0.060216 0.032344 0.876168 0.477134 
1710053331.282074 46.466661 -64.637032 7.121477 -0.058403 0.030574 0.875678 0.478375 
1710053331.383033 46.394424 -64.542427 7.098489 -0.061658 0.031870 0.875180 0.478793 
1710053331.483704 46.316728 -64.468867 7.058453 -0.064044 0.031277 0.875738 0.477497 
1710053331.585982 46.245790 -64.414114 7.042550 -0.060793 0.031264 0.874813 0.479613 
1710053331.685812 46.202176 -64.343258 7.031775 -0.062257 0.028631 0.875440 0.478444 
1710053331.786427 46.122335 -64.250149 7.012876 -0.061531 0.034248 0.875873 0.477375 
1710053331.887078 46.071778 -64.168163 7.002312 -0.061620 0.034829 0.875049 0.478831 
1710053331.988436 46.034723 -64.096956 6.995680 -0.064200 0.032639 0.875838 0.477201 
1710053332.088855 45.979921 -64.012373 6.973343 -0.065151 0.037249 0.874398 0.479371 
1710053332.189996 45.937861 -63.931138 6.961049 -0.066689 0.035028 0.874325 0.479460 
1710053332.290539 45.908703 -63.866752 6.956318 -0.066000 0.036059 0.874483 0.479190 
1710053332.391601 45.860727 -63.808825 6.943027 -0.067934 0.036499 0.874264 0.479287 
1710053332.492232 45.805613 -63.718083 6.920996 -0.071131 0.036281 0.875234 0.477064 
1710053332.593097 45.767333 -63.637643 6.895988 -0.069991 0.039710 0.875225 0.476976 
1710053332.694086 45.742480 -63.559552 6.886396 -0.070207 0.039262 0.875920 0.475703 
1710053332.794847 45.691851 -63.475147 6.866681 -0.071475 0.039239 0.875157 0.476919 
1710053332.895913 45.635489 -63.378888 6.837714 -0.072399 0.037154 0.874625 0.477922 
1710053332.996646 45.587827 -63.313841 6.820286 -0.068200 0.036932 0.874674 0.478467 
1710053333.097455 45.546291 -63.258687 6.810564 -0.068638 0.035807 0.874523 0.478765 
1710053333.198332 45.482736 -63.183671 6.801925 -0.070279 0.035188 0.875092 0.477531 
1710053333.299144 45.417856 -63.104495 6.812256 -0.066002 0.036176 0.875467 0.477381 
1710053333.400060 45.374404 -63.036502 6.803970 -0.066059 0.034381 0.875718 0.477046 
1710053333.500921 45.313695 -62.968249 6.800707 -0.064942 0.034807 0.875517 0.477537 
1710053333.601914 45.239242 -62.887373 6.769380 -0.065892 0.035324 0.875062 0.478203 
1710053333.702569 45.184869 -62.818606 6.774293 -0.065586 0.034792 0.875379 0.477702 
1710053333.803398 45.134654 -62.751725 6.772801 -0.064522 0.032396 0.874609 0.479422 
1710053333.904253 45.081572 -62.685348 6.741985 -0.065208 0.031160 0.875148 0.478427 
1710053334.005241 45.021238 -62.593360 6.718741 -0.067717 0.034699 0.875621 0.476968 
1710053334.106079 44.971273 -62.528839 6.712311 -0.065348 0.035458 0.876098 0.476366 
1710053334.206852 44.935316 -62.451543 6.704557 -0.062876 0.032924 0.876108 0.476862 
1710053334.307696 44.887704 -62.361367 6.683550 -0.063745 0.034902 0.875286 0.478115 
1710053334.408615 44.838536 -62.276280 6.673757 -0.067437 0.034470 0.874940 0.478272 
1710053334.509422 44.807378 -62.208298 6.671402 -0.069458 0.036661 0.874321 0.478950 
1710053334.610299 44.757966 -62.142948 6.660704 -0.069658 0.037932 0.875146 0.477313 
1710053334.711246 44.705747 -62.042820 6.643161 -0.072646 0.040474 0.874371 0.478080 
1710053334.812366 44.647924 -61.956921 6.634735 -0.071032 0.040671 0.874518 0.478036 
1710053334.913204 44.597099 -61.899095 6.620013 -0.072849 0.043596 0.875320 0.476032 
1710053335.014363 44.555057 -61.821081 6.593551 -0.075182 0.041389 0.874537 0.477304 
1710053335.114659 44.490960 -61.729828 6.560940 -0.079724 0.040970 0.874559 0.476564 
1710053335.215446 44.451056 -61.651500 6.559224 -0.080012 0.039191 0.874182 0.477354 
1710053335.316492 44.398726 -61.571276 6.549454 -0.079420 0.035711 0.876739 0.473018 
1710053335.417147 44.337373 -61.484723 6.511806 -0.083564 0.024949 0.885133 0.457094 
1710053335.518200 44.275457 -61.375305 6.489747 -0.085628 0.019235 0.896354 0.434566 
1710053335.619008 44.209947 -61.314297 6.470090 -0.085637 0.013978 0.907676 0.410603 
1710053335.719860 44.126648 -61.286492 6.461395 -0.085655 0.014104 0.912129 0.400605 
1710053335.820596 44.056363 -61.233855 6.432586 -0.083776 0.023847 0.913390 0.397658 
1710053335.921484 43.971550 -61.180073 6.408217 -0.083598 0.026885 0.912688 0.399110 
1710053336.023712 43.906133 -61.127574 6.400725 -0.078183 0.034193 0.912541 0.399983 
1710053336.123235 43.833627 -61.079664 6.388412 -0.076994 0.036474 0.910304 0.405078 
1710053336.224018 43.773339 -61.035782 6.356152 -0.076518 0.041423 0.903993 0.418600 
1710053336.324869 43.733499 -60.949700 6.361989 -0.075752 0.048847 0.894979 0.436907 
1710053336.425732 43.690644 -60.889047 6.355220 -0.074313 0.054965 0.886640 0.453129 
1710053336.526595 43.640822 -60.795880 6.336912 -0.073880 0.050587 0.883723 0.459365 
1710053336.627936 43.567811 -60.712031 6.323168 -0.080349 0.045842 0.883558 0.459096 
1710053336.728404 43.474826 -60.652077 6.342335 -0.076720 0.040678 0.883358 0.460584 
1710053336.829396 43.399173 -60.616358 6.351804 -0.075659 0.041770 0.880301 0.466477 
1710053336.930613 43.324804 -60.557764 6.328541 -0.069260 0.039040 0.879892 0.468476 
1710053337.031102 43.231976 -60.480008 6.305353 -0.067896 0.035134 0.878427 0.471722 
1710053337.132527 43.167391 -60.407604 6.302731 -0.064520 0.031385 0.880247 0.469060 
1710053337.232600 43.111965 -60.345184 6.290356 -0.056890 0.029531 0.880172 0.470306 
1710053337.333728 43.058237 -60.255934 6.285294 -0.050064 0.027013 0.879113 0.473207 
1710053337.440431 42.984969 -60.188210 6.256663 -0.049230 0.022366 0.880428 0.471086 
1710053337.537444 42.936385 -60.135195 6.244654 -0.044057 0.025467 0.879920 0.472389 
1710053337.636168 42.889777 -60.068556 6.220998 -0.038989 0.025140 0.881015 0.470808 
1710053337.736927 42.838663 -59.981264 6.184731 -0.040920 0.028465 0.880340 0.471716 
1710053337.837751 42.810377 -59.890076 6.170651 -0.038612 0.025314 0.880697 0.471425 
1710053337.938642 42.772635 -59.823222 6.175118 -0.036208 0.023227 0.881116 0.470939 
1710053338.039519 42.731814 -59.741934 6.168645 -0.031876 0.020078 0.880520 0.472510 
1710053338.140568 42.678675 -59.640518 6.155375 -0.034105 0.017899 0.881022 0.471504 
1710053338.241311 42.626538 -59.558147 6.158187 -0.035277 0.017465 0.880403 0.472590 
1710053338.342062 42.592037 -59.489212 6.165139 -0.033539 0.017107 0.880575 0.472409 
1710053338.443003 42.521821 -59.403057 6.171644 -0.034486 0.012160 0.885899 0.462434 
1710053338.543786 42.450751 -59.306792 6.158909 -0.035812 0.012433 0.891386 0.451656 
1710053338.644719 42.407068 -59.238523 6.153303 -0.034200 0.008116 0.896401 0.441848 
1710053338.745656 42.347868 -59.179127 6.152474 -0.031923 0.008883 0.897142 0.440498 
1710053338.846571 42.296962 -59.110918 6.142269 -0.032789 0.015906 0.896251 0.442048 
1710053338.947353 42.216442 -59.045992 6.115331 -0.031534 0.015356 0.896309 0.442042 
1710053339.048294 42.174941 -58.976855 6.119075 -0.030129 0.014859 0.899440 0.435752 
1710053339.149369 42.123763 -58.902674 6.121434 -0.032111 0.006673 0.906872 0.420127 
1710053339.249789 42.052271 -58.814282 6.116824 -0.033287 0.004407 0.912424 0.407867 
1710053339.350703 41.995279 -58.727432 6.119022 -0.033066 0.001733 0.918714 0.393533 
1710053339.451715 41.939760 -58.672174 6.114422 -0.031154 0.000527 0.921623 0.386833 
1710053339.552417 41.874852 -58.620515 6.093355 -0.029672 0.005504 0.921504 0.387195 
1710053339.653218 41.804458 -58.570477 6.078022 -0.033519 0.011391 0.920795 0.388436 
1710053339.754070 41.750215 -58.524937 6.094592 -0.030528 0.012760 0.921040 0.388059 
1710053339.854941 41.691521 -58.481424 6.102680 -0.030706 0.015347 0.920978 0.388099 
1710053339.955884 41.617355 -58.413634 6.077584 -0.033890 0.017899 0.921697 0.386013 
1710053340.056668 41.552709 -58.337636 6.050566 -0.040948 0.021741 0.920832 0.387193 
1710053340.158507 41.497732 -58.278318 6.078041 -0.044791 0.022678 0.921097 0.386082 
1710053340.258380 41.451654 -58.218437 6.060012 -0.049959 0.026625 0.918978 0.390224 
1710053340.359232 41.372082 -58.138359 6.050892 -0.062499 0.034478 0.915573 0.395766 
1710053340.460083 41.326768 -58.071153 6.055056 -0.071464 0.033983 0.912111 0.402233 
1710053340.560963 41.284087 -58.009461 6.050937 -0.074295 0.038527 0.908310 0.409841 
1710053340.662031 41.220929 -57.928722 6.050434 -0.081207 0.039739 0.905617 0.414348 
1710053340.762825 41.145575 -57.856099 6.024660 -0.083531 0.048651 0.900984 0.422946 
1710053340.863739 41.083949 -57.794176 5.997454 -0.082320 0.050100 0.896446 0.432549 
1710053340.964502 41.033743 -57.733009 5.954402 -0.079756 0.048405 0.892782 0.440722 
1710053341.065509 40.975975 -57.640482 5.912850 -0.080118 0.050582 0.888144 0.449693 
1710053341.166176 40.908647 -57.565770 5.864825 -0.074425 0.048730 0.884404 0.458165 
1710053341.267050 40.866020 -57.494010 5.857875 -0.064482 0.050101 0.877721 0.472162 
1710053341.367841 40.814272 -57.400084 5.835579 -0.057926 0.045425 0.870854 0.485998 
1710053341.468935 40.746528 -57.290845 5.820980 -0.051963 0.045493 0.861852 0.502435 
1710053341.569631 40.709521 -57.210490 5.838744 -0.045000 0.041974 0.851799 0.520241 
1710053341.670412 40.669079 -57.147046 5.831538 -0.041412 0.044801 0.843059 0.534349 
1710053341.771385 40.636451 -57.054138 5.820370 -0.040699 0.041232 0.837338 0.543608 
1710053341.872125 40.595293 -56.953188 5.801727 -0.050474 0.039160 0.835379 0.545949 
1710053341.973366 40.546979 -56.883704 5.784277 -0.052544 0.035207 0.835928 0.545182 
1710053342.073935 40.501735 -56.822046 5.780906 -0.056680 0.032737 0.835619 0.545396 
1710053342.175025 40.458797 -56.742037 5.768908 -0.063151 0.030472 0.836660 0.543216 
1710053342.276042 40.406143 -56.641808 5.773802 -0.069017 0.038284 0.834487 0.545346 
1710053342.376417 40.392784 -56.560155 5.781627 -0.070728 0.038702 0.834749 0.544696 
1710053342.477284 40.351664 -56.483356 5.785849 -0.070038 0.046243 0.834987 0.543831 
1710053342.578146 40.308280 -56.393025 5.755448 -0.071343 0.050488 0.831106 0.549203 
1710053342.679063 40.245731 -56.305419 5.720077 -0.076445 0.051256 0.826143 0.555893 
1710053342.780117 40.208251 -56.245619 5.705495 -0.067341 0.057182 0.814511 0.573382 
1710053342.880946 40.196916 -56.167562 5.669778 -0.071776 0.056989 0.808912 0.580742 
1710053342.981829 40.177733 -56.065845 5.649194 -0.073508 0.056495 0.809324 0.579999 
1710053343.082445 40.160275 -55.978856 5.637433 -0.074397 0.055816 0.809898 0.579150 
1710053343.185253 40.164752 -55.899329 5.632145 -0.078653 0.050537 0.810635 0.578041 
1710053343.286217 40.147231 -55.815732 5.604053 -0.078372 0.049814 0.809057 0.580348 
1710053343.387085 40.117000 -55.711326 5.564171 -0.083449 0.051903 0.809789 0.578432 
1710053343.487828 40.083966 -55.649596 5.545704 -0.079322 0.048924 0.810220 0.578669 
1710053343.588629 40.046147 -55.580569 5.548492 -0.077752 0.049458 0.809207 0.580252 
1710053343.689739 39.984288 -55.496921 5.537132 -0.075766 0.046711 0.807999 0.582422 
1710053343.790327 39.919290 -55.411128 5.511438 -0.073121 0.056480 0.799286 0.593806 
1710053343.891308 39.891517 -55.331034 5.500865 -0.061858 0.060906 0.788209 0.609255 
1710053343.992046 39.872931 -55.273169 5.499575 -0.054013 0.064749 0.776927 0.623919 
1710053344.093239 39.869800 -55.170590 5.484129 -0.054005 0.059878 0.769695 0.633299 
1710053344.193830 39.859127 -55.061492 5.481959 -0.059304 0.057981 0.766259 0.637157 
1710053344.294698 39.850122 -54.978236 5.490299 -0.062564 0.053405 0.766064 0.637479 
1710053344.395824 39.833529 -54.889463 5.471211 -0.064668 0.050210 0.766253 0.637301 
1710053344.496941 39.834269 -54.758845 5.448266 -0.066493 0.047347 0.766562 0.636961 
1710053344.597471 39.815782 -54.662722 5.442211 -0.063983 0.053152 0.765654 0.637852 
1710053344.698073 39.813238 -54.586411 5.445591 -0.065122 0.054133 0.766911 0.636142 
1710053344.799368 39.803071 -54.482428 5.420142 -0.067916 0.052900 0.767094 0.635733 
1710053344.899821 39.788522 -54.371145 5.373830 -0.075803 0.049654 0.765558 0.636953 
1710053345.000753 39.801661 -54.272139 5.360203 -0.077212 0.056250 0.766735 0.634816 
1710053345.101653 39.790266 -54.187265 5.343082 -0.074656 0.057355 0.765776 0.636180 
1710053345.202446 39.756956 -54.133514 5.314675 -0.082052 0.054376 0.767591 0.633336 
1710053345.303380 39.719910 -54.029311 5.282578 -0.080731 0.061086 0.774446 0.624488 
1710053345.404103 39.696884 -53.956174 5.255376 -0.085406 0.048505 0.781928 0.615582 
1710053345.505013 39.700910 -53.878283 5.231502 -0.093846 0.043618 0.793259 0.600026 
1710053345.605797 39.682295 -53.772313 5.192582 -0.092148 0.048046 0.797554 0.594229 
1710053345.706818 39.660961 -53.648736 5.159969 -0.089544 0.053290 0.796575 0.595492 
1710053345.807518 39.621500 -53.568119 5.149286 -0.089954 0.058162 0.795921 0.595849 
1710053345.908439 39.591652 -53.494934 5.140132 -0.083376 0.061284 0.796534 0.595672 
1710053346.009221 39.547518 -53.376114 5.119116 -0.082035 0.060390 0.797069 0.595235 
1710053346.110324 39.506600 -53.292343 5.124043 -0.081452 0.057143 0.796866 0.595906 
1710053346.212553 39.496753 -53.216962 5.132634 -0.081096 0.056743 0.798128 0.594302 
1710053346.313809 39.479746 -53.116318 5.125653 -0.077433 0.056304 0.797747 0.595343 
1710053346.413021 39.434755 -53.024940 5.100847 -0.078622 0.058858 0.797091 0.595820 
1710053346.513895 39.347290 -52.969568 5.082117 -0.079622 0.054465 0.799829 0.592425 
1710053346.614468 39.311632 -52.897859 5.062566 -0.079330 0.048137 0.803389 0.588180 
1710053346.715437 39.264207 -52.809853 5.044347 -0.078532 0.046331 0.806858 0.583666 
1710053346.816257 39.184849 -52.722650 5.024919 -0.081796 0.045157 0.814007 0.573292 
1710053346.916969 39.150747 -52.632548 5.023544 -0.081730 0.041930 0.820862 0.563692 
1710053347.017838 39.187921 -52.541489 5.022569 -0.079971 0.040895 0.823436 0.560255 
1710053347.121671 39.212157 -52.417271 5.002592 -0.076046 0.044624 0.823688 0.560146 
1710053347.219631 39.203015 -52.312637 4.959438 -0.074046 0.044045 0.824318 0.559533 
1710053347.320407 39.193725 -52.222710 4.936981 -0.069843 0.042564 0.823497 0.561393 
1710053347.421483 39.171712 -52.138577 4.918224 -0.065002 0.042352 0.824819 0.560049 
1710053347.522127 39.121281 -52.038384 4.889023 -0.067460 0.042290 0.824171 0.560717 
1710053347.622982 39.083284 -51.944351 4.881397 -0.068022 0.039378 0.828304 0.554739 
1710053347.724119 39.037393 -51.883963 4.875084 -0.071141 0.030484 0.837760 0.540525 
1710053347.824697 38.992606 -51.818440 4.865009 -0.069755 0.028891 0.840853 0.535972 
1710053347.925767 38.943269 -51.706370 4.848549 -0.067649 0.027870 0.842167 0.534230 
1710053348.026407 38.915278 -51.626063 4.831801 -0.064795 0.030764 0.841290 0.535805 
1710053348.127507 38.878175 -51.548323 4.827517 -0.057293 0.036197 0.841998 0.535207 
1710053348.228314 38.826197 -51.473054 4.826520 -0.054399 0.029204 0.843580 0.533442 
1710053348.329409 38.790020 -51.371374 4.805167 -0.047768 0.035087 0.841790 0.536541 
1710053348.430090 38.772227 -51.297280 4.812538 -0.051957 0.034554 0.843762 0.533078 
1710053348.531062 38.724336 -51.231228 4.817444 -0.049788 0.035076 0.842617 0.535058 
1710053348.631603 38.665952 -51.134885 4.808503 -0.053252 0.033123 0.843260 0.533834 
1710053348.732522 38.618138 -51.043899 4.781115 -0.053601 0.031299 0.842670 0.534840 
1710053348.833450 38.582909 -50.978352 4.782301 -0.048364 0.032759 0.842636 0.535306 
1710053348.934144 38.546628 -50.913268 4.760789 -0.051159 0.027930 0.841946 0.536404 
1710053349.035006 38.511124 -50.819218 4.730664 -0.047493 0.029150 0.842782 0.535363 
1710053349.135889 38.499915 -50.729405 4.718722 -0.049669 0.029151 0.843395 0.534198 
1710053349.237110 38.471602 -50.652152 4.710023 -0.048904 0.029333 0.843875 0.533501 
1710053349.337570 38.424033 -50.563201 4.710895 -0.052773 0.031510 0.843142 0.534167 
1710053349.438667 38.367897 -50.463595 4.693758 -0.058108 0.032688 0.842930 0.533877 
1710053349.539316 38.325741 -50.378005 4.681543 -0.055912 0.032330 0.842349 0.535049 
1710053349.640152 38.284282 -50.303377 4.665263 -0.054801 0.031218 0.842491 0.535006 
1710053349.741191 38.241488 -50.227090 4.643922 -0.054484 0.031596 0.842808 0.534517 
1710053349.841889 38.196510 -50.131043 4.630200 -0.055072 0.036051 0.841905 0.535596 
1710053349.943116 38.164449 -50.059030 4.638594 -0.056107 0.033695 0.842740 0.534328 
1710053350.043847 38.122124 -49.985956 4.642922 -0.055174 0.030748 0.841660 0.536301 
1710053350.144506 38.079939 -49.891406 4.617793 -0.059875 0.031752 0.841455 0.536061 
1710053350.245491 38.032992 -49.817368 4.608156 -0.055203 0.032036 0.841977 0.535724 
1710053350.346420 37.996186 -49.755307 4.611166 -0.052241 0.030268 0.841667 0.536612 
1710053350.447224 37.937576 -49.670057 4.599131 -0.051845 0.025200 0.842843 0.535063 
1710053350.548107 37.888946 -49.584352 4.572535 -0.050536 0.024278 0.842456 0.535839 
1710053350.648771 37.861372 -49.507851 4.590614 -0.044464 0.021885 0.843166 0.535364 
1710053350.750554 37.832230 -49.438426 4.600022 -0.038437 0.021984 0.843753 0.534901 
1710053350.853788 37.804734 -49.349426 4.588738 -0.038377 0.015958 0.842711 0.536760 
1710053350.951343 37.755458 -49.267162 4.563720 -0.039688 0.017295 0.843272 0.535740 
1710053351.052462 37.699515 -49.205615 4.551536 -0.035634 0.015595 0.843081 0.536378 
1710053351.153044 37.643743 -49.138064 4.549191 -0.032756 0.016388 0.842989 0.536683 
1710053351.254131 37.584779 -49.067457 4.543888 -0.032705 0.016543 0.844231 0.534725 
1710053351.354861 37.515552 -48.972839 4.522871 -0.035164 0.016375 0.842350 0.537533 
1710053351.455774 37.470415 -48.894315 4.537483 -0.034248 0.013704 0.843353 0.536092 
1710053351.556480 37.434329 -48.822106 4.543620 -0.030202 0.016284 0.843417 0.536163 
1710053351.657379 37.386609 -48.735936 4.537840 -0.031393 0.014657 0.843044 0.536728 
1710053351.758238 37.340711 -48.637949 4.519231 -0.032824 0.014826 0.843204 0.536386 
1710053351.859195 37.307279 -48.564853 4.515763 -0.029134 0.016017 0.842494 0.537679 
1710053351.960235 37.279350 -48.480618 4.510237 -0.029986 0.011829 0.843185 0.536657 
1710053352.060850 37.252069 -48.390233 4.506265 -0.029093 0.017220 0.843194 0.536546 
1710053352.161973 37.233295 -48.307028 4.488382 -0.028254 0.016635 0.843770 0.535703 
1710053352.262568 37.203188 -48.250350 4.474756 -0.026354 0.014927 0.844199 0.535173 
1710053352.363664 37.146406 -48.159550 4.462266 -0.026131 0.014652 0.843596 0.536142 
1710053352.464385 37.089939 -48.065380 4.462449 -0.029476 0.014152 0.843934 0.535450 
1710053352.565347 37.044985 -48.000247 4.463639 -0.025689 0.008249 0.843420 0.536577 
1710053352.666405 36.998579 -47.932313 4.458111 -0.024546 0.009162 0.843164 0.537018 
1710053352.769209 36.943303 -47.846142 4.457546 -0.024105 0.007535 0.844152 0.535509 
1710053352.867870 36.891939 -47.754581 4.444627 -0.023077 0.012072 0.843132 0.537075 
1710053352.968971 36.860364 -47.670176 4.460448 -0.022014 0.011510 0.844222 0.535418 
1710053353.069359 36.830327 -47.594205 4.440131 -0.018706 0.008153 0.843936 0.536056 
1710053353.170229 36.783151 -47.499697 4.426684 -0.018960 0.009053 0.842785 0.537841 
1710053353.271248 36.732514 -47.419588 4.434084 -0.020189 0.010048 0.843288 0.536988 
1710053353.372255 36.702290 -47.356268 4.439175 -0.017728 0.009272 0.842852 0.537773 
1710053353.472860 36.665969 -47.275417 4.431348 -0.019623 0.007502 0.843308 0.537020 
1710053353.573661 36.638260 -47.169378 4.423225 -0.020775 0.011121 0.843516 0.536586 
1710053353.674669 36.619556 -47.078094 4.425426 -0.020578 0.010833 0.843598 0.536471 
1710053353.780035 36.595852 -46.997320 4.425717 -0.019356 0.010359 0.844180 0.535610 
1710053353.876434 36.555758 -46.919583 4.419073 -0.016771 0.008841 0.843671 0.536526 
1710053353.977106 36.510810 -46.821455 4.418408 -0.022434 0.009046 0.843370 0.536789 
1710053354.078125 36.480007 -46.752916 4.429345 -0.020950 0.009327 0.843470 0.536687 
1710053354.179156 36.438597 -46.681137 4.432344 -0.021265 0.011141 0.843300 0.536907 
1710053354.280792 36.394678 -46.588769 4.425831 -0.020616 0.013815 0.844295 0.535304 
1710053354.380597 36.361793 -46.508165 4.422233 -0.020947 0.014814 0.843570 0.536406 
1710053354.481417 36.331004 -46.441954 4.424853 -0.020036 0.013589 0.844167 0.535533 
1710053354.582590 36.294408 -46.349275 4.413644 -0.019523 0.015097 0.843737 0.536189 
1710053354.683146 36.252315 -46.252652 4.384183 -0.023360 0.011727 0.843711 0.536160 
1710053354.784122 36.208634 -46.161585 4.406513 -0.028494 0.015411 0.843138 0.536720 
1710053354.884861 36.177930 -46.101372 4.407293 -0.025391 0.014068 0.843311 0.536642 
1710053354.985806 36.133311 -46.030674 4.394018 -0.026438 0.010663 0.844652 0.534556 
1710053355.086645 36.122669 -45.973743 4.385962 -0.026023 0.006237 0.848953 0.527790 
1710053355.189287 36.082936 -45.897106 4.424578 -0.024173 0.006997 0.854956 0.518090 
1710053355.288361 36.063685 -45.816721 4.414595 -0.024179 -0.005931 0.865358 0.500536 
1710053355.389350 35.999452 -45.706661 4.398005 -0.024704 -0.006275 0.867197 0.497312 
1710053355.490305 35.918617 -45.598596 4.396148 -0.023785 0.001295 0.868643 0.494866 
1710053355.590863 35.863533 -45.517238 4.398193 -0.019565 0.006269 0.867239 0.497468 
1710053355.691817 35.808910 -45.433097 4.384673 -0.018752 0.008560 0.867936 0.496249 
1710053355.792572 35.740708 -45.343006 4.352685 -0.019671 0.009359 0.868389 0.495405 
1710053355.893630 35.696958 -45.264845 4.354653 -0.019046 0.010797 0.867682 0.496637 
1710053355.995040 35.649277 -45.185009 4.378285 -0.016742 0.009808 0.867858 0.496433 
1710053356.095361 35.615283 -45.090600 4.351994 -0.016268 0.006965 0.867801 0.496597 
1710053356.196110 35.564794 -44.993328 4.348577 -0.018297 0.006850 0.867442 0.497154 
1710053356.297147 35.528690 -44.929762 4.356161 -0.015522 0.007933 0.867721 0.496746 
1710053356.397812 35.505723 -44.863935 4.354085 -0.015688 0.007734 0.868162 0.495972 
1710053356.498657 35.449232 -44.776768 4.344821 -0.014792 0.007532 0.868520 0.495376 
1710053356.599732 35.388968 -44.697758 4.328491 -0.014809 0.007762 0.867690 0.496825 
1710053356.700463 35.341655 -44.642804 4.319347 -0.015310 0.006560 0.868077 0.496151 
1710053356.801280 35.295661 -44.570184 4.321440 -0.014936 0.008540 0.867599 0.496967 
1710053356.902078 35.234915 -44.483817 4.288311 -0.019741 0.007769 0.866622 0.498514 
1710053357.002880 35.183336 -44.398346 4.300897 -0.018099 0.008778 0.867660 0.496751 
1710053357.103740 35.133857 -44.317206 4.300829 -0.022374 0.008250 0.866833 0.498028 
1710053357.208226 35.077650 -44.246691 4.301592 -0.023187 0.008734 0.868497 0.495075 
1710053357.305616 35.013497 -44.153705 4.302683 -0.024856 0.011384 0.867700 0.496336 
1710053357.406451 34.973110 -44.078300 4.303505 -0.026365 0.009865 0.867952 0.495849 
1710053357.509352 34.946635 -44.015930 4.316866 -0.021643 0.009762 0.868564 0.495008 
1710053357.608057 34.887383 -43.948016 4.308997 -0.025404 0.010235 0.867823 0.496118 
1710053357.708911 34.803019 -43.852955 4.311593 -0.030138 0.009744 0.867462 0.496495 
1710053357.809745 34.746108 -43.783406 4.318710 -0.023268 0.009136 0.867628 0.496584 
1710053357.910662 34.690684 -43.727887 4.312240 -0.015558 0.005956 0.867600 0.496984 
1710053358.011623 34.636747 -43.650142 4.276933 -0.014208 0.004363 0.868520 0.495431 
1710053358.112550 34.570471 -43.551960 4.272076 -0.012981 0.005393 0.866753 0.498540 
1710053358.213307 34.530055 -43.479201 4.261879 -0.013013 0.003341 0.867856 0.496635 
1710053358.314329 34.475425 -43.397006 4.241810 -0.009584 0.005479 0.867539 0.497247 
1710053358.415062 34.402565 -43.313298 4.220134 -0.013798 0.003314 0.866930 0.498228 
1710053358.516790 34.342085 -43.257351 4.207963 -0.015135 0.002711 0.867036 0.498008 
1710053358.616682 34.292743 -43.201648 4.208370 -0.013493 0.002961 0.866623 0.498773 
1710053358.717696 34.248013 -43.119164 4.191044 -0.014391 0.001004 0.867091 0.497942 
1710053358.818372 34.205359 -43.036763 4.191292 -0.013721 0.002196 0.868189 0.496039 
1710053358.919216 34.152430 -42.966500 4.207854 -0.014397 0.006302 0.867578 0.497053 
1710053359.020056 34.113416 -42.896213 4.189517 -0.012900 0.006452 0.867629 0.497002 
1710053359.120936 34.059133 -42.818363 4.207521 -0.010723 0.009268 0.866543 0.498902 
1710053359.221825 33.998823 -42.717880 4.207373 -0.018809 0.005723 0.869238 0.494002 
1710053359.322831 33.938976 -42.634055 4.224698 -0.020996 0.002265 0.875227 0.483252 
1710053359.423580 33.886253 -42.551633 4.229825 -0.022132 -0.002690 0.883822 0.467292 
1710053359.524369 33.843564 -42.455160 4.221901 -0.022037 -0.001468 0.892838 0.449837 
1710053359.625214 33.803067 -42.362984 4.216216 -0.021922 -0.001719 0.900303 0.434709 
1710053359.726091 33.765333 -42.297114 4.211261 -0.022232 -0.009526 0.907739 0.418838 
1710053359.826997 33.707167 -42.251793 4.199253 -0.017053 -0.009535 0.915012 0.402954 
1710053359.930946 33.621869 -42.196310 4.189876 -0.020735 -0.008306 0.921691 0.387280 
1710053360.028984 33.570716 -42.156321 4.185996 -0.016963 -0.008239 0.926694 0.375344 
1710053360.131770 33.528746 -42.111057 4.172458 -0.007249 -0.007103 0.928999 0.369943 
1710053360.230600 33.476599 -42.049968 4.161625 -0.005065 -0.005057 0.929286 0.369293 
1710053360.331306 33.405296 -41.970645 4.166450 -0.006067 0.004560 0.928447 0.371387 
1710053360.432092 33.362381 -41.889564 4.174179 -0.005627 0.007629 0.928815 0.370424 
1710053360.533057 33.324573 -41.821081 4.178538 -0.006284 0.006337 0.928952 0.370094 
1710053360.633805 33.247653 -41.737444 4.180079 -0.008519 0.007042 0.928222 0.371862 
1710053360.734886 33.187684 -41.658479 4.172229 -0.011539 0.005503 0.929032 0.369778 
1710053360.835537 33.136080 -41.607673 4.184537 -0.011258 0.005461 0.928150 0.371996 
1710053360.936387 33.069747 -41.543593 4.194793 -0.012529 0.003959 0.928441 0.371247 
1710053361.037242 32.996163 -41.460534 4.193662 -0.013135 0.006476 0.928637 0.370701 
1710053361.138110 32.933125 -41.391534 4.205342 -0.012680 0.007117 0.928614 0.370763 
1710053361.239229 32.846132 -41.339816 4.201083 -0.013206 0.004006 0.930624 0.365717 
1710053361.339974 32.752206 -41.276831 4.199787 -0.016762 0.001669 0.935147 0.353858 
1710053361.440764 32.647079 -41.204830 4.184501 -0.024027 -0.003031 0.938832 0.343523 
1710053361.545436 32.608760 -41.141119 4.164146 -0.028494 -0.000122 0.940805 0.337747 
1710053361.642403 32.563132 -41.094898 4.137152 -0.029214 0.004795 0.940008 0.339865 
1710053361.743279 32.493097 -41.038311 4.107028 -0.030327 0.006597 0.940943 0.337138 
1710053361.844505 32.429249 -40.984118 4.080285 -0.034088 0.005169 0.940715 0.337442 
1710053361.945087 32.352888 -40.940768 4.093650 -0.032429 0.009382 0.940963 0.336822 
1710053362.045919 32.297511 -40.912614 4.073681 -0.031508 0.011202 0.941188 0.336224 
1710053362.146708 32.191690 -40.856475 4.079442 -0.030066 0.009726 0.940860 0.337319 
1710053362.247767 32.104288 -40.802037 4.063777 -0.035199 0.005904 0.940581 0.337688 
1710053362.348448 32.043536 -40.757422 4.061961 -0.032205 0.010794 0.940147 0.339071 
1710053362.449268 31.974315 -40.703450 4.045817 -0.032757 0.010313 0.940322 0.338548 
1710053362.550572 31.910554 -40.652028 4.032351 -0.035193 0.008472 0.941148 0.336052 
1710053362.651033 31.839090 -40.605378 4.035438 -0.034394 0.013003 0.940570 0.337603 
1710053362.751868 31.772801 -40.562967 4.051472 -0.031746 0.013254 0.941292 0.335836 
1710053362.852732 31.681636 -40.521268 4.056779 -0.030273 0.011695 0.940674 0.337757 
1710053362.956649 31.585612 -40.465437 4.046655 -0.032562 0.011987 0.940059 0.339243 
1710053363.054426 31.527645 -40.418563 4.062154 -0.030828 0.010540 0.940041 0.339502 
1710053363.155547 31.467652 -40.362474 4.070492 -0.026180 0.009406 0.940324 0.339140 
1710053363.257949 31.394043 -40.295075 4.081595 -0.021671 0.005812 0.941268 0.336913 
1710053363.357362 31.336214 -40.220156 4.069591 -0.026875 0.010669 0.940285 0.339158 
1710053363.458174 31.292729 -40.162617 4.078255 -0.025773 0.011067 0.940668 0.338167 
1710053363.558726 31.218189 -40.114872 4.077684 -0.022792 0.009645 0.940654 0.338463 
1710053363.659666 31.133915 -40.041779 4.068376 -0.027725 0.010680 0.940370 0.338852 
1710053363.762684 31.073229 -39.983447 4.075179 -0.030756 0.007567 0.940740 0.337646 
1710053363.864498 31.003936 -39.940889 4.071675 -0.031422 0.009122 0.940159 0.339162 
1710053363.962371 30.924356 -39.883808 4.068711 -0.032476 0.010867 0.940139 0.339065 
1710053364.063271 30.845939 -39.794071 4.049659 -0.037505 0.015608 0.940203 0.338185 
1710053364.163878 30.796275 -39.721439 4.052067 -0.038084 0.015175 0.940418 0.337540 
1710053364.264799 30.730640 -39.658367 4.036213 -0.038003 0.014996 0.942657 0.331253 
1710053364.365679 30.623595 -39.582021 4.003229 -0.039598 0.006563 0.946475 0.320272 
1710053364.466914 30.503715 -39.502372 3.985221 -0.043811 0.003692 0.952791 0.300425 
1710053364.567418 30.425677 -39.457875 3.969708 -0.041415 0.000887 0.958514 0.282019 
1710053364.668300 30.348814 -39.425038 3.927195 -0.041591 -0.008625 0.963748 0.263411 
1710053364.770238 30.273461 -39.399661 3.894763 -0.036472 -0.007778 0.967634 0.249587 
1710053364.872009 30.205789 -39.361130 3.877992 -0.038621 -0.000822 0.968903 0.244405 
1710053364.970748 30.146227 -39.328425 3.854570 -0.037567 0.004721 0.969875 0.240641 
1710053365.071842 30.084698 -39.293336 3.823966 -0.035609 0.013032 0.969615 0.241679 
1710053365.172614 29.994225 -39.263816 3.818008 -0.038771 0.013718 0.969423 0.241925 
1710053365.273334 29.940532 -39.228620 3.816957 -0.039741 0.008321 0.969239 0.242748 
1710053365.374551 29.891479 -39.211665 3.813027 -0.038624 0.008095 0.969198 0.243101 
1710053365.475120 29.813752 -39.156212 3.818677 -0.040492 0.005658 0.969482 0.241729 
1710053365.575892 29.713433 -39.087646 3.820613 -0.041356 0.011008 0.969357 0.241899 
1710053365.676767 29.627741 -39.041303 3.832363 -0.041784 0.012852 0.969179 0.242446 
1710053365.777647 29.561435 -39.000081 3.831576 -0.041858 0.009143 0.969353 0.241905 
1710053365.878678 29.442964 -38.959822 3.808712 -0.043399 0.009418 0.968756 0.244009 
1710053365.979406 29.357622 -38.907986 3.815046 -0.046029 0.010784 0.969074 0.242198 
1710053366.080358 29.283928 -38.875241 3.812137 -0.042259 0.013249 0.969061 0.242817 
1710053366.181127 29.217118 -38.841659 3.790617 -0.043209 0.009313 0.969036 0.242931 
1710053366.282243 29.114811 -38.780958 3.771635 -0.045914 0.010983 0.968997 0.242519 
1710053366.382772 29.019242 -38.735364 3.772570 -0.044324 0.014963 0.968601 0.244181 
1710053366.483797 28.941943 -38.691117 3.780960 -0.042768 0.009469 0.968647 0.244547 
1710053366.584520 28.856850 -38.645353 3.727231 -0.044687 0.014176 0.968749 0.243574 
1710053366.685677 28.763488 -38.594325 3.712811 -0.048549 0.012931 0.968881 0.242375 
1710053366.786294 28.686122 -38.565509 3.691115 -0.044531 0.013798 0.968890 0.243060 
1710053366.887074 28.612893 -38.534268 3.667130 -0.044171 0.008530 0.968976 0.243027 
1710053366.988056 28.513635 -38.475117 3.648256 -0.047342 0.008389 0.968879 0.242822 
1710053367.088790 28.432221 -38.429269 3.648401 -0.046415 0.004989 0.969036 0.242467 
1710053367.190054 28.369128 -38.389648 3.673943 -0.045882 0.009814 0.969182 0.241836 
1710053367.290961 28.293045 -38.359370 3.679784 -0.043694 0.012123 0.969011 0.242819 
1710053367.391701 28.203627 -38.307463 3.672413 -0.051779 0.013260 0.969162 0.240557 
1710053367.492312 28.121109 -38.256146 3.701028 -0.053298 0.011691 0.968746 0.241980 
1710053367.593096 28.056150 -38.226271 3.715624 -0.054153 0.012591 0.968569 0.242452 
1710053367.693964 27.996654 -38.191160 3.707960 -0.056905 0.014311 0.968910 0.240354 
1710053367.794966 27.900564 -38.140824 3.685771 -0.057120 0.016953 0.968390 0.242221 
1710053367.895875 27.817110 -38.098232 3.673502 -0.058057 0.015166 0.968571 0.241391 
1710053367.996599 27.753390 -38.059778 3.676219 -0.058263 0.013510 0.968401 0.242120 
1710053368.097636 27.681559 -38.008031 3.658945 -0.059069 0.017073 0.968202 0.242495 
1710053368.201943 27.580091 -37.958570 3.611613 -0.061456 0.015377 0.968246 0.241839 
1710053368.299120 27.513816 -37.925735 3.607374 -0.060290 0.013460 0.968030 0.243108 
1710053368.400100 27.423798 -37.889050 3.595878 -0.057501 0.014096 0.968533 0.241740 
1710053368.501000 27.330376 -37.843609 3.562435 -0.060921 0.018248 0.968597 0.240364 
1710053368.601968 27.226739 -37.803676 3.556910 -0.059553 0.014529 0.968417 0.241682 
1710053368.702638 27.151742 -37.766907 3.555040 -0.058432 0.014485 0.968551 0.241423 
1710053368.803404 27.066588 -37.733033 3.538281 -0.058088 0.012861 0.968392 0.242234 
1710053368.904270 26.960241 -37.692481 3.515395 -0.061360 0.015394 0.968089 0.242491 
1710053369.005159 26.858530 -37.649134 3.504013 -0.060967 0.010147 0.967999 0.243225 
1710053369.108576 26.784743 -37.616596 3.472970 -0.060669 0.012915 0.967903 0.243550 
1710053369.209864 26.705469 -37.568783 3.446027 -0.058078 0.013990 0.968790 0.240579 
1710053369.307698 26.602604 -37.506380 3.416567 -0.061083 0.013162 0.968323 0.241756 
1710053369.408836 26.513846 -37.444389 3.384584 -0.060313 0.017938 0.968484 0.240995 
1710053369.509447 26.440363 -37.406505 3.374566 -0.061100 0.015087 0.968589 0.240570 
1710053369.612128 26.357312 -37.356606 3.341009 -0.065766 0.016060 0.967928 0.241934 
1710053369.711170 26.279625 -37.315931 3.319715 -0.067682 0.015683 0.967828 0.241830 
1710053369.813623 26.218480 -37.281307 3.312074 -0.065431 0.013940 0.967633 0.243332 
1710053369.912833 26.148354 -37.246357 3.295001 -0.065493 0.010858 0.967636 0.243463 
1710053370.020045 26.068202 -37.199507 3.272800 -0.068882 0.018724 0.967787 0.241439 
1710053370.114672 25.987408 -37.141531 3.283979 -0.067461 0.018879 0.967778 0.241864 
1710053370.215490 25.911914 -37.113359 3.290982 -0.069615 0.014654 0.967797 0.241469 
1710053370.316283 25.840602 -37.060694 3.271422 -0.075056 0.021636 0.966988 0.242556 
1710053370.417204 25.730036 -37.002287 3.253182 -0.078998 0.019638 0.966883 0.241892 
1710053370.518222 25.622483 -36.975454 3.265639 -0.079127 0.020189 0.966872 0.241846 
1710053370.618867 25.554990 -36.951418 3.259831 -0.082838 0.020408 0.966470 0.242192 
1710053370.719950 25.477064 -36.920283 3.230457 -0.085211 0.022527 0.966850 0.239650 
1710053370.820778 25.374945 -36.874334 3.220879 -0.088983 0.026046 0.966013 0.241295 
1710053370.922302 25.276030 -36.843135 3.232511 -0.092501 0.023989 0.965372 0.242744 
1710053371.022305 25.216311 -36.801886 3.231840 -0.095068 0.028186 0.965362 0.241337 
1710053371.123189 25.145057 -36.748684 3.198323 -0.098077 0.026345 0.964639 0.243224 
1710053371.224067 25.038153 -36.686781 3.166569 -0.104604 0.019835 0.964039 0.243502 
1710053371.325086 24.952389 -36.641116 3.145221 -0.102649 0.031769 0.963928 0.243511 
1710053371.425794 24.877685 -36.596177 3.118136 -0.105400 0.028151 0.963840 0.243128 
1710053371.526597 24.797687 -36.543324 3.097402 -0.106897 0.021096 0.964249 0.241560 
1710053371.627467 24.705370 -36.480025 3.065794 -0.109708 0.028448 0.963770 0.241458 
1710053371.728476 24.632841 -36.437445 3.042794 -0.112738 0.029506 0.963830 0.239690 
1710053371.829319 24.567615 -36.404441 3.015551 -0.114435 0.032244 0.963257 0.240834 
1710053371.930130 24.486370 -36.352444 2.985329 -0.117455 0.026558 0.962946 0.241318 
1710053372.030908 24.395611 -36.303329 2.961214 -0.119160 0.031906 0.962860 0.240174 
1710053372.131756 24.323935 -36.266740 2.949759 -0.122610 0.029430 0.962124 0.241698 
1710053372.232638 24.249168 -36.215463 2.936410 -0.124382 0.032726 0.962352 0.239452 
1710053372.333470 24.162187 -36.166712 2.904915 -0.124172 0.036725 0.962030 0.240274 
1710053372.438242 24.089222 -36.140261 2.892388 -0.125740 0.035050 0.961885 0.240287 
1710053372.537442 24.023268 -36.126521 2.868014 -0.126022 0.032998 0.962229 0.239051 
1710053372.636092 23.934675 -36.101876 2.837258 -0.125160 0.027492 0.961794 0.241933 
1710053372.738292 23.848244 -36.053831 2.793450 -0.127082 0.031859 0.961735 0.240626 
1710053372.837749 23.764404 -36.021101 2.766517 -0.126500 0.033097 0.961352 0.242289 
1710053372.938603 23.685988 -35.977300 2.738067 -0.127229 0.032126 0.961489 0.241496 
1710053373.039463 23.594019 -35.927519 2.711839 -0.126766 0.028641 0.961714 0.241281 
1710053373.140949 23.495877 -35.882578 2.670147 -0.125403 0.035192 0.961330 0.242653 
1710053373.241252 23.421863 -35.854855 2.663136 -0.125989 0.031655 0.961885 0.240628 
1710053373.342510 23.345438 -35.813996 2.639008 -0.125751 0.031271 0.961791 0.241177 
1710053373.452471 23.233601 -35.753020 2.601104 -0.129226 0.032385 0.961459 0.240518 
1710053373.543781 23.166163 -35.716378 2.573535 -0.130150 0.029275 0.961434 0.240516 
1710053373.644694 23.100478 -35.683732 2.558482 -0.130178 0.034023 0.961103 0.241201 
1710053373.749038 23.018886 -35.649316 2.530650 -0.129218 0.031141 0.961792 0.239353 
1710053373.846387 22.924887 -35.616445 2.508736 -0.131740 0.034152 0.961014 0.240685 
1710053373.948151 22.857385 -35.570504 2.494197 -0.129002 0.027072 0.961694 0.240356 
1710053374.048315 22.794214 -35.543314 2.490746 -0.127510 0.032642 0.962003 0.239219 
1710053374.151659 22.702324 -35.512915 2.464858 -0.125564 0.026470 0.961837 0.241668 
1710053374.249829 22.604869 -35.470455 2.433622 -0.128025 0.025243 0.961645 0.241269 
1710053374.350642 22.522090 -35.454486 2.408073 -0.124949 0.027858 0.961946 0.241395 
1710053374.451860 22.454970 -35.426148 2.391392 -0.121801 0.031266 0.962341 0.241012 
1710053374.552455 22.356790 -35.390150 2.370530 -0.121244 0.023203 0.962889 0.240011 
1710053374.654040 22.260961 -35.355525 2.352565 -0.117693 0.029206 0.962318 0.243392 
1710053374.754101 22.198038 -35.317551 2.348751 -0.115730 0.025471 0.963489 0.240096 
1710053374.854961 22.123601 -35.274200 2.322660 -0.114140 0.027538 0.963269 0.241511 
1710053374.956065 22.014976 -35.222231 2.302618 -0.117106 0.023509 0.963027 0.241479 
1710053375.056657 21.928807 -35.199552 2.279847 -0.111750 0.024414 0.963824 0.240748 
1710053375.157708 21.851153 -35.182371 2.270778 -0.107795 0.023911 0.963794 0.242715 
1710053375.258393 21.770838 -35.150108 2.245554 -0.105458 0.026570 0.964281 0.241527 
1710053375.359259 21.669518 -35.127672 2.232322 -0.105340 0.030673 0.963533 0.244063 
1710053375.460097 21.602444 -35.086809 2.222173 -0.101496 0.033127 0.961307 0.253949 
1710053375.561162 21.534183 -35.039787 2.217009 -0.100408 0.035049 0.959597 0.260506 
1710053375.661861 21.447823 -34.980320 2.196690 -0.103273 0.032677 0.958834 0.262496 
1710053375.762736 21.346938 -34.911424 2.180418 -0.113288 0.027825 0.958299 0.260873 
1710053375.864265 21.261253 -34.866896 2.150078 -0.116089 0.030428 0.958204 0.259695 
1710053375.965150 21.192983 -34.822784 2.133441 -0.120563 0.032343 0.957136 0.261358 
1710053376.065638 21.127740 -34.786708 2.087508 -0.123060 0.032891 0.956871 0.261097 
1710053376.166153 21.038939 -34.730706 2.048849 -0.126553 0.034901 0.955926 0.262624 
1710053376.266991 20.973282 -34.683068 2.008669 -0.128590 0.036807 0.956053 0.260907 
1710053376.368212 20.908896 -34.646397 1.975572 -0.128212 0.034778 0.956241 0.260682 
1710053376.471823 20.816050 -34.589330 1.959730 -0.132440 0.033245 0.955103 0.262931 
1710053376.569621 20.721712 -34.566516 1.937506 -0.131179 0.038223 0.955477 0.261525 
1710053376.670608 20.654290 -34.548111 1.914282 -0.131144 0.031872 0.955226 0.263303 
1710053376.771274 20.580584 -34.508392 1.882062 -0.126461 0.039954 0.956218 0.260880 
1710053376.872130 20.494428 -34.446095 1.862515 -0.128442 0.039200 0.956136 0.260326 
1710053376.972991 20.424862 -34.380805 1.850989 -0.130876 0.043472 0.954926 0.262864 
1710053377.073839 20.365605 -34.319961 1.833773 -0.132784 0.040094 0.955513 0.260299 
1710053377.174742 20.289734 -34.261611 1.813574 -0.131564 0.035505 0.955038 0.263311 
1710053377.276109 20.196726 -34.205287 1.783267 -0.131480 0.036373 0.955529 0.261445 
1710053377.376680 20.130528 -34.172583 1.766009 -0.129115 0.036462 0.955291 0.263475 
1710053377.477350 20.061536 -34.133799 1.732512 -0.129387 0.034134 0.955441 0.263108 
1710053377.580058 19.965421 -34.076746 1.702860 -0.126597 0.033673 0.956168 0.261882 
1710053377.679231 19.874922 -34.041018 1.689120 -0.127858 0.034163 0.955766 0.262672 
1710053377.781688 19.803209 -34.010627 1.680143 -0.128605 0.035380 0.956006 0.261270 
1710053377.880920 19.719514 -33.979451 1.669395 -0.129602 0.033709 0.955660 0.262263 
1710053377.981774 19.615223 -33.928453 1.644270 -0.130821 0.031755 0.955643 0.261961 
1710053378.082676 19.520313 -33.891616 1.620338 -0.135745 0.031694 0.954810 0.262501 
1710053378.183521 19.449910 -33.856990 1.588293 -0.138813 0.036845 0.953710 0.264218 
1710053378.284155 19.383403 -33.811177 1.545680 -0.139846 0.036054 0.954047 0.262559 
1710053378.385015 19.290542 -33.748350 1.516886 -0.142005 0.040547 0.953666 0.262128 
1710053378.485954 19.239892 -33.691459 1.505912 -0.143449 0.035220 0.953590 0.262390 
1710053378.586838 19.177534 -33.665558 1.476502 -0.140612 0.038682 0.954126 0.261487 
1710053378.687889 19.051556 -33.611769 1.422579 -0.144146 0.028638 0.953148 0.264405 
1710053378.788463 18.935428 -33.571947 1.420371 -0.139833 0.046472 0.951830 0.268899 
1710053378.889392 18.863186 -33.566999 1.399497 -0.135729 0.044651 0.951712 0.271715 
1710053378.990174 18.776554 -33.531649 1.382663 -0.138923 0.039561 0.951891 0.270258 
1710053379.091100 18.684585 -33.464081 1.340257 -0.136312 0.041191 0.952553 0.269008 
1710053379.196158 18.599666 -33.394476 1.308845 -0.137364 0.042215 0.952679 0.267864 
1710053379.292769 18.533950 -33.332099 1.278757 -0.138445 0.040525 0.952881 0.266848 
1710053379.393903 18.464027 -33.271355 1.241979 -0.135924 0.040188 0.953134 0.267291 
1710053379.496451 18.374662 -33.207151 1.192758 -0.134691 0.041657 0.952883 0.268584 
1710053379.595650 18.302053 -33.150761 1.168429 -0.135034 0.040196 0.952897 0.268586 
1710053379.696337 18.245817 -33.107006 1.142108 -0.134345 0.037599 0.953448 0.267346 
1710053379.797210 18.147931 -33.071132 1.124143 -0.133416 0.037645 0.953310 0.268295 
1710053379.897931 18.048685 -33.007670 1.084162 -0.131895 0.035942 0.953284 0.269371 
1710053379.999284 17.977800 -32.977424 1.065160 -0.130623 0.037133 0.954012 0.267244 
1710053380.099731 17.888991 -32.937699 1.034222 -0.130647 0.031616 0.953651 0.269223 
1710053380.200488 17.782347 -32.898287 1.001787 -0.127746 0.029892 0.954080 0.269292 
1710053380.301332 17.708276 -32.828700 0.986859 -0.125358 0.030152 0.953814 0.271323 
1710053380.402384 17.643610 -32.770914 0.967752 -0.117112 0.032516 0.952877 0.277943 
1710053380.503074 17.554136 -32.731989 0.946413 -0.110387 0.034856 0.951628 0.284611 
1710053380.604062 17.463775 -32.667909 0.935473 -0.103477 0.034694 0.949366 0.294607 
1710053380.704873 17.389651 -32.617837 0.909574 -0.094045 0.034697 0.947940 0.302261 
1710053380.805718 17.340132 -32.557687 0.895084 -0.087675 0.033275 0.945241 0.312611 
1710053380.906683 17.249605 -32.497920 0.872254 -0.084914 0.033803 0.942432 0.321665 
1710053381.007378 17.177996 -32.437622 0.852297 -0.077339 0.035128 0.938940 0.333432 
1710053381.112135 17.126066 -32.369666 0.839838 -0.079433 0.034364 0.933984 0.346676 
1710053381.209192 17.077481 -32.316942 0.812447 -0.076501 0.036019 0.930250 0.357051 
1710053381.310212 17.029152 -32.212125 0.775665 -0.076443 0.047649 0.924730 0.369812 
1710053381.413376 16.950830 -32.115937 0.765429 -0.077718 0.049054 0.918977 0.383452 
1710053381.511715 16.894720 -32.064427 0.770847 -0.077716 0.041056 0.919278 0.383669 
1710053381.613035 16.849172 -32.018215 0.765699 -0.083841 0.041576 0.919899 0.380825 
1710053381.716743 16.781953 -31.922500 0.736873 -0.091160 0.042053 0.918055 0.383532 
1710053381.814300 16.716243 -31.853707 0.712950 -0.094050 0.037388 0.918743 0.381666 
1710053381.919859 16.649000 -31.805626 0.698408 -0.095695 0.038126 0.917407 0.384387 
1710053382.016058 16.604173 -31.747473 0.681614 -0.094832 0.035632 0.919129 0.380708 
1710053382.116807 16.540609 -31.665383 0.658039 -0.097006 0.038405 0.918844 0.380578 
1710053382.217918 16.476182 -31.607588 0.650161 -0.094957 0.037748 0.918917 0.380985 
1710053382.318522 16.423873 -31.540952 0.632105 -0.095472 0.038523 0.918875 0.380880 
1710053382.424792 16.358140 -31.470031 0.600430 -0.093440 0.037485 0.918885 0.381464 
1710053382.520254 16.280698 -31.393744 0.574952 -0.102097 0.035788 0.918549 0.380215 
1710053382.622045 16.212390 -31.333160 0.556276 -0.101052 0.035410 0.917963 0.381941 
1710053382.722550 16.164803 -31.284462 0.531616 -0.102105 0.037877 0.918424 0.380313 
1710053382.827012 16.083110 -31.219659 0.501957 -0.100519 0.036015 0.918755 0.380117 
1710053382.923679 16.013872 -31.149412 0.479828 -0.104178 0.037403 0.917367 0.382344 
1710053383.024544 15.951594 -31.086808 0.457354 -0.105241 0.037640 0.917646 0.381357 
1710053383.125627 15.900953 -31.040544 0.445468 -0.105902 0.040747 0.917875 0.380301 
1710053383.226290 15.831027 -30.971102 0.417928 -0.106584 0.044201 0.915609 0.385159 
1710053383.327372 15.753003 -30.911162 0.393999 -0.109704 0.043939 0.910878 0.395393 
1710053383.429571 15.701780 -30.880311 0.373034 -0.104017 0.054087 0.904196 0.410713 
1710053383.532143 15.641300 -30.821304 0.349467 -0.101896 0.054501 0.898266 0.423986 
1710053383.629939 15.575114 -30.757667 0.335491 -0.096574 0.058397 0.892508 0.436685 
1710053383.731185 15.520712 -30.684201 0.325709 -0.090212 0.060256 0.885451 0.451893 
1710053383.831645 15.478907 -30.623269 0.327601 -0.084317 0.055507 0.878643 0.466686 
1710053383.932377 15.448977 -30.533349 0.304963 -0.074802 0.050560 0.871740 0.481578 
1710053384.033430 15.382375 -30.445767 0.285043 -0.071934 0.050840 0.864252 0.495286 
1710053384.134140 15.338435 -30.357722 0.274413 -0.065695 0.047921 0.859251 0.505050 
1710053384.234893 15.302870 -30.282719 0.272324 -0.062438 0.043602 0.858152 0.507716 
1710053384.335929 15.248232 -30.218186 0.256938 -0.060629 0.035250 0.857319 0.509986 
1710053384.437068 15.205474 -30.147955 0.240503 -0.058137 0.034268 0.851513 0.519973 
1710053384.537731 15.185428 -30.079650 0.259513 -0.053037 0.034112 0.845875 0.529641 
1710053384.638925 15.139080 -29.997031 0.257867 -0.051296 0.031524 0.844424 0.532281 
1710053384.739308 15.091840 -29.887295 0.247724 -0.052981 0.029203 0.844856 0.531563 
1710053384.840023 15.043815 -29.798520 0.233202 -0.054061 0.027555 0.845879 0.529912 
1710053384.940850 15.001380 -29.745876 0.212080 -0.053554 0.024050 0.840973 0.537883 
1710053385.041726 14.950653 -29.664403 0.201763 -0.048695 0.030911 0.839535 0.540236 
1710053385.142849 14.886035 -29.567781 0.173727 -0.050490 0.032367 0.839926 0.539377 
1710053385.243958 14.830898 -29.494588 0.167722 -0.049659 0.030017 0.839928 0.539587 
1710053385.347863 14.795201 -29.436869 0.169515 -0.050078 0.027143 0.840930 0.538138 
1710053385.445310 14.762995 -29.354430 0.159232 -0.049326 0.024805 0.839861 0.539987 
1710053385.546191 14.700159 -29.265252 0.144260 -0.053022 0.023910 0.839725 0.539887 
1710053385.647531 14.663682 -29.192672 0.140993 -0.049423 0.021478 0.838950 0.541534 
1710053385.748378 14.624142 -29.106382 0.128241 -0.045508 0.024338 0.839694 0.540603 
1710053385.848598 14.572007 -29.014524 0.109526 -0.045641 0.021584 0.840532 0.539405 
1710053385.949623 14.530377 -28.936722 0.101524 -0.046823 0.025529 0.839419 0.540862 
1710053386.050373 14.503557 -28.870583 0.107215 -0.046103 0.025099 0.840333 0.539522 
1710053386.151163 14.469302 -28.793509 0.097946 -0.043018 0.023842 0.840495 0.539583 
1710053386.252192 14.430084 -28.676406 0.084772 -0.047043 0.025246 0.839638 0.540515 
1710053386.352897 14.389206 -28.599248 0.080262 -0.049437 0.023066 0.839722 0.540270 
1710053386.453847 14.360084 -28.528325 0.075149 -0.046691 0.024155 0.839324 0.541084 
1710053386.556036 14.298528 -28.450197 0.059884 -0.045491 0.021617 0.840055 0.540159 
1710053386.656115 14.241053 -28.356286 0.036108 -0.049290 0.025879 0.839418 0.540627 
1710053386.756328 14.205332 -28.274308 0.034280 -0.046945 0.026280 0.839778 0.540258 
1710053386.858146 14.189205 -28.200308 0.036704 -0.046301 0.024110 0.840657 0.539047 
1710053386.959906 14.166741 -28.097179 0.013015 -0.043412 0.024176 0.839991 0.540320 
1710053387.060184 14.124635 -28.006107 -0.003034 -0.048133 0.024884 0.839876 0.540066 
1710053387.160112 14.082448 -27.940409 -0.003160 -0.044674 0.023568 0.839903 0.540381 
1710053387.264330 14.042241 -27.873255 -0.003262 -0.044697 0.024675 0.839540 0.540893 
1710053387.364098 14.001281 -27.774232 -0.008065 -0.045650 0.021035 0.840707 0.539152 
1710053387.462348 13.983299 -27.677791 -0.016158 -0.046748 0.023656 0.839398 0.540986 
1710053387.567983 13.937360 -27.586026 -0.004074 -0.044440 0.024236 0.838295 0.542862 
1710053387.664837 13.880310 -27.486429 -0.016187 -0.040330 0.024976 0.832672 0.551731 
1710053387.771928 13.817719 -27.379198 -0.029573 -0.046850 0.029515 0.829063 0.556407 
1710053387.865954 13.756727 -27.310191 -0.031855 -0.040956 0.031512 0.820892 0.568740 
1710053387.968261 13.695627 -27.226958 -0.047538 -0.033300 0.034399 0.811689 0.582124 
1710053388.071881 13.639829 -27.116067 -0.063592 -0.031993 0.029452 0.802657 0.594853 
1710053388.168347 13.579191 -26.983503 -0.072922 -0.032681 0.034379 0.794071 0.605971 
1710053388.269339 13.555999 -26.912766 -0.079773 -0.030460 0.031953 0.785787 0.616919 
1710053388.370062 13.549413 -26.855988 -0.090155 -0.030634 0.030807 0.782934 0.620586 
1710053388.471858 13.528703 -26.771100 -0.109222 -0.033243 0.025362 0.781774 0.622158 
1710053388.572171 13.522074 -26.698052 -0.111822 -0.040152 0.022968 0.782038 0.621511 
1710053388.672963 13.498127 -26.642183 -0.104575 -0.038284 0.021194 0.782381 0.621261 
1710053388.774328 13.458619 -26.579368 -0.122352 -0.036259 0.017675 0.782172 0.621755 
1710053388.874413 13.421953 -26.480394 -0.129465 -0.036431 0.019415 0.783509 0.620008 
1710053388.975233 13.383613 -26.414489 -0.128334 -0.036615 0.020430 0.782481 0.621261 
1710053389.076127 13.348969 -26.335304 -0.119228 -0.033722 0.020070 0.783806 0.619764 
1710053389.176944 13.310131 -26.237909 -0.133136 -0.032907 0.016747 0.783326 0.620513 
1710053389.278412 13.265741 -26.127545 -0.149720 -0.037500 0.016345 0.783156 0.620479 
1710053389.378803 13.236915 -26.049684 -0.147517 -0.034010 0.016271 0.782517 0.621487 
1710053389.479670 13.209351 -25.966530 -0.143315 -0.029847 0.015253 0.782563 0.621668 
1710053389.580481 13.166518 -25.866035 -0.159909 -0.029137 0.012138 0.783002 0.621217 
1710053389.681948 13.120797 -25.759074 -0.158041 -0.030230 0.011444 0.782272 0.622098 
1710053389.782559 13.091824 -25.687927 -0.143364 -0.027332 0.009554 0.783261 0.621019 
1710053389.883074 13.055836 -25.614421 -0.143538 -0.022264 0.010324 0.784269 0.619936 
1710053389.983959 13.020708 -25.503589 -0.167519 -0.023493 0.009351 0.784301 0.619865 
1710053390.085396 12.986936 -25.406325 -0.163588 -0.025273 0.007424 0.783282 0.621109 
1710053390.185606 12.946767 -25.338074 -0.152392 -0.022303 0.006645 0.781490 0.623484 
1710053390.286705 12.923574 -25.243349 -0.154913 -0.020580 0.008334 0.777197 0.628866 
1710053390.388239 12.903816 -25.150831 -0.167941 -0.016653 0.013662 0.768123 0.639940 
1710053390.488105 12.888550 -25.066518 -0.164894 -0.013181 0.018156 0.758474 0.651317 
1710053390.589127 12.882898 -24.962489 -0.169393 -0.008817 0.018628 0.747302 0.664165 
1710053390.689880 12.852531 -24.872015 -0.187464 -0.011571 0.020237 0.741093 0.670997 
1710053390.790717 12.819560 -24.767909 -0.185280 -0.016784 0.012376 0.739589 0.672735 
1710053390.891546 12.788494 -24.710075 -0.175452 -0.017192 0.006189 0.740212 0.672126 
1710053390.992460 12.766628 -24.630817 -0.173691 -0.017224 0.001305 0.740136 0.672236 
1710053391.096155 12.743230 -24.520675 -0.187538 -0.019409 0.001115 0.739876 0.672463 
1710053391.196609 12.713931 -24.430865 -0.170469 -0.017870 0.000925 0.739607 0.672801 
1710053391.295997 12.701202 -24.361133 -0.155800 -0.014227 0.001292 0.741180 0.671154 
1710053391.398016 12.695498 -24.272886 -0.152370 -0.010938 0.000090 0.741108 0.671297 
1710053391.496827 12.689290 -24.155698 -0.171927 -0.012270 0.001543 0.741006 0.671385 
1710053391.597804 12.679243 -24.061890 -0.164655 -0.013081 0.001624 0.740372 0.672069 
1710053391.698572 12.669310 -23.981983 -0.161845 -0.012143 -0.002595 0.740182 0.672292 
1710053391.799288 12.630263 -23.909214 -0.171441 -0.012954 -0.003458 0.741056 0.671309 
1710053391.900351 12.597180 -23.823567 -0.181364 -0.014019 -0.000527 0.740625 0.671772 
1710053392.001072 12.566885 -23.747463 -0.178639 -0.011904 -0.000413 0.741324 0.671042 
1710053392.104436 12.547306 -23.666874 -0.179649 -0.008906 -0.000439 0.741316 0.671097 
1710053392.202712 12.524740 -23.565370 -0.188479 -0.012816 -0.001371 0.741737 0.670567 
1710053392.303730 12.502417 -23.458771 -0.181820 -0.015522 -0.002367 0.740824 0.671515 
1710053392.404555 12.480453 -23.377056 -0.174033 -0.011840 -0.003361 0.740745 0.671674 
1710053392.505331 12.446188 -23.289897 -0.174346 -0.010258 -0.002235 0.740494 0.671980 
1710053392.606298 12.414844 -23.181801 -0.181957 -0.014429 -0.003958 0.740789 0.671571 
1710053392.707100 12.372462 -23.085600 -0.176955 -0.011772 -0.003396 0.739642 0.672889 
1710053392.807880 12.352265 -23.017946 -0.179401 -0.007696 -0.001353 0.736493 0.676399 
1710053392.908766 12.321696 -22.923260 -0.181130 -0.003557 0.000169 0.730057 0.683377 
1710053393.009593 12.279616 -22.834070 -0.193821 -0.007604 0.002147 0.722151 0.691690 
1710053393.110550 12.251744 -22.756268 -0.174997 -0.007879 0.002455 0.715419 0.698647 
1710053393.215238 12.226322 -22.674664 -0.169625 -0.003099 0.002904 0.709475 0.704718 
1710053393.313687 12.208619 -22.579294 -0.177993 -0.007008 0.001514 0.706275 0.707902 
1710053393.413113 12.204650 -22.475126 -0.193040 -0.007538 0.001034 0.704033 0.710127 
1710053393.514009 12.194517 -22.387535 -0.185800 -0.006790 -0.002060 0.706219 0.707958 
1710053393.614780 12.191098 -22.303371 -0.185341 -0.004740 -0.002914 0.706146 0.708044 
1710053393.715886 12.176755 -22.179006 -0.189923 -0.010329 -0.004721 0.706128 0.707993 
1710053393.816523 12.155903 -22.077640 -0.183502 -0.011130 -0.004925 0.704957 0.709146 
1710053393.917511 12.138467 -21.982007 -0.176866 -0.007385 -0.004843 0.704800 0.709351 
1710053394.018393 12.113386 -21.895258 -0.175623 -0.009611 -0.006023 0.705582 0.708538 
1710053394.119036 12.109679 -21.810208 -0.180135 -0.011667 -0.005525 0.704631 0.709457 
1710053394.219904 12.113364 -21.725330 -0.177014 -0.008671 -0.003843 0.705771 0.708376 
1710053394.320786 12.104620 -21.651217 -0.177248 -0.006875 -0.004776 0.706006 0.708157 
1710053394.421849 12.079590 -21.543207 -0.177642 -0.005823 -0.004718 0.706039 0.708134 
1710053394.522481 12.055119 -21.434789 -0.175835 -0.012289 -0.004887 0.705236 0.708850 
1710053394.623362 12.045080 -21.352748 -0.166916 -0.009884 -0.005979 0.705210 0.708905 
1710053394.729919 12.021225 -21.260754 -0.168387 -0.007392 -0.006938 0.704719 0.709414 
1710053394.825070 11.999859 -21.178903 -0.182399 -0.009608 -0.007833 0.702304 0.711769 
1710053394.925910 11.962787 -21.101086 -0.178314 -0.006369 -0.002216 0.694758 0.719212 
1710053395.026773 11.953570 -21.016434 -0.164300 -0.002905 -0.000045 0.691969 0.721921 
1710053395.127661 11.954996 -20.912011 -0.161051 0.000463 -0.000122 0.692563 0.721357 
1710053395.234050 11.949042 -20.788934 -0.170692 -0.006713 -0.003946 0.692979 0.720916 
1710053395.329552 11.936279 -20.705933 -0.163144 -0.007317 -0.005066 0.691752 0.722081 
1710053395.430818 11.925241 -20.622199 -0.160288 -0.005190 -0.007709 0.691316 0.722493 
1710053395.531085 11.928349 -20.515277 -0.162565 -0.007878 -0.010113 0.692036 0.721749 
1710053395.632067 11.920499 -20.417104 -0.160486 -0.006694 -0.005162 0.691356 0.722465 
1710053395.733433 11.919012 -20.334704 -0.156602 -0.005137 -0.005320 0.692184 0.721683 
1710053395.833675 11.918324 -20.252197 -0.150302 -0.003886 -0.006111 0.696650 0.717375 
1710053395.934663 11.890169 -20.147863 -0.150476 -0.008713 -0.007634 0.699599 0.714442 
1710053396.035434 11.891149 -20.055932 -0.141746 -0.012950 -0.006037 0.699008 0.714971 
1710053396.136249 11.889742 -19.980603 -0.138965 -0.008088 -0.006980 0.699271 0.714777 
1710053396.237100 11.870391 -19.886993 -0.137852 -0.007077 -0.007603 0.698850 0.715193 
1710053396.337948 11.842915 -19.789767 -0.147626 -0.011432 -0.007459 0.699385 0.714615 
1710053396.438833 11.829320 -19.690729 -0.144480 -0.008154 -0.006329 0.698880 0.715165 
1710053396.541437 11.812758 -19.606285 -0.144045 -0.006374 -0.005252 0.700238 0.713862 
1710053396.641525 11.799243 -19.492755 -0.148932 -0.003735 -0.005511 0.699824 0.714284 
1710053396.741431 11.785686 -19.377206 -0.167907 -0.007950 -0.005670 0.699216 0.714844 
1710053396.844115 11.763998 -19.296819 -0.161839 -0.006862 -0.006439 0.698809 0.715246 
1710053396.943127 11.754782 -19.211486 -0.160705 -0.005573 -0.009523 0.698622 0.715406 
1710053397.046048 11.739758 -19.099042 -0.160005 -0.006771 -0.008645 0.699487 0.714561 
1710053397.146008 11.729753 -19.011140 -0.156687 -0.007480 -0.004815 0.698477 0.715578 
1710053397.246743 11.726577 -18.943520 -0.146143 -0.005494 -0.005104 0.700004 0.714099 
1710053397.346549 11.721850 -18.845967 -0.150872 -0.002925 -0.005825 0.699271 0.714827 
1710053397.447547 11.713906 -18.730255 -0.157710 -0.007091 -0.006359 0.699374 0.714692 
1710053397.548259 11.710775 -18.652374 -0.150102 -0.010248 -0.006929 0.698794 0.715216 
1710053397.656310 11.708555 -18.601513 -0.149629 -0.006382 -0.007363 0.701648 0.712457 
1710053397.750132 11.693049 -18.518990 -0.156971 -0.010652 -0.011177 0.709635 0.704400 
1710053397.850871 11.670997 -18.413005 -0.150113 -0.013549 -0.012009 0.716472 0.697381 
1710053397.953430 11.656407 -18.314244 -0.136256 -0.012296 -0.010136 0.719716 0.694086 
1710053398.052553 11.643678 -18.223571 -0.145643 -0.008638 -0.007561 0.719411 0.694490 
1710053398.153400 11.616057 -18.106295 -0.163108 -0.003571 -0.004046 0.719134 0.694851 
1710053398.254267 11.582464 -18.029360 -0.165316 -0.009381 -0.003772 0.718907 0.695033 
1710053398.355169 11.567171 -17.945055 -0.152353 -0.009155 -0.005891 0.718794 0.695138 
1710053398.459921 11.548967 -17.863976 -0.153293 -0.006651 -0.006652 0.718631 0.695328 
1710053398.563889 11.547093 -17.751851 -0.158248 -0.010645 -0.004034 0.719170 0.694741 
1710053398.657695 11.548977 -17.676068 -0.159527 -0.008820 -0.001895 0.718306 0.695669 
1710053398.760383 11.554103 -17.598752 -0.147107 -0.006774 -0.004142 0.719342 0.694611 
1710053398.859430 11.550193 -17.504104 -0.150968 -0.003279 -0.003386 0.718642 0.695365 
1710053398.960368 11.545851 -17.400308 -0.160190 -0.007676 -0.002604 0.718316 0.695670 
1710053399.064184 11.536209 -17.308583 -0.157454 -0.006241 -0.002200 0.718576 0.695417 
1710053399.163954 11.537200 -17.226779 -0.159207 -0.005332 -0.002816 0.718042 0.695974 
1710053399.267980 11.543486 -17.112586 -0.154081 -0.005550 -0.005373 0.718469 0.695516 
1710053399.367855 11.537519 -17.018752 -0.154778 -0.004998 -0.000847 0.718460 0.695550 
1710053399.468425 11.546176 -16.932888 -0.151187 -0.004619 -0.001801 0.718785 0.695214 
1710053399.567908 11.539194 -16.851713 -0.152970 -0.003426 -0.001995 0.718785 0.695222 
1710053399.668149 11.532922 -16.748817 -0.179245 -0.005998 -0.003323 0.718728 0.695258 
1710053399.776317 11.525594 -16.647629 -0.172218 -0.007522 -0.002000 0.718928 0.695041 
1710053399.872028 11.520889 -16.567313 -0.154095 -0.005725 -0.003327 0.718311 0.695690 
1710053399.969003 11.517376 -16.474605 -0.151096 -0.007729 -0.005634 0.719068 0.694873 
1710053400.070945 11.503248 -16.371338 -0.147044 -0.005175 -0.001581 0.718676 0.695325 
1710053400.170631 11.505805 -16.293244 -0.129770 -0.006158 -0.002776 0.718785 0.695200 
1710053400.271444 11.504616 -16.206801 -0.133892 -0.003926 -0.004518 0.718895 0.695093 
1710053400.372490 11.499179 -16.096566 -0.148562 -0.006651 -0.004233 0.718707 0.695268 
1710053400.473313 11.505815 -15.990666 -0.140821 -0.006686 -0.001934 0.718293 0.695706 
1710053400.574329 11.509229 -15.909859 -0.127206 -0.004515 -0.003835 0.717907 0.696114 
1710053400.674933 11.516768 -15.814226 -0.130992 -0.004137 -0.004982 0.719425 0.694540 
1710053400.775846 11.528348 -15.701638 -0.143995 -0.004895 -0.004354 0.718968 0.695012 
1710053400.876652 11.525085 -15.613835 -0.148107 -0.003930 -0.003253 0.718707 0.695294 
1710053400.977600 11.521883 -15.532887 -0.147940 -0.002272 -0.004901 0.718840 0.695155 
1710053401.078541 11.521998 -15.432048 -0.151471 -0.006651 -0.004088 0.718381 0.695606 
1710053401.180515 11.529686 -15.328244 -0.149017 -0.009183 -0.004164 0.718014 0.695956 
1710053401.280117 11.527905 -15.253933 -0.145867 -0.006296 -0.004913 0.718089 0.695906 
1710053401.381010 11.532618 -15.181902 -0.146456 -0.005772 -0.004992 0.718635 0.695346 
1710053401.481953 11.532741 -15.080114 -0.145209 -0.007293 -0.004147 0.719256 0.694695 
1710053401.582996 11.523273 -14.978495 -0.143457 -0.006021 -0.003947 0.718705 0.695278 
1710053401.683623 11.525144 -14.905575 -0.143293 -0.005268 -0.003874 0.719301 0.694668 
1710053401.784369 11.530054 -14.810291 -0.150487 -0.002240 -0.002939 0.718686 0.695324 
1710053401.885322 11.526770 -14.698200 -0.158900 -0.007873 -0.002476 0.718944 0.695019 
1710053401.986083 11.521647 -14.608906 -0.147212 -0.007862 -0.003034 0.718226 0.695759 
1710053402.086912 11.505175 -14.537802 -0.135705 -0.006685 -0.004729 0.718289 0.695697 
1710053402.188279 11.501359 -14.441901 -0.151916 -0.010127 -0.004397 0.719452 0.694455 
1710053402.288637 11.482508 -14.352773 -0.148059 -0.007146 -0.001807 0.719075 0.694893 
1710053402.389658 11.472499 -14.267562 -0.136459 -0.005786 -0.003279 0.719113 0.694862 
1710053402.490542 11.475778 -14.178864 -0.138476 -0.004305 -0.003951 0.718665 0.695332 
1710053402.591301 11.471997 -14.061028 -0.155244 -0.008871 -0.004957 0.718948 0.694989 
1710053402.697721 11.460060 -13.949392 -0.158346 -0.007822 -0.004882 0.718490 0.695476 
1710053402.795890 11.461539 -13.880528 -0.159616 -0.005497 -0.004901 0.718834 0.695143 
1710053402.896720 11.455125 -13.779932 -0.161922 -0.008689 -0.006233 0.719483 0.694428 
1710053402.994707 11.448705 -13.676195 -0.176173 -0.007119 -0.003211 0.718986 0.694980 
1710053403.095577 11.440596 -13.588305 -0.173380 -0.007776 -0.002921 0.719143 0.694812 
1710053403.204321 11.436491 -13.518428 -0.169969 -0.007778 -0.003917 0.719175 0.694774 
1710053403.297471 11.424814 -13.428017 -0.168122 -0.007427 -0.001527 0.719178 0.694785 
1710053403.400121 11.420657 -13.315276 -0.159315 -0.013547 -0.001083 0.718720 0.695166 
1710053403.499376 11.413704 -13.245783 -0.146087 -0.011878 -0.001523 0.718370 0.695558 
1710053403.603884 11.405950 -13.165870 -0.151826 -0.009542 -0.003798 0.719389 0.694532 
1710053403.702102 11.405606 -13.080072 -0.160373 -0.011973 0.000355 0.719621 0.694264 
1710053403.807929 11.418988 -12.975850 -0.146624 -0.010498 -0.000062 0.718405 0.695546 
1710053403.902744 11.434145 -12.907230 -0.143763 -0.009645 -0.001652 0.719834 0.694077 
1710053404.003847 11.433122 -12.826826 -0.160348 -0.007594 -0.002389 0.719520 0.694426 
1710053404.104278 11.430695 -12.707198 -0.173175 -0.011025 -0.000858 0.719208 0.694707 
1710053404.205037 11.427571 -12.624002 -0.163359 -0.011028 -0.000438 0.719099 0.694820 
1710053404.308499 11.409548 -12.542678 -0.161281 -0.008439 -0.003530 0.718935 0.695017 
1710053404.415908 11.409879 -12.430371 -0.173048 -0.009118 -0.003882 0.720373 0.693516 
1710053404.509815 11.412670 -12.331356 -0.176062 -0.009190 0.001120 0.719784 0.694137 
1710053404.608581 11.403572 -12.248404 -0.169189 -0.007988 -0.002111 0.719566 0.694374 
1710053404.712012 11.395267 -12.150630 -0.176857 -0.006930 -0.003847 0.718943 0.695024 
1710053404.812333 11.376560 -12.051004 -0.185629 -0.010521 -0.003315 0.718480 0.695460 
1710053404.912635 11.352913 -11.956990 -0.176791 -0.009991 -0.001641 0.718944 0.694995 
1710053405.013695 11.343621 -11.872695 -0.174727 -0.006774 -0.003516 0.718106 0.695892 
1710053405.115871 11.347121 -11.783359 -0.165084 -0.007569 -0.004514 0.719204 0.694743 
1710053405.216354 11.351874 -11.688949 -0.166992 -0.007584 -0.001859 0.719289 0.694667 
1710053405.314892 11.359828 -11.607457 -0.162527 -0.007168 -0.001820 0.719074 0.694894 
1710053405.416202 11.364703 -11.534594 -0.161782 -0.006727 -0.003610 0.719515 0.694435 
1710053405.516120 11.356674 -11.428837 -0.164397 -0.004761 -0.000964 0.718438 0.695575 
1710053405.617001 11.348385 -11.325015 -0.162691 -0.009915 -0.000944 0.718897 0.695045 
1710053405.718093 11.340516 -11.254755 -0.149645 -0.007985 -0.003196 0.718457 0.695519 
1710053405.818809 11.332815 -11.179816 -0.138597 -0.006364 -0.004319 0.718958 0.695011 
1710053405.919835 11.317819 -11.081368 -0.160651 -0.007410 -0.002244 0.719763 0.694177 
1710053406.022138 11.329173 -10.973276 -0.160148 -0.006382 -0.002148 0.718686 0.695302 
1710053406.121296 11.335592 -10.893707 -0.151552 -0.005811 -0.003778 0.719698 0.694252 
1710053406.222121 11.342870 -10.805773 -0.159084 -0.004577 -0.004064 0.719136 0.694843 
1710053406.323020 11.345943 -10.695047 -0.165346 -0.008735 -0.004035 0.718887 0.695060 
1710053406.423942 11.333323 -10.602972 -0.155272 -0.007028 -0.002747 0.719140 0.694824 
1710053406.524837 11.325295 -10.526323 -0.147129 -0.005640 -0.003262 0.718566 0.695428 
1710053406.625569 11.318500 -10.423995 -0.149359 -0.007198 -0.005810 0.719236 0.694704 
1710053406.726443 11.310950 -10.331337 -0.153209 -0.006699 -0.000448 0.719130 0.694843 
1710053406.827564 11.307063 -10.252861 -0.140965 -0.006195 -0.001366 0.719386 0.694581 
1710053406.928397 11.299325 -10.175387 -0.147982 -0.005743 -0.003843 0.719034 0.694940 
1710053407.029144 11.300990 -10.066759 -0.148801 -0.007353 -0.003216 0.718685 0.695289 
1710053407.129872 11.291266 -9.967431 -0.151831 -0.010178 -0.003643 0.719054 0.694870 
1710053407.231902 11.274189 -9.891537 -0.151922 -0.006574 -0.003909 0.718135 0.695862 
1710053407.331588 11.273775 -9.799467 -0.152783 -0.005219 -0.005313 0.719005 0.694965 
1710053407.432537 11.264525 -9.688978 -0.152422 -0.006154 -0.003664 0.719278 0.694685 
1710053407.533389 11.253404 -9.608717 -0.152391 -0.004877 -0.004145 0.718915 0.695069 
1710053407.634213 11.244968 -9.540339 -0.152231 -0.004944 -0.005098 0.719397 0.694563 
1710053407.737098 11.230330 -9.440640 -0.153501 -0.002797 -0.003228 0.719298 0.694688 
1710053407.835930 11.236217 -9.331613 -0.149134 -0.006805 -0.002935 0.718905 0.695069 
1710053407.936825 11.242570 -9.253157 -0.134204 -0.006868 -0.004662 0.718416 0.695564 
1710053408.037590 11.246879 -9.165761 -0.131275 -0.005726 -0.005477 0.718554 0.695426 
1710053408.138623 11.245823 -9.065202 -0.147704 -0.007722 -0.004516 0.720200 0.693709 
1710053408.239606 11.242930 -8.968372 -0.150627 -0.006541 -0.002630 0.718865 0.695114 
1710053408.340321 11.243817 -8.888309 -0.140874 -0.005364 -0.004727 0.719740 0.694207 
1710053408.441025 11.236275 -8.796932 -0.148506 -0.004496 -0.004818 0.719347 0.694619 
1710053408.542057 11.224960 -8.679598 -0.157381 -0.008437 -0.005244 0.719134 0.694801 
1710053408.642869 11.205619 -8.597493 -0.160266 -0.007122 -0.004052 0.719153 0.694804 
1710053408.743610 11.199131 -8.524368 -0.153410 -0.005224 -0.004881 0.718753 0.695229 
1710053408.844494 11.193883 -8.426551 -0.140847 -0.007658 -0.005481 0.719588 0.694337 
1710053408.945494 11.191276 -8.326617 -0.145256 -0.006332 -0.002098 0.719177 0.694794 
1710053409.046515 11.186920 -8.257868 -0.137828 -0.006435 -0.002037 0.719755 0.694195 
1710053409.147295 11.187581 -8.171450 -0.145643 -0.005792 -0.003218 0.719159 0.694814 
1710053409.248133 11.183228 -8.064065 -0.138745 -0.006608 -0.002246 0.718550 0.695440 
1710053409.348890 11.179478 -7.969297 -0.137104 -0.011268 -0.001453 0.719007 0.694910 
1710053409.449624 11.171176 -7.896172 -0.135533 -0.008763 -0.001830 0.718606 0.695359 
1710053409.550477 11.159672 -7.806630 -0.142418 -0.006717 -0.003827 0.719017 0.694949 
1710053409.651517 11.151872 -7.709561 -0.144530 -0.009074 -0.001356 0.720229 0.693676 
1710053409.752404 11.151969 -7.621327 -0.128135 -0.007351 -0.002259 0.718927 0.695043 
1710053409.853269 11.141342 -7.541280 -0.121297 -0.006549 -0.003446 0.719200 0.694764 
1710053409.954148 11.140662 -7.433519 -0.136865 -0.004039 -0.002971 0.718972 0.695021 
1710053410.054807 11.148791 -7.319460 -0.146742 -0.007032 -0.003349 0.719239 0.694720 
1710053410.155741 11.145299 -7.237340 -0.137281 -0.006831 -0.004192 0.719167 0.694791 
1710053410.256518 11.148503 -7.150943 -0.144017 -0.005664 -0.006135 0.718836 0.695130 
1710053410.357514 11.143444 -7.031212 -0.150212 -0.006032 -0.005428 0.720066 0.693858 
1710053410.458374 11.139216 -6.930313 -0.146017 -0.006620 -0.001804 0.718441 0.695554 
1710053410.559591 11.123476 -6.853980 -0.136671 -0.006301 -0.004404 0.718946 0.695023 
1710053410.659933 11.111462 -6.759784 -0.148985 -0.005799 -0.006147 0.718254 0.695730 
1710053410.760937 11.106798 -6.662100 -0.149758 -0.010108 -0.005198 0.718442 0.695494 
1710053410.861845 11.112842 -6.578099 -0.143236 -0.007753 -0.003932 0.719138 0.694813 
1710053410.967983 11.113013 -6.495809 -0.145049 -0.006012 -0.006367 0.718159 0.695824 
1710053411.063435 11.108608 -6.411793 -0.135353 -0.007117 -0.008095 0.719172 0.694749 
1710053411.164277 11.117468 -6.298192 -0.136827 -0.006597 -0.004860 0.719163 0.694793 
1710053411.265355 11.119462 -6.223710 -0.136237 -0.006119 -0.005012 0.719217 0.694741 
1710053411.365988 11.103570 -6.146399 -0.136804 -0.005546 -0.006419 0.724391 0.689337 
1710053411.466972 11.085695 -6.034002 -0.157764 -0.010413 -0.011504 0.732509 0.680580 
1710053411.567664 11.058197 -5.952306 -0.146719 -0.014877 -0.015108 0.745626 0.666028 
1710053411.668609 11.038960 -5.886722 -0.137776 -0.013928 -0.017560 0.756462 0.653654 
1710053411.769592 11.021067 -5.789032 -0.131243 -0.013548 -0.021855 0.766283 0.641989 
1710053411.870303 10.993134 -5.667037 -0.129360 -0.010016 -0.013936 0.770461 0.637256 
1710053411.971168 10.968234 -5.574781 -0.106989 -0.006787 -0.007957 0.771860 0.635706 
1710053412.072193 10.966158 -5.487305 -0.107512 -0.004266 -0.006151 0.771621 0.636039 
1710053412.172977 10.943235 -5.378109 -0.136288 -0.005480 -0.003550 0.771772 0.635866 
1710053412.273691 10.931355 -5.284359 -0.145805 -0.005365 -0.004032 0.771305 0.636430 
1710053412.374635 10.917531 -5.203885 -0.135792 -0.003904 -0.004991 0.770932 0.636886 
1710053412.475410 10.902810 -5.122140 -0.155525 -0.005851 -0.009750 0.774052 0.633019 
1710053412.576298 10.891783 -5.019028 -0.142662 -0.011899 -0.011648 0.781735 0.623388 
1710053412.677131 10.860979 -4.925095 -0.146741 -0.010629 -0.013318 0.792771 0.609281 
1710053412.778098 10.823293 -4.843160 -0.146274 -0.012334 -0.017886 0.804678 0.593314 
1710053412.878908 10.790114 -4.754055 -0.127928 -0.013811 -0.018451 0.814631 0.579522 
1710053412.979974 10.745425 -4.639983 -0.133465 -0.016755 -0.020304 0.825747 0.563426 
1710053413.080764 10.709067 -4.569135 -0.123424 -0.014933 -0.021305 0.834855 0.549855 
1710053413.181884 10.667820 -4.494218 -0.124223 -0.011920 -0.021517 0.845282 0.533755 
1710053413.283368 10.625899 -4.409170 -0.130629 -0.013858 -0.020213 0.853861 0.519923 
1710053413.383165 10.581778 -4.334069 -0.125804 -0.012326 -0.017198 0.858689 0.512060 
1710053413.484216 10.544232 -4.272334 -0.116061 -0.010271 -0.014150 0.860696 0.508818 
1710053413.584856 10.508266 -4.203478 -0.116093 -0.005480 -0.008937 0.860565 0.509233 
1710053413.686046 10.460667 -4.101978 -0.145009 -0.007286 -0.006839 0.861971 0.506859 
1710053413.788341 10.410301 -4.005083 -0.149339 -0.008080 -0.007941 0.867530 0.497256 
1710053413.887445 10.366170 -3.951735 -0.139733 -0.009604 -0.013331 0.875244 0.483402 
1710053413.989834 10.322955 -3.866054 -0.142832 -0.011541 -0.018621 0.883762 0.467424 
1710053414.089147 10.280842 -3.765536 -0.140105 -0.013767 -0.016735 0.891849 0.451813 
1710053414.190007 10.253990 -3.694247 -0.131364 -0.012320 -0.015464 0.899181 0.437130 
1710053414.290896 10.212793 -3.639575 -0.125036 -0.010841 -0.017976 0.905861 0.423054 
1710053414.391778 10.131935 -3.561293 -0.123683 -0.011849 -0.014933 0.910183 0.413767 
1710053414.492805 10.052557 -3.508001 -0.133860 -0.011899 -0.013690 0.911750 0.410345 
1710053414.593441 9.989994 -3.458561 -0.137834 -0.004885 -0.008592 0.911363 0.411484 
1710053414.694330 9.920009 -3.402331 -0.134852 -0.003419 -0.007358 0.911254 0.411766 
1710053414.795303 9.834563 -3.330949 -0.143266 -0.006175 -0.007067 0.911384 0.411451 
1710053414.896019 9.752519 -3.247073 -0.142324 -0.003375 -0.006870 0.910944 0.412459 
1710053414.997275 9.694917 -3.192613 -0.136297 -0.003828 -0.006779 0.911821 0.410514 
1710053415.097861 9.642624 -3.133176 -0.136948 -0.001225 -0.004456 0.911566 0.411129 
1710053415.198831 9.576860 -3.050829 -0.133244 -0.006355 -0.005247 0.911460 0.411306 
1710053415.299660 9.519649 -2.984941 -0.130578 -0.004639 -0.005456 0.911281 0.411723 
1710053415.400395 9.459884 -2.923321 -0.131756 -0.003038 -0.006130 0.911304 0.411678 
1710053415.501551 9.404547 -2.846757 -0.147735 -0.005871 -0.003725 0.912040 0.410043 
1710053415.603159 9.332141 -2.770037 -0.142191 -0.005511 -0.002845 0.911381 0.411517 
1710053415.702933 9.276970 -2.704246 -0.127480 -0.003723 -0.004474 0.911908 0.410354 
1710053415.803877 9.211719 -2.643204 -0.134560 -0.001860 -0.004605 0.911448 0.411385 
1710053415.904678 9.140179 -2.558493 -0.142075 -0.007220 -0.006574 0.913104 0.407610 
1710053416.005676 9.059571 -2.497025 -0.132792 -0.009224 -0.010842 0.918860 0.394327 
1710053416.106321 8.998260 -2.439507 -0.124822 -0.008375 -0.018958 0.927057 0.374347 
1710053416.207259 8.919411 -2.390570 -0.124577 -0.009471 -0.025612 0.934769 0.354205 
1710053416.308170 8.840583 -2.312300 -0.124348 -0.011176 -0.022024 0.941819 0.335211 
1710053416.408901 8.791350 -2.257177 -0.118192 -0.010032 -0.021481 0.948506 0.315871 
1710053416.510914 8.747722 -2.203808 -0.119508 -0.006805 -0.024033 0.954499 0.297165 
1710053416.610772 8.669889 -2.143189 -0.112796 -0.008038 -0.021880 0.959690 0.280091 
1710053416.715498 8.580770 -2.092445 -0.124324 -0.008712 -0.024475 0.965285 0.259903 
1710053416.812626 8.507284 -2.063661 -0.123066 -0.004480 -0.023540 0.969760 0.242881 
1710053416.913471 8.433507 -2.028343 -0.119682 -0.002615 -0.023739 0.974357 0.223735 
1710053417.014471 8.339155 -1.982547 -0.131612 -0.004268 -0.024104 0.978378 0.205369 
1710053417.114985 8.240903 -1.976516 -0.113549 -0.002998 -0.021976 0.981805 0.188594 
1710053417.215917 8.164786 -1.961060 -0.107285 -0.001308 -0.019878 0.984801 0.172540 
1710053417.316643 8.065373 -1.933238 -0.116131 0.000716 -0.017676 0.987101 0.159119 
1710053417.417482 7.965523 -1.892642 -0.117659 -0.001861 -0.018786 0.989576 0.142766 
1710053417.518359 7.879827 -1.871641 -0.116152 -0.000161 -0.018489 0.991153 0.131430 
1710053417.619307 7.799256 -1.850913 -0.125920 0.001642 -0.014389 0.991696 0.127789 
1710053417.720229 7.695311 -1.838502 -0.144410 0.003405 -0.009850 0.991817 0.127242 
1710053417.821126 7.592804 -1.796090 -0.154783 0.001025 -0.006031 0.992351 0.123293 
1710053417.921915 7.512407 -1.779287 -0.125975 0.001015 -0.007916 0.993159 0.116495 
1710053418.022705 7.439190 -1.765137 -0.128210 0.002334 -0.007450 0.992878 0.118881 
1710053418.123518 7.352369 -1.730856 -0.119032 -0.003767 -0.005122 0.992830 0.119369 
1710053418.224400 7.266510 -1.730020 -0.121550 -0.001862 -0.004291 0.992841 0.119348 
1710053418.325409 7.191532 -1.714425 -0.113610 0.001140 -0.004019 0.992681 0.120698 
1710053418.426088 7.098771 -1.688568 -0.102422 0.000203 -0.004935 0.992817 0.119541 
1710053418.527203 7.001572 -1.649462 -0.098624 -0.000181 -0.002950 0.992844 0.119378 
1710053418.627819 6.919796 -1.624357 -0.082993 0.000367 -0.002216 0.992827 0.119537 
1710053418.728752 6.846750 -1.600184 -0.086228 0.001613 -0.003140 0.992916 0.118762 
1710053418.829788 6.750807 -1.566029 -0.091078 0.002576 -0.002913 0.992767 0.119992 
1710053418.931660 6.655304 -1.549568 -0.091379 -0.002559 -0.005603 0.992845 0.119248 
1710053419.031317 6.583346 -1.537217 -0.078888 -0.003236 -0.004777 0.992781 0.119801 
1710053419.137837 6.500959 -1.514677 -0.091596 -0.000721 -0.004335 0.992845 0.119332 
1710053419.233331 6.394588 -1.486346 -0.102173 -0.004604 -0.005386 0.993436 0.114171 
1710053419.333858 6.297386 -1.458617 -0.100652 -0.003539 -0.008027 0.993680 0.111911 
1710053419.434782 6.224519 -1.422717 -0.089378 -0.002977 -0.008101 0.994300 0.106272 
1710053419.535586 6.136563 -1.380692 -0.089115 -0.002091 -0.009860 0.995783 0.091188 
1710053419.636552 6.034671 -1.325683 -0.089673 -0.007175 -0.018567 0.997537 0.067254 
1710053419.737267 5.943783 -1.309139 -0.091011 -0.005346 -0.023588 0.998662 0.045711 
1710053419.838140 5.873229 -1.305170 -0.084018 -0.004822 -0.023661 0.999332 0.027414 
1710053419.939081 5.778089 -1.304920 -0.092267 -0.002802 -0.021967 0.999688 0.011565 
1710053420.039996 5.668206 -1.310317 -0.093090 -0.003821 -0.015357 0.999874 -0.000910 
1710053420.140698 5.579017 -1.308445 -0.093504 -0.003850 -0.011582 0.999905 -0.006379 
1710053420.241755 5.498882 -1.314984 -0.090527 -0.003675 -0.004733 0.999969 -0.005025 
1710053420.342675 5.405563 -1.326608 -0.094950 -0.007132 -0.001556 0.999973 -0.001069 
1710053420.443286 5.315913 -1.367478 -0.106797 -0.006935 -0.001221 0.999975 -0.001110 
1710053420.544142 5.252201 -1.368098 -0.104809 -0.006016 -0.001074 0.999981 -0.001034 
1710053420.645000 5.172533 -1.362370 -0.109011 -0.005127 -0.001797 0.999985 -0.000042 
1710053420.746020 5.056635 -1.343794 -0.113739 -0.006706 0.000294 0.999977 -0.000129 
1710053420.846817 4.964336 -1.314910 -0.104676 -0.006192 0.000664 0.999980 -0.000908 
1710053420.947780 4.887732 -1.290951 -0.099891 -0.002933 -0.000868 0.999993 -0.001961 
1710053421.048731 4.789062 -1.271311 -0.105869 -0.002364 0.003506 0.999987 -0.002899 
1710053421.152495 4.677269 -1.254119 -0.108575 -0.005056 -0.000943 0.999983 -0.002777 
1710053421.250358 4.598727 -1.244025 -0.097773 -0.004448 0.000193 0.999989 -0.001571 
1710053421.351068 4.521771 -1.225890 -0.096064 -0.002120 -0.003253 0.999992 -0.000904 
1710053421.451866 4.417653 -1.208150 -0.099328 -0.002160 0.001298 0.999994 -0.002517 
1710053421.552709 4.304682 -1.197332 -0.107058 -0.003990 0.002059 0.999988 -0.001886 
1710053421.653833 4.223335 -1.183810 -0.099018 -0.003171 0.001692 0.999992 -0.002010 
1710053421.754453 4.142872 -1.179032 -0.091339 -0.002405 0.001935 0.999990 -0.003328 
1710053421.855415 4.028316 -1.171181 -0.105944 -0.006029 0.002617 0.999977 -0.001883 
1710053421.956188 3.934196 -1.166754 -0.106424 -0.005751 0.000760 0.999981 -0.002099 
1710053422.058396 3.857503 -1.148704 -0.098113 -0.003924 0.000535 0.999992 -0.000421 
1710053422.158027 3.765684 -1.134041 -0.095418 -0.004655 -0.001794 0.999987 -0.001126 
1710053422.259544 3.663454 -1.110144 -0.099502 -0.006632 0.002477 0.999973 -0.001906 
1710053422.360123 3.581772 -1.090053 -0.100550 -0.005183 -0.000409 0.999983 -0.002460 
1710053422.464043 3.499238 -1.073711 -0.100452 -0.004796 -0.000468 0.999985 -0.002554 
1710053422.561383 3.398081 -1.059221 -0.108533 -0.004603 0.000671 0.999989 -0.001087 
1710053422.662208 3.293097 -1.052595 -0.107599 -0.007529 -0.003224 0.999963 -0.002701 
1710053422.763234 3.219490 -1.051621 -0.098469 -0.006413 -0.002307 0.999975 -0.001703 
1710053422.863994 3.140290 -1.049690 -0.102308 -0.005181 -0.002275 0.999983 -0.001140 
1710053422.965046 3.033105 -1.038128 -0.102262 -0.007405 -0.000426 0.999972 0.000266 
1710053423.066026 2.933508 -1.042630 -0.107467 -0.006796 0.001800 0.999975 -0.001203 
1710053423.166693 2.845831 -1.036745 -0.106311 -0.004455 -0.000191 0.999989 -0.001328 
1710053423.268163 2.744853 -1.033119 -0.127507 -0.001862 -0.002406 0.999995 0.000119 
1710053423.368776 2.636575 -1.027545 -0.134064 -0.003178 -0.000501 0.999995 -0.000641 
1710053423.469138 2.550955 -1.014367 -0.120101 -0.003573 -0.004865 0.999981 0.001000 
1710053423.574535 2.469767 -0.995692 -0.102617 -0.002122 -0.002116 0.999995 0.000480 
1710053423.670817 2.349546 -0.979272 -0.106244 -0.001272 0.001393 0.999998 -0.000196 
1710053423.772649 2.255194 -0.959455 -0.098267 -0.000378 0.003118 0.999994 0.001086 
1710053423.872523 2.174232 -0.946952 -0.074263 0.001736 -0.001169 0.999997 -0.000940 
1710053423.973370 2.076262 -0.930911 -0.073251 0.001993 -0.001011 0.999997 0.000353 
1710053424.077317 1.962075 -0.917482 -0.078676 0.001354 0.001985 0.999996 -0.001421 
1710053424.175063 1.885586 -0.912334 -0.067816 0.000351 -0.000535 1.000000 0.000011 
1710053424.275988 1.804155 -0.890345 -0.063233 0.004823 -0.001017 0.999988 0.000628 
1710053424.376777 1.705704 -0.866268 -0.057943 0.004677 -0.003217 0.999983 0.000952 
1710053424.478421 1.600631 -0.847432 -0.054548 0.004911 0.001278 0.999987 0.000812 
1710053424.580234 1.513016 -0.832381 -0.049540 0.008201 0.000099 0.999966 -0.000649 
1710053424.681474 1.415862 -0.821218 -0.055039 0.007400 -0.000153 0.999972 -0.001027 
1710053424.783857 1.299316 -0.815518 -0.078509 0.006363 0.000627 0.999979 -0.000595 
1710053424.881103 1.209973 -0.809556 -0.068628 0.007354 -0.002084 0.999968 -0.002254 
1710053424.984288 1.132810 -0.804591 -0.051612 0.006520 -0.002815 0.999975 -0.000697 
1710053425.083071 1.043831 -0.804579 -0.050055 0.006420 -0.001309 0.999978 -0.000619 
1710053425.185910 0.932553 -0.795867 -0.051737 0.003901 -0.001053 0.999991 -0.001347 
1710053425.291850 0.843977 -0.775668 -0.053778 0.002513 -0.001866 0.999994 -0.001597 
1710053425.385365 0.768000 -0.763128 -0.049192 0.002107 -0.002626 0.999989 -0.003410 
1710053425.486921 0.675154 -0.737263 -0.062552 -0.001933 0.000131 0.999998 -0.000005 
1710053425.587130 0.562348 -0.718792 -0.078377 -0.004501 -0.002030 0.999985 -0.002210 
1710053425.687962 0.466386 -0.711965 -0.085804 -0.003027 -0.002469 0.999992 -0.000548 
1710053425.790640 0.386954 -0.695320 -0.093646 -0.003686 -0.003301 0.999987 -0.000969 
1710053425.889729 0.283949 -0.670352 -0.103015 -0.006451 -0.004543 0.999964 -0.002992 
1710053425.990563 0.196147 -0.652941 -0.094875 -0.007948 0.002219 0.999959 -0.003726 
1710053426.091824 0.121742 -0.632315 -0.084868 -0.007340 0.000875 0.999957 -0.005580 
1710053426.192243 0.028348 -0.623397 -0.078495 -0.004446 -0.002578 0.999981 -0.003535 
1710053426.293229 -0.081315 -0.610146 -0.092783 -0.008169 0.001254 0.999957 -0.004135 
1710053426.393999 -0.167075 -0.595189 -0.088312 -0.008079 -0.003601 0.999956 -0.003031 
1710053426.495213 -0.247475 -0.590431 -0.080375 -0.006516 -0.000227 0.999976 -0.002138 
1710053426.597228 -0.330584 -0.580844 -0.085389 -0.009026 -0.007720 0.999906 -0.006802 
1710053426.696704 -0.400361 -0.578059 -0.092633 -0.008906 -0.004823 0.999943 -0.003498 
1710053426.797544 -0.437716 -0.578888 -0.082853 -0.008510 -0.004389 0.999952 -0.002231 
1710053426.898297 -0.458001 -0.580567 -0.079783 -0.006506 -0.004958 0.999957 -0.004411 
1710053426.999695 -0.461318 -0.566817 -0.084807 -0.006667 -0.006904 0.999948 -0.003529 
1710053427.100333 -0.465479 -0.559849 -0.100624 -0.005647 -0.005474 0.999958 -0.004614 
1710053427.201037 -0.466158 -0.559193 -0.116135 -0.005223 -0.003975 0.999974 -0.002837 
1710053427.301770 -0.465667 -0.554744 -0.123965 -0.005265 -0.004339 0.999968 -0.004284 
1710053427.402558 -0.468266 -0.555900 -0.118679 -0.005886 -0.002096 0.999977 -0.002501 
1710053427.503422 -0.470639 -0.537891 -0.119067 -0.003912 -0.002150 0.999985 -0.003265 
1710053427.604569 -0.469994 -0.535362 -0.118017 -0.004171 -0.000253 0.999980 -0.004769 
1710053427.705289 -0.468328 -0.530423 -0.115572 -0.003065 -0.002951 0.999966 -0.007101 
1710053427.806494 -0.469522 -0.521025 -0.115724 -0.003000 -0.002470 0.999975 -0.005917 
1710053427.906885 -0.468931 -0.523205 -0.117866 -0.003141 -0.003106 0.999978 -0.005022 
1710053428.007757 -0.470121 -0.527034 -0.113319 -0.003648 -0.002818 0.999979 -0.004500 
1710053428.108891 -0.469793 -0.524022 -0.107530 -0.004877 -0.002954 0.999969 -0.005484 
1710053428.209421 -0.474206 -0.529016 -0.108337 -0.004368 -0.003961 0.999973 -0.004389 
1710053428.310519 -0.477723 -0.528055 -0.105805 -0.004516 -0.001107 0.999979 -0.004414 
1710053428.411221 -0.481414 -0.527141 -0.111279 -0.004776 -0.001743 0.999971 -0.005747 
1710053428.512406 -0.481218 -0.531088 -0.108853 -0.004829 -0.002187 0.999971 -0.005448 
1710053428.620430 -0.482912 -0.534435 -0.112431 -0.004083 -0.004327 0.999974 -0.004018 
1710053428.713958 -0.484342 -0.532436 -0.111076 -0.003837 -0.005388 0.999969 -0.004296 
1710053428.816239 -0.485652 -0.529866 -0.114590 -0.003399 -0.004640 0.999971 -0.004991 
