1710052386.634147 0.000456 0.002889 -0.000736 -0.000141 -0.000011 0.000101 1.000000 
1710052386.735013 -0.001480 0.000461 0.005507 -0.000704 0.000136 -0.000076 1.000000 
1710052386.835957 0.011508 -0.002853 0.002824 -0.000394 0.000150 0.000270 1.000000 
1710052386.936964 0.005039 -0.000448 -0.001324 -0.000301 -0.000007 0.000192 1.000000 
1710052387.037719 0.001943 0.002591 -0.002118 -0.000108 -0.000056 0.000147 1.000000 
1710052387.138464 0.004087 0.000832 -0.000637 -0.000249 -0.000014 0.000286 1.000000 
1710052387.241242 0.002771 -0.001599 -0.001382 -0.000190 -0.000083 0.000084 1.000000 
1710052387.340363 0.002958 -0.001439 -0.001747 -0.000187 -0.000019 0.000257 1.000000 
1710052387.441116 0.004234 -0.000165 -0.002984 -0.000018 -0.000102 0.000403 1.000000 
1710052387.542090 0.003347 0.002221 -0.002004 -0.000027 -0.000096 0.000107 1.000000 
1710052387.642799 0.002325 0.002151 -0.000800 -0.000114 -0.000056 0.000154 1.000000 
1710052387.743758 0.004209 -0.000848 -0.001343 -0.000103 -0.000067 0.000262 1.000000 
1710052387.844608 0.004504 -0.000702 -0.001126 -0.000111 -0.000050 0.000168 1.000000 
1710052387.945327 0.005920 -0.000952 -0.001117 -0.000088 -0.000022 0.000169 1.000000 
1710052388.046376 0.003588 -0.000788 -0.000910 -0.000085 -0.000028 0.000219 1.000000 
1710052388.148067 0.002298 -0.001236 -0.001328 -0.000172 -0.000028 0.000192 1.000000 
1710052388.248480 0.002888 0.001089 -0.000588 -0.000201 -0.000064 0.000155 1.000000 
1710052388.348775 0.002153 0.002926 -0.001003 -0.000117 -0.000068 0.000085 1.000000 
1710052388.455827 0.003624 0.002180 -0.001240 -0.000132 -0.000028 0.000057 1.000000 
1710052388.550497 0.003047 0.001123 -0.001804 -0.000176 -0.000099 0.000132 1.000000 
1710052388.651485 0.002684 0.002747 -0.000962 -0.000157 -0.000091 0.000100 1.000000 
1710052388.752216 0.001335 0.002520 -0.000339 -0.000227 -0.000045 0.000014 1.000000 
1710052388.853101 0.001956 0.002701 -0.000091 -0.000124 0.000001 0.000232 1.000000 
1710052388.954248 0.000912 0.003234 -0.000229 -0.000220 -0.000021 0.000089 1.000000 
1710052389.054951 0.001076 0.002939 -0.000712 -0.000053 -0.000035 0.000070 1.000000 
1710052389.156303 0.001805 0.001319 -0.000409 -0.000175 -0.000047 0.000213 1.000000 
1710052389.256593 0.001877 -0.000677 -0.000382 -0.000198 -0.000033 0.000069 1.000000 
1710052389.358202 -0.000099 -0.000683 0.000300 -0.000158 -0.000016 0.000176 1.000000 
1710052389.459098 0.001350 -0.000620 -0.000927 -0.000213 -0.000063 0.000133 1.000000 
1710052389.559956 0.003045 0.000111 -0.001274 -0.000155 -0.000068 0.000133 1.000000 
1710052389.660067 0.003425 0.001010 -0.001803 -0.000123 -0.000100 0.000128 1.000000 
1710052389.760918 0.002688 -0.000783 -0.000926 -0.000150 -0.000051 0.000179 1.000000 
1710052389.861665 0.002847 -0.000961 -0.000951 -0.000290 -0.000056 0.000248 1.000000 
1710052389.962511 0.003200 0.000403 -0.001357 -0.000049 -0.000046 0.000153 1.000000 
1710052390.063672 0.001866 0.001638 -0.002091 -0.000158 -0.000094 0.000245 1.000000 
1710052390.164414 0.003860 0.002071 -0.000752 -0.000111 -0.000043 0.000073 1.000000 
1710052390.265475 0.004774 0.002491 -0.000829 -0.000202 -0.000035 0.000099 1.000000 
1710052390.365961 0.003890 0.002271 -0.002827 -0.000077 -0.000066 0.000105 1.000000 
1710052390.466810 0.003734 0.000827 -0.001708 -0.000130 -0.000049 0.000198 1.000000 
1710052390.567682 0.003436 -0.000446 -0.002566 -0.000163 -0.000082 0.000344 1.000000 
1710052390.670707 0.002130 0.000114 -0.001969 -0.000123 -0.000046 0.000203 1.000000 
1710052390.769399 0.001676 0.001507 -0.001478 -0.000206 -0.000026 0.000217 1.000000 
1710052390.870510 0.002305 0.004164 -0.002195 -0.000110 -0.000080 0.000051 1.000000 
1710052390.971100 0.001750 0.003505 -0.002571 -0.000116 -0.000097 0.000232 1.000000 
1710052391.072128 0.003790 0.000639 -0.001936 -0.000121 -0.000092 0.000270 1.000000 
1710052391.173106 0.004405 0.000287 -0.002070 -0.000080 -0.000098 0.000174 1.000000 
1710052391.273704 0.005983 0.000086 -0.000600 -0.000155 -0.000077 0.000175 1.000000 
1710052391.374782 0.003945 0.001317 -0.001693 -0.000134 -0.000092 0.000173 1.000000 
1710052391.476226 0.005425 -0.000171 -0.001138 -0.000139 -0.000067 0.000288 1.000000 
1710052391.576438 0.005773 -0.000422 -0.000457 -0.000166 -0.000081 0.000256 1.000000 
1710052391.677223 0.005983 -0.000626 -0.001143 -0.000165 -0.000064 0.000208 1.000000 
1710052391.778183 0.005858 -0.000462 -0.000724 -0.000231 -0.000085 0.000245 1.000000 
1710052391.879019 0.004711 -0.000611 -0.000659 -0.000178 -0.000064 0.000323 1.000000 
1710052391.979753 0.002675 -0.000283 -0.002171 -0.000158 -0.000073 0.000245 1.000000 
1710052392.080645 0.003310 -0.000458 -0.001591 -0.000194 -0.000092 0.000327 1.000000 
1710052392.181814 0.003063 0.000607 -0.000902 -0.000181 -0.000076 0.000174 1.000000 
1710052392.282298 0.007279 -0.005386 -0.000122 -0.000206 -0.000050 0.000016 1.000000 
1710052392.383168 0.021667 -0.004063 -0.001555 -0.000327 -0.000155 0.000122 1.000000 
1710052392.483985 0.001384 -0.007087 0.011299 -0.001563 -0.000739 -0.001465 0.999997 
1710052392.584849 0.035643 0.026073 -0.034347 0.008646 0.005567 0.002378 0.999944 
1710052392.686092 0.031116 0.009077 -0.034127 0.002622 0.000336 0.001241 0.999996 
1710052392.786567 0.044657 0.013479 -0.021293 0.001933 -0.000696 0.000024 0.999998 
1710052392.887595 0.086173 0.010247 -0.018407 0.001184 -0.003983 0.000164 0.999991 
1710052392.988270 0.168790 -0.017100 -0.039217 0.002341 -0.001035 -0.000945 0.999996 
1710052393.089401 0.236845 -0.034875 -0.024412 0.004463 -0.000602 0.000149 0.999990 
1710052393.190003 0.307584 -0.046189 -0.005074 0.002654 -0.000690 -0.000137 0.999996 
1710052393.291022 0.398951 -0.045136 -0.015278 0.002642 -0.001370 0.000660 0.999995 
1710052393.392092 0.521335 -0.042094 -0.025071 0.000918 -0.001297 0.000141 0.999999 
1710052393.492870 0.611211 -0.041780 -0.025649 0.000838 -0.001248 0.000655 0.999999 
1710052393.593510 0.697589 -0.033649 -0.016723 0.001575 -0.001464 -0.000353 0.999998 
1710052393.696808 0.808494 -0.023668 -0.020486 -0.000161 -0.001915 0.000994 0.999998 
1710052393.795154 0.913538 -0.022154 -0.033745 0.002042 -0.001213 0.000384 0.999997 
1710052393.896017 1.002952 -0.021337 -0.028947 0.001750 -0.001501 0.001292 0.999997 
1710052393.997035 1.089110 -0.020275 -0.027968 0.001735 -0.001544 0.000999 0.999997 
1710052394.097841 1.205276 -0.012632 -0.026612 0.003384 -0.000815 0.001191 0.999993 
1710052394.198734 1.304270 -0.014990 -0.030175 0.000310 0.000148 0.000655 1.000000 
1710052394.299500 1.385821 -0.008989 -0.028398 0.000621 -0.001577 -0.000256 0.999999 
1710052394.400329 1.483930 -0.004823 -0.029145 0.000662 -0.002119 0.000600 0.999997 
1710052394.501188 1.591326 0.005406 -0.042395 0.001146 0.000101 0.001021 0.999999 
1710052394.603062 1.686288 0.005462 -0.029462 0.002493 -0.001060 0.000646 0.999996 
1710052394.702986 1.772391 0.009138 -0.031690 0.002101 -0.001653 0.001560 0.999995 
1710052394.803929 1.882521 0.010855 -0.038394 0.001948 -0.002843 0.000652 0.999994 
1710052394.904668 2.000800 0.022937 -0.055900 0.001378 -0.000562 0.001072 0.999998 
1710052395.005539 2.079171 0.032639 -0.049218 0.001352 -0.000901 -0.000109 0.999999 
1710052395.106447 2.166942 0.048869 -0.039668 0.000648 -0.002940 -0.000442 0.999995 
1710052395.207182 2.281561 0.058009 -0.052342 -0.006256 0.000388 0.000281 0.999980 
1710052395.308121 2.379711 0.069972 -0.055922 0.000869 -0.000525 -0.000303 0.999999 
1710052395.409045 2.457799 0.087444 -0.049705 0.001819 -0.002011 0.001395 0.999995 
1710052395.509853 2.557424 0.108533 -0.046203 0.002669 -0.003591 0.000943 0.999990 
1710052395.611010 2.672615 0.136231 -0.056498 -0.000420 -0.000758 0.000177 1.000000 
1710052395.711489 2.756270 0.150801 -0.046656 -0.001475 -0.000878 0.000035 0.999999 
1710052395.812364 2.832283 0.173731 -0.040693 0.000898 -0.002514 -0.000421 0.999996 
1710052395.913214 2.932592 0.196017 -0.029621 -0.000382 -0.003469 0.000708 0.999994 
1710052396.014188 3.034209 0.218045 -0.036889 -0.001599 -0.000660 -0.000730 0.999998 
1710052396.115039 3.107397 0.231599 -0.033233 0.000963 -0.002315 0.000992 0.999996 
1710052396.217924 3.190520 0.249618 -0.038388 0.002616 -0.003924 0.001028 0.999988 
1710052396.316659 3.307413 0.286418 -0.034860 0.001194 -0.003672 0.001810 0.999991 
1710052396.417536 3.403915 0.301853 -0.030238 -0.001550 -0.001108 0.000182 0.999998 
1710052396.518412 3.477779 0.319734 -0.021072 -0.000367 -0.003151 -0.000059 0.999995 
1710052396.619418 3.564254 0.341952 -0.017203 0.000517 -0.004855 -0.000637 0.999988 
1710052396.720104 3.674471 0.371576 -0.014746 -0.001038 -0.002097 0.000251 0.999997 
1710052396.820963 3.764817 0.386568 -0.007750 0.000068 -0.003217 -0.000314 0.999995 
1710052396.921795 3.843881 0.401863 -0.003666 0.001610 -0.004350 0.001145 0.999989 
1710052397.022655 3.940156 0.413119 -0.014418 0.002041 -0.005456 0.001707 0.999982 
1710052397.123570 4.047370 0.431569 -0.008078 -0.000432 -0.003769 0.000605 0.999993 
1710052397.224397 4.130039 0.446636 0.002283 0.000097 -0.003954 0.000217 0.999992 
1710052397.325400 4.221627 0.459799 -0.006906 0.001242 -0.005911 -0.000375 0.999982 
1710052397.426245 4.325594 0.477473 -0.014998 -0.001160 -0.003534 0.000593 0.999993 
1710052397.527172 4.401555 0.494248 -0.019211 0.000509 -0.001105 -0.000497 0.999999 
1710052397.628814 4.484477 0.505477 -0.010102 0.001767 -0.003499 0.000911 0.999992 
1710052397.731888 4.580835 0.520826 -0.014453 0.002817 -0.004866 0.000638 0.999984 
1710052397.831897 4.690131 0.541615 -0.018298 0.000563 -0.002675 0.001142 0.999996 
1710052397.930413 4.777196 0.551999 -0.016595 -0.000610 -0.001264 0.000160 0.999999 
1710052398.031261 4.853884 0.566979 -0.007546 0.000702 -0.004053 -0.000660 0.999991 
1710052398.132352 4.955727 0.585461 -0.001241 -0.001902 -0.002741 -0.000113 0.999994 
1710052398.234161 5.055583 0.611404 -0.005828 -0.000922 -0.000942 -0.001263 0.999998 
1710052398.333819 5.136283 0.619014 -0.000409 0.000860 -0.001878 0.000605 0.999998 
1710052398.437016 5.225560 0.632930 -0.006077 0.003000 -0.003960 0.001002 0.999987 
1710052398.535548 5.335168 0.648692 -0.009836 0.000931 -0.004510 0.001331 0.999989 
1710052398.636694 5.440486 0.669437 -0.020899 -0.000353 -0.001377 0.000732 0.999999 
1710052398.737276 5.524316 0.691300 -0.013915 0.001488 -0.003587 0.000097 0.999992 
1710052398.838358 5.618454 0.705989 -0.025997 -0.002124 -0.003902 -0.000986 0.999990 
1710052398.939367 5.728267 0.733758 -0.032346 -0.000452 0.000366 0.000128 1.000000 
1710052399.044214 5.813317 0.741628 -0.031706 0.000900 -0.000511 0.000085 0.999999 
1710052399.141641 5.898319 0.757586 -0.030037 0.002351 -0.002485 0.000815 0.999994 
1710052399.242796 5.994613 0.765840 -0.034345 0.001905 -0.001375 0.000284 0.999997 
1710052399.342504 6.099723 0.781983 -0.042680 0.001060 0.000317 0.000138 0.999999 
1710052399.443600 6.190610 0.798035 -0.038702 0.001258 -0.000868 -0.000205 0.999999 
1710052399.544127 6.274868 0.805441 -0.040368 0.000129 -0.001126 -0.000421 0.999999 
1710052399.644981 6.375318 0.814064 -0.023200 -0.000398 0.000088 0.000266 1.000000 
1710052399.745993 6.473872 0.800519 -0.029283 0.002153 0.003181 0.000149 0.999993 
1710052399.846810 6.553794 0.791256 -0.029864 0.002148 0.001129 0.001113 0.999996 
1710052399.947603 6.656056 0.789738 -0.042316 0.003311 -0.001767 0.000489 0.999993 
1710052400.048522 6.767313 0.794840 -0.040496 0.003049 0.002200 0.000131 0.999993 
1710052400.149886 6.859029 0.813221 -0.043052 0.002883 0.000752 0.000341 0.999996 
1710052400.250185 6.937530 0.823060 -0.033936 0.002454 -0.000910 -0.000812 0.999996 
1710052400.351026 7.029327 0.818699 -0.041431 -0.001592 -0.000249 -0.000107 0.999999 
1710052400.451850 7.140361 0.822804 -0.034160 0.002890 -0.001052 -0.000077 0.999995 
1710052400.552720 7.219448 0.818707 -0.019643 0.001780 -0.001800 0.001223 0.999996 
1710052400.653771 7.299697 0.831775 -0.019833 0.001826 -0.002525 0.001673 0.999994 
1710052400.754446 7.410013 0.842893 -0.034262 -0.001750 -0.000784 0.001358 0.999997 
1710052400.855452 7.518182 0.869255 -0.037209 -0.001551 -0.001509 0.001085 0.999997 
1710052400.956165 7.598965 0.896620 -0.026997 0.000131 -0.001631 0.000174 0.999999 
1710052401.057143 7.689572 0.919651 -0.045602 -0.000325 -0.000831 0.001081 0.999999 
1710052401.158007 7.802738 0.947365 -0.053783 -0.000190 0.003062 -0.000017 0.999995 
1710052401.258744 7.888172 0.965141 -0.048259 -0.000432 0.001651 0.000733 0.999998 
1710052401.359977 7.958921 0.980441 -0.035479 0.001749 0.001226 0.000697 0.999997 
1710052401.460589 8.060800 0.987790 -0.042820 0.004534 0.002564 0.000229 0.999986 
1710052401.561547 8.154767 0.996563 -0.041039 0.000604 0.005789 0.000674 0.999983 
1710052401.662176 8.236808 0.991077 -0.033328 0.000299 0.004456 -0.000099 0.999990 
1710052401.763038 8.320333 0.992299 -0.029916 0.001803 0.002918 0.000588 0.999994 
1710052401.863884 8.414804 0.999330 -0.032833 0.003977 0.006896 0.000931 0.999968 
1710052401.965047 8.510521 1.004781 -0.015748 0.003916 0.004306 0.000429 0.999983 
1710052402.065611 8.590562 0.997381 -0.010373 0.002415 0.001693 0.001257 0.999995 
1710052402.166879 8.689313 0.991727 -0.021818 0.005320 0.001321 0.000418 0.999985 
1710052402.267325 8.798504 0.988229 -0.037284 0.004166 0.002869 0.000309 0.999987 
1710052402.368192 8.895410 0.985467 -0.024883 0.002871 0.002244 0.000870 0.999993 
1710052402.469076 8.967655 0.995701 -0.007730 0.002777 0.000306 0.000119 0.999996 
1710052402.569894 9.058421 1.004075 -0.019801 0.000551 -0.002120 0.002044 0.999996 
1710052402.670813 9.152791 1.001775 -0.018651 0.001675 -0.005592 0.000367 0.999983 
1710052402.771732 9.228580 1.010845 0.005287 0.003140 -0.012109 0.001465 0.999921 
1710052402.872508 9.308653 1.018621 0.009525 0.002501 -0.015661 0.000940 0.999874 
1710052402.973529 9.407560 1.020701 0.001780 0.000646 -0.013492 0.001298 0.999908 
1710052403.074306 9.497732 1.038113 0.000321 0.000667 -0.015592 0.000882 0.999878 
1710052403.175433 9.575965 1.042618 0.009843 0.002370 -0.016737 0.000232 0.999857 
1710052403.276238 9.668047 1.035548 0.015373 0.002500 -0.019068 0.001097 0.999814 
1710052403.376884 9.773934 1.020375 0.015651 0.007472 -0.017076 0.000655 0.999826 
1710052403.477713 9.862241 1.006089 0.016721 0.005849 -0.016426 0.000327 0.999848 
1710052403.578676 9.939290 0.996479 0.021813 0.003943 -0.017797 0.001160 0.999833 
1710052403.682746 10.035936 1.002230 0.014973 0.006692 -0.017716 0.000998 0.999820 
1710052403.780621 10.152621 1.013436 0.008154 0.004671 -0.015179 0.001094 0.999873 
1710052403.881512 10.235094 1.013316 0.018312 0.003264 -0.015562 0.000343 0.999874 
1710052403.981999 10.319695 1.028798 0.024642 0.002299 -0.016693 -0.000015 0.999858 
1710052404.082788 10.419596 1.028412 0.007422 -0.000630 -0.012605 0.001901 0.999919 
1710052404.183820 10.522344 1.033477 0.014156 0.001805 -0.012295 0.000374 0.999923 
1710052404.284536 10.603492 1.036564 0.030819 0.001651 -0.012912 0.001869 0.999914 
1710052404.388326 10.687665 1.043204 0.031515 0.002961 -0.013950 0.001655 0.999897 
1710052404.491825 10.793584 1.050731 0.021400 0.000952 -0.010139 0.000753 0.999948 
1710052404.587170 10.872817 1.054100 0.030596 0.001010 -0.009840 0.000879 0.999951 
1710052404.687941 10.952452 1.060856 0.038863 0.002062 -0.010730 0.000491 0.999940 
1710052404.794552 11.057565 1.075646 0.034107 -0.000618 -0.009747 0.001532 0.999951 
1710052404.889674 11.161642 1.081263 0.026612 0.001494 -0.006965 0.000395 0.999975 
1710052404.991481 11.240811 1.089182 0.040359 0.002045 -0.009159 0.001013 0.999955 
1710052405.091437 11.316937 1.091825 0.045143 0.002167 -0.010023 0.001358 0.999946 
1710052405.195381 11.427829 1.101855 0.038516 0.004045 -0.009056 0.000840 0.999950 
1710052405.294704 11.533544 1.104151 0.036341 0.001537 -0.007785 0.000955 0.999968 
1710052405.394149 11.608320 1.102947 0.048445 0.001333 -0.008732 -0.000037 0.999961 
1710052405.494839 11.697590 1.109704 0.053583 0.001314 -0.009862 0.000529 0.999950 
1710052405.595803 11.798284 1.110598 0.047143 0.001614 -0.007680 0.001309 0.999968 
1710052405.696534 11.885663 1.112455 0.063800 0.003953 -0.008069 0.000958 0.999959 
1710052405.797394 11.964252 1.113516 0.066481 0.002191 -0.008744 0.001575 0.999958 
1710052405.898280 12.057174 1.122141 0.063848 0.002700 -0.009840 0.000965 0.999947 
1710052405.999202 12.171263 1.138533 0.046674 0.002573 -0.007401 0.000879 0.999969 
1710052406.100275 12.258668 1.149271 0.045159 0.003571 -0.007986 0.000553 0.999962 
1710052406.204007 12.338427 1.148900 0.051474 0.003478 -0.009101 0.000184 0.999953 
1710052406.303847 12.430609 1.142728 0.033640 0.000977 -0.007266 0.001714 0.999972 
1710052406.407917 12.526113 1.129810 0.039802 0.003340 -0.006215 0.000450 0.999975 
1710052406.505264 12.598822 1.134421 0.063953 0.004284 -0.007934 0.001756 0.999958 
1710052406.607993 12.687561 1.136800 0.064895 0.003398 -0.009328 0.000992 0.999950 
1710052406.705124 12.791322 1.145683 0.062005 0.002597 -0.005228 0.000467 0.999983 
1710052406.807855 12.882022 1.153022 0.067668 0.001596 -0.006872 0.000971 0.999975 
1710052406.906861 12.956956 1.162637 0.073729 0.002752 -0.009402 -0.000114 0.999952 
1710052407.007813 13.049592 1.165038 0.087408 0.000865 -0.008688 0.001187 0.999961 
1710052407.110063 13.155144 1.165633 0.090736 0.002387 -0.007045 0.000641 0.999972 
1710052407.209883 13.243562 1.161248 0.097755 0.002755 -0.007220 0.000796 0.999970 
1710052407.310585 13.317421 1.168111 0.090748 0.002484 -0.009145 0.001319 0.999954 
1710052407.411176 13.415617 1.177903 0.084190 0.003789 -0.009047 0.000913 0.999951 
1710052407.513359 13.525636 1.190262 0.068349 0.003628 -0.006207 0.001187 0.999973 
1710052407.615996 13.601925 1.195851 0.079878 0.002834 -0.008023 0.000011 0.999964 
1710052407.713916 13.686191 1.197772 0.090943 0.002729 -0.009504 0.000291 0.999951 
1710052407.814570 13.795483 1.201562 0.070270 0.000681 -0.007175 0.001393 0.999973 
1710052407.915434 13.883037 1.212108 0.083222 0.003843 -0.007179 0.000430 0.999967 
1710052408.016315 13.958266 1.215475 0.099571 0.003443 -0.008686 0.001664 0.999955 
1710052408.120189 14.049093 1.212099 0.100377 0.003696 -0.009642 0.000905 0.999946 
1710052408.220113 14.156969 1.214739 0.087793 0.001937 -0.007531 0.000770 0.999969 
1710052408.318866 14.245944 1.223719 0.091950 0.002422 -0.007905 0.000461 0.999966 
1710052408.419756 14.320948 1.226452 0.098888 0.002935 -0.009813 0.000127 0.999948 
1710052408.520635 14.421478 1.222833 0.108540 0.001188 -0.007746 0.001053 0.999969 
1710052408.621649 14.525941 1.215543 0.094236 0.001975 -0.006896 0.000309 0.999974 
1710052408.722292 14.609434 1.216175 0.099951 0.003000 -0.008382 0.001308 0.999960 
1710052408.823364 14.692835 1.222305 0.100552 0.003210 -0.009246 0.000966 0.999952 
1710052408.924016 14.800010 1.236160 0.105068 0.003932 -0.007508 0.000497 0.999964 
1710052409.024901 14.887861 1.248030 0.098245 0.001813 -0.006251 0.000680 0.999979 
1710052409.125872 14.964339 1.252335 0.101616 0.001881 -0.008785 -0.000502 0.999960 
1710052409.226779 15.049238 1.257685 0.109189 0.002747 -0.009049 0.000785 0.999955 
1710052409.327703 15.150216 1.258972 0.111762 0.003529 -0.006257 0.001325 0.999973 
1710052409.428617 15.233948 1.248777 0.119853 0.003391 -0.008672 0.000669 0.999956 
1710052409.530433 15.312710 1.253149 0.121967 0.002730 -0.009040 0.001348 0.999955 
1710052409.632688 15.421934 1.256388 0.129352 0.002170 -0.009894 0.000951 0.999948 
1710052409.732275 15.532274 1.265058 0.125306 0.002789 -0.007177 0.000615 0.999970 
1710052409.831956 15.613124 1.277423 0.129885 0.002792 -0.008953 0.000354 0.999956 
1710052409.932758 15.692412 1.281493 0.122960 0.000710 -0.011575 -0.000084 0.999933 
1710052410.033485 15.800283 1.293526 0.120063 0.001580 -0.008688 0.001154 0.999960 
1710052410.134633 15.886719 1.296021 0.124699 0.003222 -0.008624 -0.000233 0.999958 
1710052410.235248 15.964408 1.297248 0.137456 0.003178 -0.009933 0.001137 0.999945 
1710052410.336090 16.063174 1.295710 0.142792 0.003490 -0.009903 0.000059 0.999945 
1710052410.436906 16.167014 1.303989 0.137605 0.001954 -0.007576 0.000055 0.999969 
1710052410.537831 16.261665 1.313368 0.140140 0.002847 -0.008192 -0.000447 0.999962 
1710052410.638786 16.335037 1.313908 0.139181 0.002763 -0.009381 -0.000623 0.999952 
1710052410.739526 16.433534 1.312619 0.149789 0.002809 -0.007543 0.000268 0.999968 
1710052410.840528 16.542836 1.305520 0.150187 0.003028 -0.006492 -0.000421 0.999974 
1710052410.941449 16.626244 1.295234 0.151814 0.002812 -0.007129 0.000466 0.999971 
1710052411.042535 16.713783 1.299463 0.147551 0.003572 -0.009329 -0.000056 0.999950 
1710052411.143119 16.815407 1.304130 0.147139 0.003102 -0.007180 -0.000564 0.999969 
1710052411.244032 16.912283 1.315835 0.150749 0.003087 -0.005484 -0.000058 0.999980 
1710052411.344877 16.994125 1.317062 0.154403 0.002791 -0.008559 -0.000452 0.999959 
1710052411.445579 17.085992 1.321674 0.149718 0.001655 -0.009133 0.000369 0.999957 
1710052411.546522 17.199520 1.324946 0.156113 0.004169 -0.007139 0.000284 0.999966 
1710052411.647913 17.280185 1.316583 0.173072 0.003479 -0.007683 0.000925 0.999964 
1710052411.748074 17.358772 1.315685 0.175447 0.003076 -0.008641 0.000521 0.999958 
1710052411.848991 17.468721 1.316382 0.165454 0.001672 -0.008552 -0.000187 0.999962 
1710052411.949851 17.573856 1.310525 0.166866 0.002768 -0.007591 0.000322 0.999967 
1710052412.050725 17.654235 1.316839 0.175464 0.003005 -0.008758 -0.000452 0.999957 
1710052412.151590 17.742106 1.314994 0.172849 0.001918 -0.009062 0.000534 0.999957 
1710052412.253518 17.854510 1.319561 0.171272 0.002680 -0.007495 0.000471 0.999968 
1710052412.353221 17.939489 1.323936 0.172871 0.003216 -0.008091 0.000505 0.999962 
1710052412.454108 18.024198 1.323823 0.177521 0.002761 -0.009047 0.000565 0.999955 
1710052412.554954 18.125334 1.325767 0.171796 0.004314 -0.007201 -0.000002 0.999965 
1710052412.655814 18.233810 1.325441 0.163813 0.003047 -0.007217 0.000470 0.999969 
1710052412.756842 18.312920 1.324024 0.180737 0.002324 -0.008130 -0.000279 0.999964 
1710052412.857660 18.396031 1.327914 0.184899 0.002631 -0.008912 0.000157 0.999957 
1710052412.958406 18.494703 1.326940 0.186587 0.002899 -0.007279 0.000911 0.999969 
1710052413.059658 18.591740 1.329797 0.199225 0.003539 -0.006836 0.000374 0.999970 
1710052413.160151 18.666792 1.326710 0.198392 0.002434 -0.007812 0.001219 0.999966 
1710052413.261162 18.756476 1.326781 0.191834 0.003320 -0.007914 0.000396 0.999963 
1710052413.361882 18.862505 1.340051 0.179351 0.003424 -0.005527 -0.000250 0.999979 
1710052413.464020 18.950364 1.347084 0.181464 0.003931 -0.006317 -0.000028 0.999972 
1710052413.563547 19.027345 1.351683 0.188883 0.003705 -0.007932 -0.000450 0.999962 
1710052413.664445 19.133009 1.348613 0.169911 0.001260 -0.007287 0.000633 0.999972 
1710052413.765279 19.237305 1.338570 0.177101 0.004100 -0.006402 -0.000058 0.999971 
1710052413.866145 19.314796 1.335704 0.203876 0.003904 -0.006878 0.000796 0.999968 
1710052413.967015 19.399924 1.331517 0.214046 0.002453 -0.008369 0.000474 0.999962 
1710052414.067942 19.504410 1.335935 0.196329 0.002545 -0.006035 -0.000148 0.999979 
1710052414.168737 19.593050 1.341213 0.202107 0.002246 -0.006799 0.000190 0.999974 
1710052414.269779 19.670314 1.350649 0.218974 0.002469 -0.008168 -0.000600 0.999963 
1710052414.370395 19.757179 1.362000 0.219995 0.001615 -0.009051 0.000630 0.999958 
1710052414.471271 19.856493 1.353421 0.218270 0.002683 -0.006502 0.000106 0.999975 
1710052414.572172 19.948240 1.348570 0.220250 0.002649 -0.007438 0.000210 0.999969 
1710052414.672987 20.027839 1.361071 0.226400 0.002559 -0.008344 0.003707 0.999955 
1710052414.774338 20.135611 1.395511 0.219370 0.000036 -0.008294 0.014762 0.999857 
1710052414.874771 20.255561 1.435302 0.231822 -0.010993 -0.006504 0.031313 0.999428 
1710052414.975714 20.325774 1.445256 0.244645 -0.014214 -0.009052 0.047933 0.998708 
1710052415.076616 20.399018 1.442530 0.243520 -0.014481 -0.012142 0.060876 0.997966 
1710052415.177293 20.497573 1.424076 0.222876 -0.010161 -0.010295 0.066201 0.997701 
1710052415.278552 20.592898 1.419223 0.236435 -0.000294 -0.010901 0.065901 0.997767 
1710052415.379084 20.664824 1.419271 0.246223 0.001782 -0.009313 0.067057 0.997704 
1710052415.480579 20.759961 1.433267 0.243295 0.003494 -0.011077 0.066434 0.997723 
1710052415.580721 20.862420 1.452970 0.232558 0.001678 -0.007734 0.066268 0.997770 
1710052415.681571 20.947867 1.475036 0.241100 0.002300 -0.008755 0.066211 0.997765 
1710052415.782437 21.022090 1.493829 0.251910 0.002671 -0.008801 0.065507 0.997810 
1710052415.883370 21.119156 1.509633 0.241741 0.000517 -0.008488 0.066862 0.997726 
1710052415.984181 21.232661 1.530053 0.237784 0.000293 -0.005811 0.070683 0.997482 
1710052416.085141 21.320955 1.568253 0.259959 -0.003230 -0.009163 0.084825 0.996349 
1710052416.185962 21.409144 1.600020 0.262451 -0.010260 -0.011373 0.103539 0.994507 
1710052416.286816 21.515570 1.626056 0.255367 -0.012438 -0.009325 0.121531 0.992466 
1710052416.389348 21.606927 1.633818 0.263920 -0.016823 -0.011600 0.139648 0.989990 
1710052416.495742 21.683433 1.648559 0.270224 -0.015495 -0.014782 0.153736 0.987880 
1710052416.591232 21.761110 1.656046 0.260592 -0.015126 -0.015106 0.166935 0.985736 
1710052416.690169 21.854380 1.679137 0.250967 -0.006691 -0.013611 0.170119 0.985307 
1710052416.791682 21.943263 1.709316 0.266215 -0.002455 -0.012910 0.174278 0.984609 
1710052416.891925 22.021224 1.755023 0.278312 -0.003259 -0.013781 0.186929 0.982271 
1710052416.992934 22.112446 1.815142 0.277489 -0.006838 -0.016486 0.202934 0.979030 
1710052417.093828 22.211491 1.881740 0.282090 -0.014260 -0.014438 0.221892 0.974860 
1710052417.194568 22.281718 1.911433 0.295336 -0.016335 -0.016322 0.237856 0.971026 
1710052417.295632 22.347210 1.956024 0.301231 -0.017190 -0.018388 0.252833 0.967183 
1710052417.396291 22.436031 2.009021 0.277386 -0.018180 -0.016563 0.268887 0.962858 
1710052417.497199 22.515512 2.060472 0.283299 -0.015051 -0.017358 0.284772 0.958320 
1710052417.597951 22.575741 2.103873 0.298527 -0.012334 -0.018731 0.302478 0.952892 
1710052417.698762 22.649158 2.151987 0.289729 -0.011348 -0.019846 0.317253 0.948065 
1710052417.799611 22.732684 2.225175 0.297812 -0.014399 -0.017232 0.331723 0.943110 
1710052417.901978 22.797593 2.280821 0.300016 -0.014917 -0.018904 0.348115 0.937142 
1710052418.001352 22.850498 2.334272 0.315273 -0.013785 -0.019383 0.363250 0.931388 
1710052418.102318 22.915789 2.408827 0.308681 -0.016745 -0.020888 0.380356 0.924453 
1710052418.203110 22.987780 2.479170 0.305802 -0.014115 -0.018308 0.395650 0.918110 
1710052418.305766 23.043465 2.536748 0.307971 -0.013472 -0.020093 0.412641 0.910573 
1710052418.404774 23.091534 2.598636 0.313407 -0.013940 -0.021689 0.427430 0.903680 
1710052418.505646 23.154178 2.690439 0.320313 -0.012197 -0.019135 0.441205 0.897120 
1710052418.606690 23.215780 2.771140 0.318586 -0.015917 -0.017595 0.456314 0.889502 
1710052418.707612 23.252876 2.835974 0.320746 -0.014552 -0.020246 0.470978 0.881792 
1710052418.808484 23.293084 2.922761 0.323845 -0.015064 -0.022343 0.486906 0.873039 
1710052418.909292 23.348858 3.015460 0.312907 -0.015748 -0.020072 0.500736 0.865224 
1710052419.010355 23.397351 3.086926 0.332744 -0.014685 -0.019554 0.516171 0.856136 
1710052419.111217 23.424520 3.157909 0.340212 -0.015119 -0.020327 0.531910 0.846422 
1710052419.211848 23.457435 3.250522 0.320221 -0.013316 -0.020765 0.544378 0.838477 
1710052419.313035 23.504931 3.364942 0.317848 -0.016566 -0.020140 0.557539 0.829741 
1710052419.414487 23.527219 3.442948 0.322969 -0.015723 -0.020655 0.571529 0.820171 
1710052419.514213 23.543400 3.522149 0.329292 -0.015763 -0.020978 0.584887 0.810690 
1710052419.615207 23.569884 3.623975 0.328078 -0.016547 -0.020561 0.598462 0.800716 
1710052419.717247 23.599038 3.725465 0.317267 -0.016602 -0.018340 0.610064 0.791966 
1710052419.816788 23.620054 3.796511 0.331023 -0.016168 -0.019292 0.623501 0.781417 
1710052419.917840 23.622691 3.871011 0.342430 -0.015211 -0.018136 0.635469 0.771764 
1710052420.018786 23.623296 3.963888 0.341235 -0.016360 -0.014909 0.641862 0.766501 
1710052420.119521 23.627812 4.032066 0.317244 -0.014566 -0.013535 0.645385 0.763599 
1710052420.220308 23.623421 4.103122 0.310040 -0.007725 -0.011092 0.643237 0.765548 
1710052420.321158 23.625055 4.209916 0.326073 -0.007331 -0.011533 0.644544 0.764445 
1710052420.421964 23.640334 4.305845 0.331517 -0.007162 -0.009203 0.644897 0.764180 
1710052420.522819 23.673562 4.398034 0.340952 -0.005886 -0.008521 0.644475 0.764555 
1710052420.623664 23.688068 4.466503 0.334039 -0.006410 -0.010695 0.645015 0.764068 
1710052420.724797 23.722952 4.572300 0.339879 -0.005582 -0.009651 0.644362 0.764640 
1710052420.825418 23.731375 4.667014 0.355256 -0.008502 -0.008703 0.644523 0.764488 
1710052420.926582 23.741897 4.740458 0.366190 -0.005892 -0.010645 0.644083 0.764859 
1710052421.027284 23.767366 4.833370 0.355309 -0.004714 -0.013491 0.644281 0.764656 
1710052421.128111 23.789399 4.936477 0.339657 -0.004270 -0.011644 0.645160 0.763946 
1710052421.229260 23.802331 5.022572 0.350111 -0.003431 -0.011628 0.644341 0.764643 
1710052421.330716 23.808558 5.100370 0.357052 -0.001507 -0.015105 0.645519 0.763593 
1710052421.430643 23.838774 5.213031 0.343576 -0.001873 -0.021008 0.650629 0.759103 
1710052421.531463 23.863796 5.347342 0.346926 -0.011157 -0.024102 0.660979 0.749934 
1710052421.632365 23.860984 5.433120 0.370476 -0.013604 -0.027504 0.674442 0.737690 
1710052421.733121 23.856586 5.496434 0.382251 -0.012770 -0.027321 0.683222 0.729587 
1710052421.833999 23.846321 5.590677 0.401214 -0.007831 -0.022293 0.686678 0.726577 
1710052421.935177 23.861183 5.683194 0.397203 -0.004251 -0.017303 0.686411 0.726996 
1710052422.035726 23.864140 5.760835 0.397252 -0.002311 -0.015111 0.686471 0.726997 
1710052422.136590 23.857655 5.848175 0.391168 0.000024 -0.014685 0.686469 0.727011 
1710052422.237488 23.866892 5.956392 0.393634 -0.002328 -0.013866 0.685843 0.727614 
1710052422.338424 23.866438 6.048042 0.388521 -0.004634 -0.013345 0.685683 0.727763 
1710052422.439132 23.866595 6.126717 0.390329 -0.002669 -0.015148 0.685432 0.727974 
1710052422.540038 23.867445 6.219346 0.390228 -0.002755 -0.016447 0.686054 0.727360 
1710052422.641061 23.860904 6.323999 0.394197 -0.003806 -0.012171 0.686126 0.727371 
1710052422.741895 23.869603 6.410193 0.404065 -0.003044 -0.013901 0.686354 0.727128 
1710052422.842763 23.873458 6.495707 0.400719 -0.002455 -0.014904 0.686123 0.727329 
1710052422.943563 23.873503 6.602198 0.379795 -0.002253 -0.016472 0.685437 0.727942 
1710052423.044347 23.880033 6.707300 0.394289 -0.004150 -0.012953 0.685831 0.727634 
1710052423.145250 23.873976 6.780823 0.406278 -0.003592 -0.012519 0.685273 0.728170 
1710052423.246254 23.884441 6.866127 0.400327 -0.004651 -0.015524 0.685675 0.727727 
1710052423.347807 23.890839 6.981440 0.396611 -0.004908 -0.013016 0.686172 0.727306 
1710052423.447822 23.904801 7.072095 0.396757 -0.004449 -0.011822 0.685721 0.727754 
1710052423.548592 23.904453 7.150714 0.407811 -0.003900 -0.012730 0.686178 0.727312 
1710052423.649513 23.906644 7.248155 0.406374 -0.003741 -0.013409 0.685336 0.728094 
1710052423.750359 23.896947 7.354498 0.393947 -0.005287 -0.012446 0.685953 0.727520 
1710052423.851169 23.892787 7.438987 0.397191 -0.004822 -0.012877 0.685303 0.728128 
1710052423.952036 23.889341 7.513010 0.400072 -0.004194 -0.013455 0.685428 0.728004 
1710052424.056637 23.905298 7.622406 0.414568 -0.006036 -0.012348 0.686084 0.727393 
1710052424.153776 23.915570 7.724016 0.411666 -0.005239 -0.011517 0.685619 0.727851 
1710052424.254626 23.914858 7.813466 0.406288 -0.004706 -0.012789 0.686453 0.727046 
1710052424.356782 23.920401 7.911837 0.399205 -0.002627 -0.013415 0.685637 0.727815 
1710052424.456900 23.921307 8.019155 0.398160 -0.006355 -0.011519 0.685561 0.727896 
1710052424.557317 23.915589 8.105868 0.409752 -0.006655 -0.011122 0.686091 0.727400 
1710052424.658191 23.913487 8.187164 0.414691 -0.004289 -0.013045 0.685515 0.727929 
1710052424.759044 23.916997 8.282839 0.396966 -0.007057 -0.012806 0.686414 0.727064 
1710052424.859865 23.926425 8.393484 0.405754 -0.005213 -0.011201 0.685761 0.727722 
1710052424.960783 23.930121 8.476073 0.428954 -0.004496 -0.012326 0.686637 0.726882 
1710052425.061477 23.942013 8.555189 0.437550 -0.004140 -0.013012 0.686120 0.727360 
1710052425.162323 23.947090 8.657290 0.418546 -0.005649 -0.012622 0.685792 0.727666 
1710052425.263288 23.955006 8.757962 0.417965 -0.004961 -0.012835 0.686397 0.727097 
1710052425.364317 23.962528 8.838663 0.433309 -0.004127 -0.013397 0.685682 0.727767 
1710052425.468284 23.961625 8.929890 0.422726 -0.004113 -0.014262 0.686201 0.727261 
1710052425.565897 23.969423 9.035546 0.414952 -0.005089 -0.012421 0.685955 0.727520 
1710052425.667401 23.974347 9.119598 0.416644 -0.004097 -0.012576 0.686258 0.727238 
1710052425.767626 23.982127 9.200656 0.417403 -0.003916 -0.013578 0.686354 0.727130 
1710052425.868948 23.976315 9.303833 0.408693 -0.003603 -0.010438 0.685658 0.727840 
1710052425.969254 23.966093 9.416030 0.408271 -0.006546 -0.010741 0.686495 0.727026 
1710052426.070141 23.964137 9.503862 0.413675 -0.005904 -0.011855 0.686066 0.727419 
1710052426.171121 23.967426 9.585645 0.415543 -0.005269 -0.012035 0.685826 0.727647 
1710052426.271813 23.975805 9.686095 0.408004 -0.007784 -0.009792 0.687131 0.726426 
1710052426.373092 23.974019 9.782976 0.432114 -0.005952 -0.008314 0.686142 0.727396 
1710052426.477901 23.981305 9.858087 0.434863 -0.006904 -0.009486 0.686955 0.726606 
1710052426.576182 23.991777 9.949155 0.428630 -0.005585 -0.011669 0.686524 0.726992 
1710052426.675470 23.995613 10.054162 0.406932 -0.008403 -0.009059 0.685934 0.727559 
1710052426.777175 23.998301 10.136238 0.425371 -0.008586 -0.007294 0.686645 0.726906 
1710052426.877063 24.002471 10.215719 0.435384 -0.007339 -0.008309 0.686236 0.727294 
1710052426.977820 24.008009 10.318740 0.416441 -0.009024 -0.009749 0.686932 0.726600 
1710052427.078668 24.008158 10.425304 0.411814 -0.009481 -0.007421 0.686822 0.726726 
1710052427.179664 24.004260 10.505580 0.426344 -0.007386 -0.008686 0.686959 0.726606 
1710052427.280457 24.015204 10.587142 0.433458 -0.006824 -0.010104 0.687208 0.726359 
1710052427.381428 24.011669 10.701323 0.416957 -0.007268 -0.009298 0.686594 0.726945 
1710052427.482261 24.020950 10.792837 0.420165 -0.008084 -0.010359 0.686964 0.726573 
1710052427.582998 24.029970 10.868308 0.435957 -0.007656 -0.011057 0.686369 0.727129 
1710052427.683801 24.044925 10.959726 0.440417 -0.006751 -0.011003 0.687525 0.726046 
1710052427.784681 24.049377 11.061430 0.446040 -0.007725 -0.009481 0.686892 0.726657 
1710052427.885733 24.054252 11.145113 0.448158 -0.006776 -0.010035 0.687074 0.726487 
1710052427.986385 24.052969 11.219485 0.445669 -0.005898 -0.010886 0.687447 0.726129 
1710052428.087333 24.043125 11.320874 0.438044 -0.004560 -0.010142 0.687235 0.726350 
1710052428.188219 24.045037 11.425359 0.434132 -0.008621 -0.009537 0.687348 0.726214 
1710052428.288965 24.044543 11.502135 0.452124 -0.007348 -0.010635 0.686437 0.727074 
1710052428.389917 24.052430 11.587762 0.460941 -0.007157 -0.011427 0.686816 0.726707 
1710052428.493029 24.043700 11.692396 0.430597 -0.010213 -0.011691 0.687812 0.725723 
1710052428.592046 24.043585 11.792735 0.436101 -0.007445 -0.009593 0.686631 0.726905 
1710052428.692788 24.042784 11.868089 0.451267 -0.007137 -0.009773 0.687736 0.725860 
1710052428.793574 24.047155 11.961394 0.447081 -0.006689 -0.010157 0.687112 0.726450 
1710052428.894358 24.058975 12.070239 0.441640 -0.009889 -0.009993 0.687026 0.726497 
1710052428.994983 24.056273 12.158108 0.448637 -0.009314 -0.009816 0.686942 0.726586 
1710052429.095845 24.062777 12.233666 0.461120 -0.008835 -0.009500 0.686404 0.727104 
1710052429.197683 24.082179 12.331378 0.458981 -0.010097 -0.010119 0.687523 0.726022 
1710052429.297554 24.099035 12.433493 0.451293 -0.010463 -0.006519 0.686910 0.726638 
1710052429.398798 24.109036 12.514836 0.459760 -0.009514 -0.008154 0.687139 0.726418 
1710052429.501422 24.106682 12.596085 0.455687 -0.008223 -0.009262 0.687111 0.726447 
1710052429.600175 24.106490 12.699235 0.455632 -0.009481 -0.007967 0.686400 0.727118 
1710052429.701005 24.105968 12.794572 0.451731 -0.011095 -0.007986 0.687100 0.726434 
1710052429.801928 24.106660 12.865984 0.461367 -0.009669 -0.008382 0.686463 0.727052 
1710052429.902866 24.111342 12.958652 0.462418 -0.008333 -0.009645 0.687265 0.726295 
1710052430.003910 24.109826 13.061495 0.449270 -0.009565 -0.009148 0.687751 0.725826 
1710052430.104465 24.111187 13.149837 0.470432 -0.007798 -0.008670 0.687125 0.726446 
1710052430.205276 24.109375 13.226617 0.483735 -0.007991 -0.009578 0.687751 0.725840 
1710052430.306261 24.105838 13.325719 0.473614 -0.005236 -0.011070 0.687198 0.726367 
1710052430.407127 24.111407 13.437482 0.459617 -0.008812 -0.009455 0.686977 0.726564 
1710052430.507982 24.110606 13.516803 0.456930 -0.006039 -0.010008 0.686760 0.726790 
1710052430.608929 24.112477 13.597604 0.467506 -0.005424 -0.011168 0.686804 0.726737 
1710052430.709784 24.118104 13.705554 0.451894 -0.006850 -0.010745 0.687515 0.726058 
1710052430.810589 24.128045 13.805534 0.432880 -0.005846 -0.009693 0.686344 0.727189 
1710052430.911313 24.134386 13.881975 0.446078 -0.004670 -0.011096 0.687490 0.726094 
1710052431.012212 24.136931 13.969503 0.446679 -0.003844 -0.012126 0.687197 0.726360 
1710052431.113008 24.139443 14.070228 0.456894 -0.007215 -0.010477 0.686684 0.726845 
1710052431.214116 24.123439 14.159258 0.458243 -0.007485 -0.011600 0.687150 0.726385 
1710052431.314737 24.115626 14.228137 0.458248 -0.004270 -0.011618 0.684050 0.729330 
1710052431.415765 24.123975 14.324849 0.473233 -0.003565 -0.011970 0.678216 0.734756 
1710052431.516509 24.140475 14.423921 0.476175 -0.003581 -0.008999 0.670655 0.741706 
1710052431.617308 24.155407 14.505192 0.478013 -0.000028 -0.007755 0.663808 0.747863 
1710052431.720148 24.166420 14.580088 0.477756 0.001646 -0.007691 0.657516 0.753399 
1710052431.819103 24.183623 14.679976 0.488322 0.001525 -0.007182 0.651560 0.758562 
1710052431.919901 24.193667 14.778822 0.493757 -0.002154 -0.006660 0.645694 0.763564 
1710052432.020889 24.217331 14.864745 0.483828 0.000018 -0.009057 0.641712 0.766892 
1710052432.121623 24.229241 14.956234 0.484851 -0.000403 -0.012576 0.642633 0.766071 
1710052432.222468 24.247151 15.067447 0.473364 -0.004337 -0.011206 0.643368 0.765463 
1710052432.324120 24.276983 15.139861 0.480546 -0.003406 -0.010819 0.640079 0.768225 
1710052432.424254 24.286235 15.196636 0.492008 -0.001079 -0.010876 0.633490 0.773674 
1710052432.527352 24.302992 15.278465 0.507117 -0.000777 -0.007963 0.625048 0.780545 
1710052432.626112 24.320545 15.368869 0.502309 -0.002000 -0.004829 0.615976 0.787748 
1710052432.726814 24.321324 15.439612 0.504736 0.002388 -0.002237 0.603146 0.797624 
1710052432.828276 24.343320 15.527501 0.502752 0.006370 -0.001122 0.588289 0.808625 
1710052432.928489 24.381860 15.635104 0.515395 0.006514 -0.001593 0.577204 0.816573 
1710052433.029644 24.423546 15.732172 0.493162 0.006640 -0.000084 0.562472 0.826790 
1710052433.130229 24.459772 15.817081 0.493558 0.005960 -0.001732 0.550811 0.834607 
1710052433.231219 24.497963 15.898692 0.482520 0.005199 -0.005732 0.544820 0.838517 
1710052433.332130 24.539778 16.003298 0.487568 -0.000255 -0.007072 0.542567 0.839983 
1710052433.435004 24.568511 16.100341 0.501476 -0.005448 -0.007900 0.543074 0.839630 
1710052433.533634 24.593481 16.166838 0.506387 -0.005671 -0.009657 0.542067 0.840261 
1710052433.634490 24.631846 16.251364 0.508485 -0.005265 -0.012251 0.542672 0.839839 
1710052433.735360 24.678333 16.360428 0.513398 -0.004113 -0.009272 0.542402 0.840058 
1710052433.836620 24.726666 16.423640 0.529701 -0.005130 -0.010388 0.542797 0.839784 
1710052433.937186 24.756650 16.505105 0.532371 -0.004930 -0.011192 0.542855 0.839738 
1710052434.038105 24.800448 16.605312 0.513263 -0.004136 -0.011744 0.542082 0.840233 
1710052434.141187 24.823677 16.706211 0.521011 -0.005145 -0.009471 0.542613 0.839914 
1710052434.239662 24.836564 16.785769 0.536874 -0.004950 -0.011819 0.541650 0.840506 
1710052434.340620 24.865603 16.860315 0.530341 -0.005715 -0.014174 0.541634 0.840476 
1710052434.443599 24.914235 16.970315 0.530754 -0.004737 -0.011849 0.542561 0.839919 
1710052434.543178 24.956064 17.037673 0.523196 -0.003356 -0.010635 0.542474 0.839999 
1710052434.643325 24.992056 17.107763 0.532465 -0.003158 -0.012178 0.542896 0.839706 
1710052434.744131 25.037451 17.199309 0.533160 -0.002945 -0.012314 0.541602 0.840539 
1710052434.844980 25.072517 17.294953 0.538805 -0.005541 -0.011842 0.541866 0.840363 
1710052434.945678 25.094500 17.378546 0.544502 -0.004538 -0.012457 0.541825 0.840387 
1710052435.046567 25.118610 17.442857 0.540708 -0.002386 -0.013808 0.541701 0.840454 
1710052435.147413 25.155567 17.535935 0.558728 -0.003449 -0.013571 0.542594 0.839878 
1710052435.248294 25.196123 17.639404 0.563342 -0.002942 -0.011643 0.541626 0.840534 
1710052435.349147 25.238307 17.738489 0.566973 -0.001888 -0.012294 0.537833 0.842960 
1710052435.450141 25.278990 17.849469 0.572186 0.001283 -0.012060 0.527974 0.849174 
1710052435.550800 25.323016 17.958502 0.573536 0.003579 -0.007554 0.515765 0.856689 
1710052435.651691 25.353300 18.038722 0.584041 0.003529 -0.004873 0.504120 0.863612 
1710052435.752678 25.378529 18.105915 0.586723 0.007690 -0.006847 0.492005 0.870532 
1710052435.853462 25.428193 18.178184 0.559588 0.006876 -0.008641 0.480240 0.877067 
1710052435.954308 25.484604 18.265105 0.567920 0.007124 -0.004856 0.468656 0.883338 
1710052436.055154 25.539110 18.315930 0.578551 0.008323 -0.005281 0.457419 0.889197 
1710052436.155991 25.589623 18.366193 0.590603 0.006959 -0.007564 0.446300 0.894824 
1710052436.256825 25.656440 18.439741 0.576684 0.007848 -0.006948 0.434602 0.900562 
1710052436.362260 25.727856 18.508931 0.580132 0.005655 -0.004897 0.422036 0.906548 
1710052436.458907 25.771646 18.569462 0.586438 0.006550 -0.005721 0.411844 0.911213 
1710052436.559432 25.817671 18.637715 0.569051 0.006003 -0.008711 0.409537 0.912232 
1710052436.660515 25.886575 18.719692 0.570387 0.000194 -0.009928 0.410169 0.911955 
1710052436.762168 25.940439 18.790647 0.574651 0.000051 -0.010625 0.408457 0.912716 
1710052436.861979 26.014112 18.835495 0.585125 0.000349 -0.010334 0.399952 0.916478 
1710052436.963075 26.093433 18.897269 0.591316 0.006787 -0.007550 0.385021 0.922852 
1710052437.063697 26.174396 18.966225 0.604169 0.007952 -0.004707 0.369487 0.929190 
1710052437.164707 26.239157 19.025659 0.616066 0.011241 -0.005401 0.354413 0.935006 
1710052437.265447 26.306977 19.085029 0.622858 0.012964 -0.006551 0.342240 0.939500 
1710052437.367839 26.382627 19.145630 0.605767 0.011037 -0.006610 0.329500 0.944068 
1710052437.467209 26.464873 19.192679 0.619017 0.011710 -0.006442 0.315378 0.948872 
1710052437.568089 26.525467 19.230942 0.625846 0.012465 -0.007854 0.303202 0.952812 
1710052437.668866 26.597144 19.279510 0.626223 0.013275 -0.010241 0.288696 0.957274 
1710052437.769785 26.680486 19.347592 0.609742 0.012773 -0.006650 0.275031 0.961328 
1710052437.870755 26.734969 19.399264 0.626662 0.011625 -0.007384 0.261324 0.965153 
1710052437.971589 26.801106 19.438812 0.646292 0.013115 -0.008537 0.247363 0.968797 
1710052438.072321 26.879881 19.491996 0.624744 0.014131 -0.008276 0.234048 0.972087 
1710052438.173208 26.982507 19.544258 0.616210 0.013529 -0.006174 0.221031 0.975153 
1710052438.274036 27.053992 19.573670 0.630769 0.014267 -0.008912 0.212010 0.977123 
1710052438.375965 27.131921 19.603059 0.640750 0.012555 -0.010729 0.203686 0.978897 
1710052438.476118 27.225814 19.648797 0.619180 0.013054 -0.008967 0.197191 0.980237 
1710052438.576726 27.316238 19.691392 0.616960 0.008593 -0.010224 0.192168 0.981271 
1710052438.680431 27.380961 19.725720 0.633993 0.008369 -0.010434 0.185295 0.982592 
1710052438.778771 27.456076 19.762370 0.636938 0.007477 -0.012211 0.180700 0.983434 
1710052438.881141 27.541175 19.792882 0.646477 0.006570 -0.010713 0.173149 0.984815 
1710052438.980041 27.617452 19.832271 0.666529 0.008768 -0.010016 0.168319 0.985643 
1710052439.080945 27.688095 19.852875 0.665163 0.009018 -0.011775 0.163273 0.986469 
1710052439.182598 27.785699 19.878111 0.667116 0.011097 -0.010333 0.157336 0.987429 
1710052439.282615 27.892653 19.916705 0.661229 0.008031 -0.008911 0.150774 0.988495 
1710052439.383582 27.960419 19.943095 0.672916 0.007239 -0.011018 0.144246 0.989454 
1710052439.484392 28.031737 19.958812 0.681066 0.009333 -0.011932 0.136232 0.990561 
1710052439.587876 28.135150 19.989757 0.668626 0.010828 -0.007438 0.126189 0.991919 
1710052439.688643 28.230308 20.022451 0.677223 0.011601 -0.007793 0.114952 0.993273 
1710052439.788240 28.299317 20.042388 0.691707 0.012960 -0.009627 0.107646 0.994058 
1710052439.892014 28.390691 20.072944 0.682746 0.013705 -0.011964 0.098937 0.994927 
1710052439.988724 28.491654 20.102442 0.667601 0.011478 -0.009369 0.088457 0.995970 
1710052440.091318 28.578212 20.119413 0.670892 0.011526 -0.009675 0.076950 0.996921 
1710052440.192626 28.644483 20.136698 0.685197 0.012975 -0.010991 0.064829 0.997751 
1710052440.291208 28.743715 20.153741 0.682111 0.012493 -0.011859 0.054158 0.998384 
1710052440.392413 28.849393 20.166655 0.682053 0.015996 -0.008688 0.039112 0.999069 
1710052440.493665 28.925466 20.182443 0.689937 0.016177 -0.008706 0.027212 0.999461 
1710052440.593771 28.998241 20.190749 0.694068 0.017033 -0.009910 0.013834 0.999710 
1710052440.704526 29.104568 20.196291 0.689962 0.016785 -0.010113 -0.000274 0.999808 
1710052440.795573 29.214192 20.185077 0.694475 0.016648 -0.004230 -0.013314 0.999764 
1710052440.896339 29.293884 20.190284 0.693446 0.017183 -0.003894 -0.027618 0.999463 
1710052440.997962 29.378313 20.199194 0.693725 0.016182 -0.004160 -0.042455 0.998959 
1710052441.098061 29.472594 20.196571 0.678055 0.015790 -0.001434 -0.053106 0.998463 
1710052441.198976 29.568882 20.207533 0.675951 0.016975 0.000683 -0.068038 0.997538 
1710052441.300007 29.641678 20.205297 0.686141 0.017459 -0.000658 -0.080451 0.996605 
1710052441.400922 29.724658 20.200914 0.692656 0.018450 -0.000682 -0.095909 0.995219 
1710052441.501534 29.829242 20.185340 0.693720 0.017866 0.003428 -0.107982 0.993986 
1710052441.602347 29.923804 20.182558 0.678749 0.017260 0.002624 -0.122162 0.992357 
1710052441.704853 29.995169 20.168405 0.684919 0.018435 0.000100 -0.136161 0.990515 
1710052441.804316 30.080165 20.135724 0.681084 0.018496 -0.001956 -0.150384 0.988453 
1710052441.904935 30.187829 20.116588 0.680996 0.018867 -0.000914 -0.165385 0.986048 
1710052442.006389 30.267649 20.074833 0.688405 0.021391 -0.001991 -0.181274 0.983198 
1710052442.106752 30.335795 20.058842 0.688107 0.021486 -0.004667 -0.198706 0.979813 
1710052442.207627 30.418492 20.024764 0.685465 0.025217 -0.005760 -0.219255 0.975325 
1710052442.308481 30.511163 19.989165 0.698911 0.026354 -0.002566 -0.237759 0.970963 
1710052442.409222 30.579311 19.953004 0.706655 0.026393 -0.005021 -0.258093 0.965746 
1710052442.510319 30.647169 19.911508 0.713075 0.026229 -0.008340 -0.276829 0.960525 
1710052442.611153 30.732118 19.843650 0.698528 0.027199 -0.007432 -0.293589 0.955516 
1710052442.711886 30.802723 19.779127 0.697434 0.028500 -0.007002 -0.314048 0.948954 
1710052442.812670 30.863540 19.719935 0.716311 0.027012 -0.009148 -0.331641 0.942975 
1710052442.913560 30.937239 19.663944 0.721410 0.026391 -0.011975 -0.350322 0.936181 
1710052443.014491 31.020485 19.588257 0.714681 0.026295 -0.009811 -0.368215 0.929317 
1710052443.115250 31.082830 19.516196 0.715299 0.024482 -0.009043 -0.386405 0.921960 
1710052443.216139 31.137585 19.464270 0.713561 0.025877 -0.010597 -0.405939 0.913472 
1710052443.317154 31.206979 19.400005 0.723451 0.024459 -0.010886 -0.423508 0.905496 
1710052443.417856 31.274302 19.314556 0.721918 0.026579 -0.010221 -0.440679 0.897213 
1710052443.518736 31.325932 19.246787 0.722844 0.026337 -0.012374 -0.458729 0.888100 
1710052443.619617 31.365389 19.188878 0.714470 0.025289 -0.014193 -0.475880 0.879032 
1710052443.720402 31.408046 19.113235 0.719058 0.025543 -0.013306 -0.494364 0.868778 
1710052443.821408 31.452151 19.029384 0.720500 0.027513 -0.009717 -0.511137 0.859004 
1710052443.922204 31.480181 18.964983 0.726496 0.025108 -0.011050 -0.528348 0.848584 
1710052444.023175 31.521594 18.878663 0.730332 0.024891 -0.011511 -0.545437 0.837703 
1710052444.123832 31.564714 18.778172 0.711803 0.025119 -0.010026 -0.560574 0.827662 
1710052444.224831 31.601620 18.694439 0.720875 0.026083 -0.011109 -0.577741 0.815727 
1710052444.325749 31.627306 18.609372 0.725146 0.025589 -0.011874 -0.590954 0.806212 
1710052444.426562 31.669501 18.513845 0.714261 0.023931 -0.013635 -0.602091 0.797952 
1710052444.527632 31.703568 18.385159 0.712898 0.022509 -0.006426 -0.608655 0.793089 
1710052444.628441 31.728374 18.292902 0.717194 0.016684 -0.003414 -0.611081 0.791385 
1710052444.729264 31.754898 18.206942 0.719478 0.013446 -0.002324 -0.609964 0.792312 
1710052444.829849 31.783053 18.104559 0.725734 0.009970 0.000427 -0.609166 0.792980 
1710052444.930944 31.805667 18.008380 0.706102 0.011640 0.000879 -0.609637 0.792594 
1710052445.031555 31.830535 17.931462 0.708841 0.010036 -0.000476 -0.609248 0.792916 
1710052445.132552 31.864299 17.862502 0.710177 0.009230 -0.003249 -0.609897 0.792420 
1710052445.233308 31.902671 17.763080 0.723380 0.012577 -0.001969 -0.612748 0.790176 
1710052445.334234 31.942064 17.680713 0.711911 0.013028 -0.002914 -0.621015 0.783685 
1710052445.435040 31.984178 17.632605 0.700997 0.020105 -0.010944 -0.636157 0.771220 
1710052445.535921 31.990408 17.526892 0.705168 0.017296 -0.011767 -0.644329 0.764462 
1710052445.636915 32.019469 17.414238 0.718353 0.016693 -0.006677 -0.648885 0.760674 
1710052445.737617 32.034815 17.314422 0.720817 0.009959 -0.004059 -0.649515 0.760273 
1710052445.838768 32.056772 17.224994 0.723497 0.008905 -0.003409 -0.648502 0.761153 
1710052445.939540 32.071857 17.118278 0.707237 0.006669 -0.002534 -0.649188 0.760594 
1710052446.040198 32.090060 16.996791 0.711616 0.009896 -0.000065 -0.648972 0.760748 
1710052446.141073 32.104526 16.919605 0.726241 0.008919 -0.002330 -0.649214 0.760550 
1710052446.241925 32.121179 16.844454 0.720854 0.006599 -0.004193 -0.648447 0.761220 
1710052446.342874 32.146405 16.746480 0.714681 0.009761 -0.003638 -0.647984 0.761583 
1710052446.443686 32.169574 16.666048 0.714550 0.010711 -0.003929 -0.648295 0.761304 
1710052446.544696 32.165352 16.607176 0.726853 0.008212 -0.005493 -0.648811 0.760885 
1710052446.645344 32.177486 16.503432 0.725677 0.009456 -0.006118 -0.649329 0.760424 
1710052446.746362 32.191712 16.395018 0.711481 0.008547 -0.002830 -0.649193 0.760570 
1710052446.847132 32.213000 16.305914 0.703152 0.008310 -0.004510 -0.648672 0.761010 
1710052446.948156 32.224272 16.210854 0.701447 0.007329 -0.006209 -0.649648 0.760175 
1710052447.048848 32.238879 16.093864 0.711147 0.009202 -0.004552 -0.648158 0.761437 
1710052447.149812 32.242425 15.992802 0.720997 0.011024 -0.004150 -0.649038 0.760665 
1710052447.250516 32.240691 15.906781 0.720832 0.008390 -0.006214 -0.648299 0.761314 
1710052447.351320 32.253993 15.811738 0.726807 0.006468 -0.008336 -0.649438 0.760342 
1710052447.452375 32.280152 15.700465 0.716148 0.009885 -0.004430 -0.649040 0.760677 
1710052447.553093 32.294096 15.604730 0.723059 0.009899 -0.002521 -0.648670 0.761001 
1710052447.653928 32.299015 15.534711 0.725247 0.010029 -0.003884 -0.650052 0.759814 
1710052447.755133 32.319006 15.460049 0.713746 0.011809 0.000595 -0.649450 0.760313 
1710052447.855628 32.347625 15.337053 0.700563 0.015605 0.002930 -0.649252 0.760408 
1710052447.957828 32.372402 15.247227 0.697565 0.019017 0.004756 -0.648657 0.760828 
1710052448.057452 32.387187 15.158891 0.696129 0.020403 0.007921 -0.648341 0.761035 
1710052448.158233 32.391534 15.060598 0.666219 0.023031 0.010728 -0.649971 0.759535 
1710052448.259334 32.403190 14.975042 0.666143 0.028138 0.018869 -0.648629 0.760350 
1710052448.360048 32.409267 14.881041 0.661750 0.031964 0.023233 -0.648586 0.760115 
1710052448.460964 32.415307 14.822512 0.659891 0.034848 0.026668 -0.649270 0.759291 
1710052448.561908 32.425726 14.760730 0.660385 0.037421 0.033311 -0.644133 0.763271 
1710052448.662560 32.468545 14.683187 0.641820 0.038251 0.037830 -0.637435 0.768624 
1710052448.763989 32.499402 14.632381 0.638857 0.032721 0.042347 -0.623004 0.780386 
1710052448.864376 32.520655 14.537660 0.627318 0.030538 0.044858 -0.612696 0.788453 
1710052448.965202 32.530737 14.413663 0.605820 0.034428 0.046717 -0.611530 0.789090 
1710052449.065942 32.529468 14.301971 0.583108 0.041623 0.048919 -0.609620 0.790087 
1710052449.166956 32.540514 14.204024 0.568081 0.049314 0.042198 -0.611163 0.788839 
1710052449.267735 32.556661 14.133605 0.579009 0.050947 0.043960 -0.611383 0.788468 
1710052449.368836 32.597519 14.039622 0.571325 0.048055 0.043246 -0.608330 0.791047 
1710052449.469371 32.629877 13.945428 0.561575 0.047161 0.047912 -0.609565 0.789880 
1710052449.570290 32.661515 13.867843 0.559871 0.046623 0.049263 -0.608309 0.790797 
1710052449.671093 32.680562 13.797305 0.561821 0.048188 0.050465 -0.609008 0.790089 
1710052449.772179 32.714608 13.706850 0.533759 0.050352 0.055829 -0.609482 0.789227 
1710052449.872899 32.732548 13.617272 0.528504 0.047249 0.053541 -0.608879 0.790043 
1710052449.974002 32.752523 13.563664 0.528078 0.047650 0.053607 -0.606404 0.791915 
1710052450.074543 32.790731 13.480391 0.514601 0.040523 0.057439 -0.595360 0.800378 
1710052450.177310 32.830728 13.408820 0.496743 0.037092 0.060883 -0.580409 0.811198 
1710052450.276279 32.871438 13.330030 0.494402 0.034564 0.061951 -0.562979 0.823421 
1710052450.377252 32.900335 13.232908 0.482017 0.027726 0.061416 -0.550826 0.831895 
1710052450.478056 32.928790 13.127852 0.442691 0.036784 0.054499 -0.547929 0.833937 
1710052450.578848 32.972408 13.022492 0.422209 0.041809 0.055887 -0.546440 0.834585 
1710052450.681572 33.021489 12.939226 0.412735 0.046858 0.050869 -0.548112 0.833540 
1710052450.780786 33.063704 12.863128 0.403721 0.044096 0.050860 -0.547362 0.834185 
1710052450.881411 33.111182 12.770513 0.370275 0.044920 0.049312 -0.547457 0.834171 
1710052450.982250 33.161900 12.679989 0.350700 0.049543 0.045477 -0.547824 0.833886 
1710052451.083309 33.191467 12.603073 0.351180 0.048472 0.049817 -0.545748 0.835061 
1710052451.183981 33.224459 12.516863 0.325339 0.045670 0.047253 -0.547904 0.833956 
1710052451.285128 33.258261 12.416152 0.299272 0.047163 0.051140 -0.547379 0.833988 
1710052451.386029 33.297541 12.334750 0.265969 0.047591 0.043586 -0.548356 0.833751 
1710052451.486708 33.337612 12.274963 0.273476 0.046255 0.053449 -0.542903 0.836816 
1710052451.587569 33.392628 12.203856 0.256456 0.041428 0.052029 -0.531855 0.844220 
1710052451.688254 33.438211 12.106009 0.244383 0.037932 0.057999 -0.523130 0.849431 
1710052451.789274 33.464352 12.032661 0.230312 0.037874 0.056431 -0.519145 0.851980 
1710052451.889980 33.493228 11.955238 0.229640 0.040298 0.055490 -0.520850 0.850889 
1710052451.991026 33.540042 11.868366 0.210230 0.042570 0.054810 -0.521198 0.850610 
1710052452.091743 33.580701 11.786119 0.213326 0.043068 0.059113 -0.521255 0.850261 
1710052452.192908 33.615822 11.722007 0.214290 0.044902 0.054181 -0.522778 0.849559 
1710052452.293472 33.657536 11.652207 0.215266 0.041648 0.055150 -0.521333 0.850550 
1710052452.394429 33.713670 11.561011 0.186094 0.043188 0.051930 -0.521398 0.850636 
1710052452.495337 33.766012 11.495162 0.187392 0.047112 0.050997 -0.522151 0.850022 
1710052452.596430 33.809255 11.427188 0.181810 0.042545 0.053938 -0.521064 0.850748 
1710052452.697734 33.855603 11.336250 0.151753 0.040229 0.052953 -0.522349 0.850135 
1710052452.798107 33.909372 11.243501 0.129027 0.040150 0.056208 -0.520110 0.851302 
1710052452.898560 33.956428 11.169896 0.125337 0.040054 0.052765 -0.521755 0.850519 
1710052452.999422 34.000082 11.110950 0.123837 0.039546 0.052962 -0.521985 0.850390 
1710052453.100553 34.046573 11.039386 0.097035 0.042985 0.047559 -0.520685 0.851339 
1710052453.201313 34.110500 10.952410 0.097575 0.043611 0.051504 -0.522560 0.849928 
1710052453.302324 34.159323 10.892579 0.102107 0.043690 0.045470 -0.521369 0.850998 
1710052453.402895 34.201097 10.816924 0.105727 0.040499 0.046771 -0.520798 0.851435 
1710052453.504281 34.237951 10.722922 0.089895 0.043568 0.041292 -0.524853 0.849074 
1710052453.605045 34.282153 10.626804 0.070517 0.037913 0.046570 -0.518064 0.853231 
1710052453.705448 34.329052 10.555798 0.058727 0.032367 0.047127 -0.506328 0.860443 
1710052453.806383 34.358855 10.486060 0.067144 0.024695 0.052019 -0.489095 0.870328 
1710052453.907503 34.407535 10.405173 0.042324 0.016892 0.056534 -0.467829 0.881847 
1710052454.008120 34.463368 10.329634 0.029264 0.014813 0.057442 -0.447003 0.892563 
1710052454.110088 34.507797 10.267675 0.028827 0.009327 0.057858 -0.427676 0.902030 
1710052454.209866 34.544426 10.199645 0.010803 0.011719 0.055728 -0.410576 0.910046 
1710052454.310679 34.624237 10.103970 -0.014829 0.015503 0.061345 -0.392941 0.917384 
1710052454.413307 34.703057 10.021237 -0.014411 0.014705 0.061992 -0.371781 0.926132 
1710052454.512413 34.759062 9.976257 -0.011353 0.013825 0.061485 -0.355783 0.932442 
1710052454.613830 34.830060 9.916700 -0.023472 0.011257 0.061290 -0.343736 0.936997 
1710052454.714272 34.904576 9.834374 -0.046752 0.020554 0.061093 -0.338758 0.938663 
1710052454.815035 34.965975 9.774201 -0.065205 0.025416 0.057309 -0.337148 0.939362 
1710052454.916018 35.020136 9.718114 -0.076541 0.030754 0.056625 -0.338778 0.938657 
1710052455.016617 35.106456 9.649985 -0.101752 0.030821 0.053259 -0.340078 0.938382 
1710052455.117676 35.185960 9.578157 -0.115775 0.027086 0.061355 -0.338036 0.938741 
1710052455.218330 35.240752 9.528604 -0.112514 0.030027 0.057056 -0.339915 0.938244 
1710052455.319266 35.306563 9.489289 -0.113395 0.024653 0.059377 -0.339592 0.938373 
1710052455.420322 35.392610 9.424299 -0.133551 0.026272 0.059038 -0.338582 0.938715 
1710052455.521869 35.477654 9.365342 -0.149850 0.028361 0.057381 -0.339073 0.938580 
1710052455.621995 35.546728 9.317976 -0.150339 0.027500 0.059914 -0.331154 0.941271 
1710052455.722625 35.625181 9.265826 -0.157277 0.020317 0.059282 -0.318665 0.945794 
1710052455.823497 35.708950 9.210000 -0.178366 0.015534 0.062577 -0.308154 0.949149 
1710052455.928019 35.788239 9.151664 -0.204695 0.018341 0.060333 -0.305337 0.950154 
1710052456.027450 35.855579 9.109330 -0.214310 0.023031 0.058633 -0.306394 0.949818 
1710052456.126544 35.939514 9.057220 -0.227319 0.022001 0.057926 -0.304149 0.950607 
1710052456.226941 36.024245 8.992250 -0.243747 0.026219 0.056884 -0.306318 0.949866 
1710052456.327810 36.091219 8.942253 -0.234688 0.024234 0.057261 -0.296464 0.953018 
1710052456.428947 36.170737 8.901454 -0.232870 0.017302 0.057172 -0.283271 0.957178 
1710052456.529513 36.263806 8.851515 -0.251293 0.009078 0.059867 -0.268214 0.961454 
1710052456.632110 36.350186 8.814080 -0.267108 0.006170 0.057771 -0.248392 0.966915 
1710052456.740355 36.419483 8.780231 -0.269788 0.005356 0.057156 -0.233922 0.970559 
1710052456.832083 36.497319 8.736786 -0.288711 0.004843 0.054769 -0.224674 0.972881 
1710052456.932930 36.601160 8.676247 -0.304044 0.008685 0.054610 -0.222182 0.973436 
1710052457.033783 36.674451 8.632568 -0.307019 0.021418 0.050177 -0.221275 0.973684 
1710052457.134830 36.744006 8.595396 -0.309078 0.019304 0.052319 -0.221481 0.973569 
1710052457.235527 36.851434 8.547027 -0.327389 0.022690 0.049343 -0.222716 0.973369 
1710052457.336413 36.937198 8.512278 -0.342434 0.021614 0.053129 -0.221173 0.973547 
1710052457.437340 37.008001 8.482134 -0.340388 0.019109 0.054449 -0.222517 0.973220 
1710052457.538200 37.089490 8.443687 -0.342159 0.017722 0.054625 -0.222260 0.973295 
1710052457.639041 37.183651 8.404860 -0.367158 0.010821 0.056169 -0.211759 0.975647 
1710052457.739842 37.273302 8.389973 -0.363317 0.012735 0.056715 -0.200750 0.977916 
1710052457.840675 37.345928 8.371947 -0.354847 0.006359 0.057705 -0.180770 0.981810 
1710052457.941681 37.441995 8.334846 -0.365916 -0.000646 0.055822 -0.165604 0.984611 
1710052458.042490 37.539359 8.304908 -0.388162 -0.003884 0.057782 -0.148727 0.987181 
1710052458.143481 37.612152 8.280951 -0.403287 -0.004084 0.049525 -0.132275 0.989967 
1710052458.248207 37.691748 8.263097 -0.406933 -0.005977 0.050658 -0.116727 0.991853 
1710052458.345610 37.778038 8.240561 -0.419128 -0.004055 0.046911 -0.111038 0.992700 
1710052458.446044 37.884848 8.214154 -0.440181 0.003026 0.047911 -0.109756 0.992799 
1710052458.547762 37.962047 8.198198 -0.432898 0.007782 0.047974 -0.108963 0.992857 
1710052458.648107 38.036660 8.181651 -0.437525 0.011451 0.044456 -0.110113 0.992858 
1710052458.748429 38.150266 8.164684 -0.444785 0.002596 0.046349 -0.100022 0.993902 
1710052458.850534 38.250201 8.142437 -0.432431 -0.004858 0.048306 -0.085250 0.995176 
1710052458.950112 38.307398 8.134244 -0.416352 -0.003778 0.045265 -0.079858 0.995771 
1710052459.051057 38.387719 8.112949 -0.425274 -0.004514 0.044038 -0.077329 0.996022 
1710052459.151838 38.498195 8.085241 -0.437429 0.000290 0.045711 -0.078411 0.995873 
1710052459.260068 38.586081 8.068712 -0.435443 0.005349 0.041818 -0.077862 0.996072 
1710052459.353556 38.668355 8.054616 -0.451461 0.007163 0.043354 -0.076991 0.996063 
1710052459.454422 38.776062 8.033507 -0.471531 0.005509 0.047448 -0.076760 0.995905 
1710052459.556443 38.893277 8.021820 -0.499618 0.005679 0.052536 -0.075922 0.995713 
1710052459.656454 38.981330 8.030542 -0.517510 0.007912 0.053072 -0.077555 0.995543 
1710052459.757697 39.074672 8.031559 -0.523457 0.008607 0.058263 -0.077786 0.995229 
1710052459.858327 39.183275 8.030856 -0.550820 0.010438 0.057710 -0.075423 0.995426 
1710052459.958860 39.286308 8.016710 -0.571078 0.009499 0.061605 -0.077038 0.995078 
1710052460.064647 39.370631 7.998051 -0.576500 0.006601 0.063655 -0.075511 0.995089 
1710052460.160554 39.432755 7.990257 -0.596462 0.006495 0.061814 -0.076447 0.995135 
1710052460.261293 39.536795 7.977721 -0.611414 0.008268 0.066238 -0.078582 0.994670 
1710052460.362152 39.638639 7.968902 -0.619255 0.005109 0.067054 -0.075847 0.994849 
1710052460.464014 39.705757 7.963972 -0.629328 0.008008 0.063693 -0.078619 0.994836 
1710052460.565578 39.789509 7.948188 -0.642643 0.007041 0.061301 -0.077035 0.995117 
1710052460.664911 39.908564 7.927435 -0.660351 0.009951 0.063496 -0.076157 0.995022 
1710052460.765582 40.000363 7.896900 -0.670366 0.010709 0.061680 -0.076270 0.995120 
1710052460.866456 40.070853 7.875692 -0.677513 0.006543 0.058839 -0.073992 0.995500 
1710052460.969886 40.160855 7.861114 -0.688126 0.003092 0.056068 -0.063760 0.996384 
1710052461.069643 40.274933 7.837017 -0.705599 -0.006476 0.057801 -0.045235 0.997282 
1710052461.171907 40.356915 7.836253 -0.702838 -0.013272 0.053889 -0.023308 0.998187 
1710052461.271888 40.440966 7.843538 -0.704448 -0.014664 0.055757 -0.010469 0.998282 
1710052461.371856 40.536061 7.861355 -0.698519 -0.005249 0.053661 -0.004724 0.998534 
1710052461.471596 40.644848 7.865227 -0.715549 -0.001970 0.057967 -0.005724 0.998300 
1710052461.572461 40.735823 7.860533 -0.712858 0.002150 0.057929 -0.005072 0.998306 
1710052461.673420 40.821963 7.856937 -0.725231 0.001319 0.056274 -0.005908 0.998397 
1710052461.778448 40.933646 7.861749 -0.743935 0.002836 0.059171 -0.006237 0.998224 
1710052461.875362 41.021008 7.864799 -0.766510 0.000236 0.060102 -0.005472 0.998177 
1710052461.976160 41.100699 7.868669 -0.777418 0.003697 0.058317 -0.006683 0.998269 
1710052462.077100 41.192082 7.876779 -0.791521 0.002895 0.058796 -0.006001 0.998248 
1710052462.179024 41.299075 7.880096 -0.795690 0.004511 0.060795 -0.005605 0.998124 
1710052462.278954 41.382102 7.877468 -0.792224 0.006235 0.058551 -0.005608 0.998249 
1710052462.379395 41.455888 7.869681 -0.800574 0.001248 0.058750 -0.005623 0.998256 
1710052462.480441 41.558538 7.865047 -0.819464 0.006087 0.056841 -0.007008 0.998340 
1710052462.581378 41.656416 7.860959 -0.839927 0.000668 0.059938 -0.005737 0.998185 
1710052462.682097 41.734919 7.865457 -0.842316 0.004049 0.057569 -0.006426 0.998313 
1710052462.782765 41.822814 7.863395 -0.864325 -0.001070 0.056581 -0.005752 0.998381 
1710052462.883606 41.928467 7.859424 -0.874779 0.001419 0.058065 -0.004351 0.998302 
1710052462.984935 42.010671 7.845914 -0.885788 0.003767 0.057399 -0.005156 0.998331 
1710052463.086169 42.081371 7.849937 -0.881509 -0.000189 0.056300 -0.004017 0.998406 
1710052463.186216 42.178396 7.858675 -0.872610 0.001354 0.054376 -0.006587 0.998498 
1710052463.287432 42.279898 7.868754 -0.878861 0.000402 0.056343 -0.005767 0.998395 
1710052463.389859 42.366863 7.878457 -0.876075 0.002432 0.051249 -0.006426 0.998662 
1710052463.488787 42.449279 7.874773 -0.888971 -0.001536 0.050727 -0.006353 0.998691 
1710052463.589624 42.566072 7.871427 -0.881410 0.000084 0.050030 -0.005520 0.998732 
1710052463.690564 42.659833 7.867596 -0.897722 0.002463 0.050691 -0.004552 0.998701 
1710052463.793825 42.749949 7.867905 -0.907305 0.001331 0.049392 -0.004113 0.998770 
1710052463.892470 42.843662 7.876738 -0.932390 0.002505 0.046355 -0.006854 0.998898 
1710052463.994488 42.964525 7.867929 -0.951650 -0.002974 0.048260 -0.006564 0.998809 
1710052464.094221 43.051689 7.878715 -0.968433 0.000944 0.046158 -0.006246 0.998914 
1710052464.194925 43.144990 7.878407 -0.969444 0.001612 0.043465 -0.006181 0.999035 
1710052464.295994 43.246634 7.880793 -0.974799 -0.002928 0.046418 -0.006650 0.998896 
1710052464.396795 43.366815 7.877325 -0.984879 0.002405 0.049267 -0.006228 0.998763 
1710052464.497426 43.458978 7.862219 -0.987128 0.003016 0.049030 -0.004034 0.998785 
1710052464.598335 43.552949 7.858762 -1.001593 0.005796 0.048509 -0.005737 0.998789 
1710052464.699288 43.663683 7.843658 -1.027048 0.000450 0.052659 -0.006581 0.998591 
1710052464.800017 43.775020 7.820954 -1.025061 -0.003231 0.057974 -0.002922 0.998309 
1710052464.903880 43.862040 7.815632 -1.023645 0.001091 0.057044 -0.004894 0.998359 
1710052465.001669 43.862571 7.814980 -1.023603 -0.007061 0.059916 0.002151 0.998176 
1710052465.102584 43.957610 7.832645 -1.047797 -0.005828 0.059532 0.002535 0.998206 
1710052465.204142 44.053714 7.841155 -1.064004 -0.003682 0.059552 0.003979 0.998210 
1710052465.304449 44.130712 7.849996 -1.069329 0.000244 0.064105 0.005266 0.997929 
1710052465.407870 44.197397 7.863793 -1.090009 0.001615 0.064310 0.001125 0.997928 
1710052465.507959 44.321270 7.874580 -1.110747 -0.000814 0.068394 0.004953 0.997646 
1710052465.606816 44.426168 7.891951 -1.121630 0.002745 0.064214 0.004797 0.997921 
1710052465.712210 44.499816 7.908076 -1.136792 -0.004279 0.063208 0.013106 0.997905 
1710052465.809487 44.601659 7.919951 -1.157342 -0.012597 0.062145 0.027305 0.997614 
1710052465.910928 44.711274 7.927807 -1.164972 -0.012586 0.061875 0.034702 0.997401 
1710052466.011021 44.803594 7.922040 -1.178016 -0.009494 0.059549 0.038699 0.997430 
1710052466.111118 44.871684 7.922475 -1.173576 -0.006543 0.058920 0.035959 0.997593 
1710052466.212076 44.968783 7.932733 -1.188304 -0.004967 0.059048 0.036604 0.997571 
1710052466.312912 45.071339 7.940992 -1.202253 -0.010559 0.058730 0.037244 0.997523 
1710052466.413897 45.146410 7.952962 -1.186535 -0.003647 0.059430 0.035761 0.997585 
1710052466.515995 45.238518 7.967054 -1.193020 -0.004350 0.061021 0.035801 0.997485 
1710052466.617370 45.345487 7.964227 -1.211082 -0.001209 0.062262 0.036017 0.997409 
1710052466.717759 45.446542 7.957639 -1.217037 -0.002460 0.060822 0.036293 0.997486 
1710052466.818391 45.529613 7.959560 -1.223219 -0.003267 0.064825 0.038048 0.997166 
1710052466.917994 45.616963 7.965782 -1.248769 -0.001305 0.063481 0.034489 0.997386 
1710052467.023876 45.727344 7.976117 -1.273019 -0.003102 0.067358 0.036482 0.997057 
1710052467.120132 45.813225 7.987175 -1.280258 -0.003348 0.065574 0.035207 0.997221 
1710052467.222151 45.890363 7.994994 -1.288041 -0.005349 0.066039 0.035058 0.997187 
1710052467.321545 45.985294 7.995637 -1.312105 -0.003544 0.067138 0.036797 0.997059 
1710052467.422284 46.088693 7.997260 -1.323660 -0.003750 0.065669 0.035185 0.997214 
1710052467.523172 46.158074 7.997060 -1.313318 -0.003109 0.063493 0.036752 0.997300 
1710052467.624349 46.241878 8.004491 -1.311359 -0.003163 0.061873 0.035162 0.997459 
1710052467.725287 46.342224 8.021691 -1.321955 -0.003811 0.063317 0.035065 0.997370 
1710052467.825839 46.439461 8.036261 -1.326226 -0.005244 0.059173 0.034978 0.997621 
1710052467.927886 46.519443 8.052962 -1.314001 -0.000027 0.062552 0.034398 0.997449 
1710052468.027598 46.608718 8.063921 -1.313499 -0.002438 0.060983 0.035738 0.997496 
1710052468.128639 46.714148 8.071766 -1.331443 -0.000529 0.063434 0.035068 0.997370 
1710052468.229150 46.794517 8.083081 -1.340908 -0.000982 0.061194 0.035314 0.997501 
1710052468.330000 46.876561 8.085853 -1.346663 -0.004239 0.058563 0.035437 0.997646 
1710052468.431121 46.986015 8.092296 -1.368660 0.004041 0.053359 0.034211 0.997981 
1710052468.532631 47.087772 8.090958 -1.388375 -0.006036 0.057962 0.036265 0.997642 
1710052468.632651 47.167257 8.094926 -1.388739 -0.004335 0.055908 0.035256 0.997804 
1710052468.733569 47.250907 8.103404 -1.391707 -0.006049 0.054491 0.036246 0.997838 
1710052468.834286 47.363032 8.115806 -1.399940 -0.002593 0.055092 0.036797 0.997800 
1710052468.935173 47.464509 8.125560 -1.404815 -0.002966 0.053826 0.035600 0.997911 
1710052469.037810 47.540703 8.132583 -1.405957 -0.004083 0.052825 0.037050 0.997908 
1710052469.136980 47.628434 8.144265 -1.420777 -0.000406 0.052296 0.035352 0.998006 
1710052469.239085 47.738469 8.152353 -1.441555 -0.004600 0.053395 0.035179 0.997943 
1710052469.338616 47.826448 8.168437 -1.452775 0.002518 0.050674 0.035159 0.998093 
1710052469.441590 47.907610 8.180906 -1.453944 -0.001874 0.052415 0.035366 0.997997 
1710052469.541851 48.003827 8.196227 -1.466044 -0.008452 0.050890 0.047965 0.997516 
1710052469.641196 48.101159 8.207052 -1.481915 -0.011103 0.053123 0.059520 0.996751 
1710052469.742675 48.167216 8.205020 -1.479875 -0.014393 0.050903 0.068924 0.996218 
1710052469.843109 48.243344 8.210876 -1.475748 -0.011253 0.050634 0.068708 0.996287 
1710052469.943844 48.334586 8.225000 -1.487156 -0.008412 0.052598 0.067480 0.996298 
1710052470.045401 48.428086 8.246400 -1.495857 -0.010393 0.051434 0.068338 0.996281 
1710052470.146143 48.509488 8.263412 -1.493429 -0.008166 0.047518 0.067245 0.996571 
1710052470.246359 48.601324 8.278948 -1.516661 -0.007844 0.043525 0.067946 0.996708 
1710052470.347233 48.709807 8.301411 -1.530527 -0.006019 0.046714 0.070297 0.996414 
1710052470.448066 48.795188 8.307476 -1.530532 -0.011831 0.041786 0.079537 0.995885 
1710052470.548938 48.866069 8.317701 -1.518541 -0.016607 0.041296 0.097305 0.994259 
1710052470.650107 48.965457 8.334149 -1.532185 -0.016582 0.038234 0.112144 0.992818 
1710052470.750746 49.081813 8.360276 -1.550749 -0.021213 0.039044 0.126482 0.990973 
1710052470.851489 49.177456 8.376782 -1.566664 -0.017484 0.033146 0.133431 0.990349 
1710052470.952350 49.245177 8.392766 -1.567003 -0.016581 0.035846 0.133503 0.990261 
1710052471.053441 49.345931 8.433581 -1.580944 -0.009154 0.034949 0.134676 0.990231 
1710052471.154472 49.453789 8.462599 -1.592682 -0.008781 0.038547 0.133824 0.990216 
1710052471.255469 49.534543 8.489949 -1.590294 -0.006379 0.040235 0.135580 0.989929 
1710052471.355805 49.620031 8.514027 -1.600202 -0.008327 0.040022 0.133760 0.990170 
1710052471.456654 49.713874 8.531722 -1.609535 -0.006448 0.044056 0.133864 0.989999 
1710052471.557644 49.790436 8.561502 -1.615532 -0.017176 0.045948 0.145492 0.988143 
1710052471.659641 49.856203 8.588732 -1.613671 -0.021507 0.042264 0.159613 0.986040 
1710052471.759655 49.933579 8.597727 -1.628552 -0.031744 0.039047 0.180273 0.982329 
1710052471.860131 50.027759 8.619327 -1.635063 -0.028939 0.044118 0.196588 0.979066 
1710052471.961136 50.098659 8.657897 -1.628048 -0.029601 0.043917 0.214193 0.975355 
1710052472.061955 50.169622 8.690347 -1.629451 -0.036255 0.041666 0.232670 0.970986 
1710052472.162654 50.264292 8.747381 -1.652540 -0.033105 0.040138 0.247080 0.967597 
1710052472.263511 50.365203 8.798339 -1.670270 -0.032111 0.045426 0.255113 0.965310 
1710052472.365820 50.430513 8.837499 -1.664722 -0.026116 0.044758 0.255849 0.965327 
1710052472.465303 50.506253 8.883543 -1.669362 -0.022808 0.045045 0.254821 0.965669 
1710052472.566242 50.601444 8.952791 -1.692243 -0.023418 0.046562 0.257819 0.964786 
1710052472.666980 50.685491 9.009466 -1.707688 -0.020788 0.049346 0.255809 0.965243 
1710052472.767870 50.750770 9.059510 -1.705539 -0.020742 0.046289 0.257654 0.964905 
1710052472.868679 50.830991 9.119166 -1.715970 -0.017626 0.044743 0.255902 0.965506 
1710052472.969548 50.929138 9.169752 -1.731408 -0.022934 0.045046 0.255555 0.965472 
1710052473.071774 51.005667 9.205540 -1.733024 -0.023644 0.040113 0.256092 0.965530 
1710052473.171276 51.070611 9.233172 -1.738115 -0.019877 0.040062 0.254904 0.965932 
1710052473.272583 51.153935 9.262900 -1.743134 -0.026384 0.038835 0.267363 0.962451 
1710052473.373008 51.236754 9.297381 -1.750847 -0.031466 0.037963 0.282197 0.958088 
1710052473.473828 51.296969 9.336924 -1.747685 -0.036149 0.034325 0.302882 0.951723 
1710052473.574711 51.360636 9.388963 -1.744750 -0.044135 0.030334 0.323505 0.944710 
1710052473.675590 51.438781 9.474983 -1.754276 -0.041004 0.033883 0.341971 0.938204 
1710052473.776577 51.502943 9.558396 -1.758878 -0.049682 0.034000 0.362567 0.930011 
1710052473.877412 51.557364 9.630346 -1.761674 -0.046759 0.033211 0.373364 0.925910 
1710052473.978594 51.622611 9.700600 -1.776700 -0.039282 0.033864 0.378139 0.924295 
1710052474.078992 51.702958 9.797785 -1.796413 -0.034745 0.038747 0.380664 0.923248 
1710052474.180051 51.771405 9.869066 -1.796293 -0.031223 0.042492 0.377520 0.924499 
1710052474.280755 51.827526 9.919972 -1.789632 -0.029573 0.043157 0.379528 0.923700 
1710052474.381947 51.897447 9.986318 -1.800761 -0.026228 0.043444 0.377498 0.924619 
1710052474.482446 51.970620 10.048886 -1.823162 -0.029375 0.043744 0.377545 0.924491 
1710052474.583285 52.026224 10.108732 -1.829627 -0.031022 0.041592 0.376734 0.924867 
1710052474.684161 52.085830 10.165442 -1.842292 -0.030523 0.043727 0.376467 0.924894 
1710052474.785053 52.157366 10.240633 -1.855703 -0.030257 0.043586 0.378332 0.924148 
1710052474.885838 52.227111 10.293151 -1.868094 -0.031134 0.047471 0.378194 0.923984 
1710052474.987443 52.284824 10.346342 -1.861700 -0.030920 0.046472 0.379246 0.923611 
1710052475.087604 52.348618 10.409672 -1.867635 -0.031326 0.042619 0.377935 0.924320 
1710052475.188495 52.431942 10.498773 -1.886657 -0.035299 0.043162 0.377276 0.924421 
1710052475.289288 52.494910 10.569264 -1.902766 -0.029897 0.047462 0.378830 0.923765 
1710052475.390243 52.551610 10.630775 -1.918163 -0.030609 0.041729 0.376514 0.924964 
1710052475.491065 52.629491 10.700930 -1.932917 -0.030063 0.042157 0.378319 0.924226 
1710052475.592109 52.700701 10.782321 -1.939680 -0.027963 0.044533 0.378361 0.924163 
1710052475.693177 52.757045 10.835680 -1.940407 -0.030993 0.041695 0.378390 0.924187 
1710052475.793820 52.813451 10.902232 -1.945661 -0.028314 0.043935 0.378615 0.924077 
1710052475.894735 52.886541 10.983459 -1.965318 -0.030800 0.041985 0.377364 0.924600 
1710052475.997005 52.950669 11.054579 -1.981315 -0.026768 0.048971 0.377165 0.924463 
1710052476.096161 53.006183 11.116318 -1.985461 -0.030894 0.046844 0.376714 0.924628 
1710052476.197179 53.079724 11.192364 -2.008912 -0.036004 0.046112 0.384456 0.921288 
1710052476.298090 53.161633 11.275459 -2.023693 -0.038969 0.048337 0.397144 0.915654 
1710052476.398880 53.228976 11.344877 -2.032463 -0.045705 0.042833 0.419275 0.905696 
1710052476.499678 53.285294 11.405897 -2.040136 -0.048660 0.037600 0.435109 0.898275 
1710052476.600463 53.354022 11.485921 -2.052984 -0.055324 0.036947 0.450399 0.890345 
1710052476.701327 53.421828 11.565761 -2.055512 -0.056755 0.029046 0.465890 0.882543 
1710052476.802226 53.458580 11.631182 -2.046874 -0.051411 0.035464 0.478690 0.875760 
1710052476.903027 53.494801 11.706686 -2.051164 -0.050050 0.035687 0.486707 0.871400 
1710052477.003922 53.533677 11.787345 -2.064112 -0.043940 0.039413 0.487739 0.870992 
1710052477.104748 53.582318 11.863821 -2.067111 -0.038304 0.040843 0.485673 0.872345 
1710052477.205790 53.622321 11.925591 -2.065224 -0.038286 0.044611 0.486386 0.871764 
1710052477.309078 53.672188 12.000237 -2.084221 -0.033137 0.043918 0.485820 0.872326 
1710052477.407549 53.728208 12.091352 -2.113200 -0.037799 0.046934 0.486636 0.871524 
1710052477.508241 53.775743 12.163846 -2.132441 -0.037125 0.045842 0.485664 0.872153 
1710052477.609135 53.825907 12.239735 -2.138542 -0.038602 0.043478 0.485860 0.872101 
1710052477.710063 53.880334 12.323356 -2.157294 -0.042113 0.043901 0.486984 0.871290 
1710052477.811847 53.943582 12.412504 -2.168761 -0.039294 0.045235 0.486897 0.871402 
1710052477.913035 53.997185 12.486245 -2.164441 -0.044233 0.040344 0.496303 0.866083 
1710052478.013966 54.032783 12.570558 -2.167213 -0.046970 0.036417 0.507447 0.859631 
1710052478.113345 54.065793 12.662116 -2.185964 -0.051819 0.037894 0.514020 0.855372 
1710052478.214280 54.109785 12.733906 -2.201056 -0.047666 0.035062 0.514729 0.855308 
1710052478.315376 54.139708 12.808839 -2.205594 -0.044292 0.037960 0.519592 0.852421 
1710052478.416106 54.176790 12.891440 -2.211577 -0.039494 0.033945 0.521247 0.851815 
1710052478.518733 54.228023 12.982744 -2.222501 -0.040515 0.033919 0.519853 0.852620 
1710052478.618151 54.267130 13.072590 -2.217466 -0.040412 0.029530 0.528522 0.847443 
1710052478.718602 54.295877 13.152840 -2.218649 -0.043234 0.021884 0.541761 0.839135 
1710052478.820326 54.330334 13.255461 -2.233281 -0.044962 0.019179 0.553816 0.831203 
1710052478.920444 54.366602 13.362241 -2.230636 -0.049701 0.016982 0.568867 0.820751 
1710052479.023603 54.384054 13.437397 -2.230417 -0.051451 0.013392 0.582660 0.810975 
1710052479.123238 54.393701 13.513069 -2.232288 -0.050983 0.011922 0.598615 0.799324 
1710052479.223594 54.413402 13.599490 -2.254207 -0.052589 0.013586 0.610390 0.790236 
1710052479.323657 54.426699 13.687586 -2.255585 -0.050624 0.014095 0.620995 0.782051 
1710052479.425181 54.442265 13.742913 -2.255436 -0.046052 0.014434 0.627439 0.777169 
1710052479.525613 54.470726 13.811859 -2.261183 -0.037730 0.017451 0.627435 0.777559 
1710052479.626431 54.499550 13.912986 -2.270133 -0.038835 0.019619 0.626821 0.777948 
1710052479.727101 54.521139 14.008338 -2.283442 -0.036111 0.019313 0.626907 0.778017 
1710052479.828495 54.538602 14.086241 -2.277658 -0.035835 0.019270 0.626574 0.778299 
1710052479.929357 54.559965 14.178540 -2.291996 -0.036996 0.017636 0.626922 0.778004 
1710052480.029674 54.574743 14.284604 -2.309066 -0.035953 0.021739 0.627042 0.777851 
1710052480.130603 54.591513 14.378803 -2.309185 -0.034104 0.020637 0.626771 0.778183 
1710052480.231367 54.614487 14.453070 -2.320618 -0.036126 0.020892 0.627484 0.777510 
1710052480.332292 54.639692 14.544844 -2.340887 -0.033249 0.025533 0.626648 0.778174 
1710052480.433092 54.679081 14.652120 -2.354539 -0.038573 0.025472 0.627272 0.777427 
1710052480.534665 54.694774 14.721342 -2.352037 -0.039227 0.026896 0.626193 0.778216 
1710052480.634955 54.714729 14.801209 -2.350733 -0.041436 0.025566 0.625698 0.778544 
1710052480.736366 54.734452 14.882990 -2.369419 -0.042996 0.029673 0.623325 0.780216 
1710052480.836584 54.758311 14.965776 -2.377017 -0.038946 0.032134 0.614112 0.787602 
1710052480.937390 54.778117 15.035863 -2.372125 -0.033976 0.034791 0.605732 0.794181 
1710052481.038386 54.799846 15.112543 -2.388447 -0.029196 0.034689 0.589560 0.806451 
1710052481.139200 54.824790 15.200966 -2.405180 -0.028453 0.035266 0.574229 0.817440 
1710052481.240205 54.855707 15.283269 -2.421483 -0.019868 0.032506 0.552985 0.832320 
1710052481.340915 54.882673 15.352219 -2.409197 -0.008101 0.031489 0.530895 0.846813 
1710052481.442364 54.921043 15.443396 -2.404092 -0.003956 0.022966 0.511435 0.859006 
1710052481.542898 54.968644 15.533790 -2.411695 -0.003996 0.023229 0.489580 0.871640 
1710052481.643435 55.009739 15.611132 -2.417661 -0.002590 0.021024 0.473472 0.880554 
1710052481.744331 55.057685 15.686228 -2.422794 -0.000362 0.017111 0.461214 0.887124 
1710052481.847724 55.123552 15.789071 -2.433923 -0.006129 0.013852 0.452665 0.891552 
1710052481.946174 55.163416 15.868949 -2.423838 -0.006225 0.010313 0.441230 0.897313 
1710052482.046846 55.214767 15.913746 -2.450381 -0.003901 0.009696 0.415221 0.909661 
1710052482.147788 55.268942 15.974248 -2.454248 0.007040 0.008516 0.391929 0.919929 
1710052482.248639 55.347880 16.045125 -2.469894 0.006005 0.009927 0.372699 0.927880 
1710052482.349692 55.413837 16.115853 -2.458374 0.011562 0.009831 0.347746 0.937466 
1710052482.450279 55.472907 16.171878 -2.436281 0.010394 0.006997 0.331450 0.943390 
1710052482.551278 55.546036 16.234094 -2.420732 0.009937 0.003619 0.319309 0.947592 
1710052482.652001 55.635594 16.298381 -2.416337 0.003894 0.004663 0.310073 0.950693 
1710052482.752848 55.707249 16.331158 -2.415186 0.001477 0.000858 0.298592 0.954379 
1710052482.853862 55.777792 16.364746 -2.413283 0.002731 -0.001608 0.280440 0.959866 
1710052482.954666 55.867078 16.421625 -2.417833 0.007449 -0.004486 0.262921 0.964778 
1710052483.055446 55.954295 16.475124 -2.426244 0.010571 -0.000229 0.247798 0.968754 
1710052483.156487 56.026847 16.518087 -2.412449 0.009274 -0.002900 0.238010 0.971214 
1710052483.257166 56.105891 16.540763 -2.409095 0.009681 -0.005552 0.222059 0.974969 
1710052483.358052 56.197916 16.592071 -2.400964 0.006862 -0.004209 0.212846 0.977053 
1710052483.459160 56.285446 16.636030 -2.406072 0.000631 -0.006345 0.208349 0.978034 
1710052483.559996 56.361512 16.672029 -2.403307 -0.003288 -0.008621 0.208035 0.978078 
1710052483.661069 56.438871 16.713448 -2.410299 -0.004053 -0.010778 0.209035 0.977840 
1710052483.761436 56.534191 16.755204 -2.410382 -0.005818 -0.009513 0.209623 0.977719 
1710052483.862772 56.618378 16.789161 -2.399540 -0.003641 -0.009825 0.209556 0.977740 
1710052483.963532 56.685305 16.830879 -2.393394 -0.004232 -0.010532 0.209591 0.977723 
1710052484.064017 56.772049 16.878309 -2.386890 -0.004239 -0.012155 0.208841 0.977865 
1710052484.164963 56.853083 16.937324 -2.389793 -0.006310 -0.009436 0.208730 0.977907 
1710052484.265774 56.914586 16.984146 -2.387784 -0.004917 -0.010552 0.208398 0.977975 
1710052484.366720 56.979766 17.023378 -2.380960 -0.005814 -0.012402 0.208055 0.978021 
1710052484.467524 57.063666 17.097233 -2.381835 -0.006369 -0.011356 0.205120 0.978650 
1710052484.568511 57.145219 17.150792 -2.392424 -0.001147 -0.008787 0.194871 0.980789 
1710052484.669193 57.210330 17.193595 -2.374781 0.006265 -0.008905 0.182400 0.983164 
1710052484.771208 57.298281 17.212562 -2.380914 0.008342 -0.011162 0.170785 0.985210 
1710052484.871008 57.384351 17.253860 -2.373980 0.001427 -0.010723 0.168512 0.985640 
1710052484.971791 57.459334 17.287476 -2.374099 -0.002740 -0.011556 0.167412 0.985816 
1710052485.072853 57.529456 17.318261 -2.371087 -0.004988 -0.014141 0.167091 0.985827 
1710052485.173693 57.619200 17.344924 -2.360230 -0.006122 -0.013986 0.167378 0.985775 
1710052485.274383 57.714254 17.393807 -2.354073 -0.002653 -0.011342 0.165044 0.986217 
1710052485.375424 57.785090 17.424061 -2.347931 0.001860 -0.011514 0.156546 0.987602 
1710052485.477226 57.852345 17.452706 -2.356117 0.006270 -0.011079 0.147912 0.988919 
1710052485.577073 57.951030 17.490007 -2.354116 0.003272 -0.013101 0.145585 0.989254 
1710052485.677983 58.034916 17.527868 -2.355511 0.001134 -0.009044 0.146000 0.989243 
1710052485.778758 58.103057 17.559332 -2.348260 -0.000684 -0.012014 0.143635 0.989558 
1710052485.879744 58.198696 17.592812 -2.352422 -0.003524 -0.014846 0.139061 0.990166 
1710052485.982597 58.305432 17.628919 -2.347572 -0.000340 -0.010046 0.139647 0.990150 
1710052486.081282 58.398054 17.645303 -2.342178 0.000723 -0.011541 0.139373 0.990172 
1710052486.182069 58.477607 17.663647 -2.329805 0.002572 -0.013492 0.135140 0.990731 
1710052486.283091 58.584325 17.686837 -2.340735 0.002810 -0.012614 0.127467 0.991759 
1710052486.383790 58.689101 17.719362 -2.330048 0.002409 -0.011211 0.124297 0.992179 
1710052486.484743 58.774533 17.748528 -2.320543 0.002665 -0.011747 0.123369 0.992288 
1710052486.585579 58.859408 17.764613 -2.322550 0.000700 -0.012799 0.123649 0.992243 
1710052486.688867 58.970543 17.778582 -2.312651 -0.001252 -0.012331 0.123829 0.992226 
1710052486.787313 59.072553 17.796963 -2.310837 -0.002072 -0.012778 0.125012 0.992071 
1710052486.888141 59.173023 17.820619 -2.309648 -0.000773 -0.012930 0.120827 0.992589 
1710052486.989221 59.269300 17.843262 -2.313225 0.003723 -0.012100 0.114487 0.993344 
1710052487.089787 59.370951 17.879177 -2.316087 0.000750 -0.008922 0.112545 0.993606 
1710052487.191028 59.440976 17.915151 -2.312596 -0.001347 -0.011024 0.113129 0.993518 
1710052487.291545 59.512800 17.946309 -2.308475 -0.001002 -0.011446 0.112906 0.993539 
1710052487.392476 59.605143 17.965947 -2.322087 -0.004627 -0.007679 0.113516 0.993496 
1710052487.494179 59.708321 17.977157 -2.315155 -0.002127 -0.008524 0.113933 0.993450 
1710052487.594215 59.784675 17.986380 -2.299578 -0.002444 -0.008961 0.114755 0.993350 
1710052487.695267 59.868293 17.998611 -2.294507 -0.001237 -0.010410 0.109888 0.993889 
1710052487.795952 59.975407 18.029044 -2.304097 -0.004082 -0.008087 0.107431 0.994171 
1710052487.897120 60.057180 18.055999 -2.288112 -0.003692 -0.008892 0.108578 0.994041 
1710052487.997532 60.125735 18.086800 -2.273898 -0.003036 -0.009598 0.107875 0.994113 
1710052488.098604 60.213801 18.112612 -2.279960 -0.002062 -0.011222 0.103933 0.994519 
1710052488.199253 60.326873 18.122306 -2.282951 0.004420 -0.007244 0.091963 0.995726 
1710052488.300220 60.407703 18.127282 -2.279329 0.007469 -0.008857 0.077973 0.996888 
1710052488.400988 60.484790 18.138808 -2.270345 0.007594 -0.010514 0.070929 0.997397 
1710052488.502120 60.594950 18.173115 -2.276529 0.006116 -0.010435 0.069243 0.997527 
1710052488.602669 60.700972 18.205437 -2.274888 0.000700 -0.007750 0.068073 0.997650 
1710052488.703551 60.771902 18.235085 -2.271513 -0.001864 -0.010389 0.066928 0.997702 
1710052488.804405 60.843889 18.260915 -2.268844 -0.001954 -0.010635 0.067582 0.997655 
1710052488.905311 60.946229 18.275747 -2.280763 -0.000610 -0.008971 0.062420 0.998009 
1710052489.006204 61.045255 18.260920 -2.269890 0.005645 -0.009915 0.047236 0.998819 
1710052489.107532 61.126935 18.259396 -2.254094 0.007485 -0.009408 0.037776 0.999214 
1710052489.207933 61.216421 18.282428 -2.256095 0.006705 -0.011170 0.032758 0.999378 
1710052489.308741 61.318144 18.309570 -2.262402 0.001416 -0.007119 0.032228 0.999454 
1710052489.409836 61.393825 18.337727 -2.254426 -0.000264 -0.007796 0.032694 0.999435 
1710052489.511193 61.470600 18.351221 -2.249263 -0.002490 -0.009403 0.032270 0.999432 
1710052489.611298 61.571756 18.363541 -2.268458 -0.002699 -0.008871 0.033326 0.999402 
1710052489.712135 61.680874 18.371371 -2.277305 -0.001379 -0.007484 0.032494 0.999443 
1710052489.813315 61.755534 18.368124 -2.264161 0.001825 -0.009439 0.026469 0.999603 
1710052489.914383 61.835215 18.362384 -2.263391 0.007104 -0.009794 0.013237 0.999839 
1710052490.014861 61.942665 18.362853 -2.257463 0.005798 -0.009401 0.007488 0.999911 
1710052490.115568 62.035326 18.353405 -2.244801 0.002276 -0.008744 0.006932 0.999935 
1710052490.216445 62.106507 18.359052 -2.229786 0.000495 -0.009986 0.006643 0.999928 
1710052490.318288 62.197022 18.369213 -2.226315 -0.000408 -0.011564 0.006959 0.999909 
1710052490.418265 62.298647 18.375034 -2.221786 -0.000742 -0.010817 0.005498 0.999926 
1710052490.519040 62.380894 18.375557 -2.212580 -0.000427 -0.011645 0.006244 0.999913 
1710052490.623881 62.459179 18.378087 -2.206804 -0.000453 -0.012472 0.007003 0.999898 
1710052490.720712 62.561249 18.397134 -2.221244 0.003076 -0.015141 0.007041 0.999856 
1710052490.821576 62.674580 18.417575 -2.227235 -0.000285 -0.012171 0.006467 0.999905 
1710052490.925069 62.758089 18.433138 -2.216934 -0.000561 -0.013953 0.006793 0.999879 
1710052491.023303 62.835642 18.444481 -2.210109 -0.000902 -0.015073 0.005974 0.999868 
1710052491.124321 62.947686 18.456193 -2.224793 -0.003210 -0.011984 0.007512 0.999895 
1710052491.225033 63.049942 18.455551 -2.220646 -0.001363 -0.012608 0.005999 0.999902 
1710052491.326287 63.126148 18.460974 -2.204844 -0.001124 -0.013794 0.007971 0.999872 
1710052491.427026 63.212703 18.470134 -2.205553 0.000863 -0.015098 0.007585 0.999857 
1710052491.527718 63.316057 18.483212 -2.203397 -0.002956 -0.010834 0.006189 0.999918 
1710052491.629917 63.403222 18.508403 -2.203353 -0.001715 -0.011318 0.006763 0.999912 
1710052491.729450 63.481505 18.522214 -2.192902 -0.001381 -0.011863 0.005849 0.999912 
1710052491.830986 63.583056 18.529934 -2.192233 -0.004113 -0.012350 0.006810 0.999892 
1710052491.931133 63.675842 18.522163 -2.205871 -0.002511 -0.009498 0.005751 0.999935 
1710052492.032014 63.754973 18.527764 -2.196741 -0.001336 -0.011131 0.007004 0.999913 
1710052492.132760 63.834378 18.536288 -2.190291 -0.000207 -0.012243 0.007087 0.999900 
1710052492.233891 63.939415 18.545113 -2.190025 0.002696 -0.010073 0.007851 0.999915 
1710052492.334548 64.043414 18.553489 -2.177104 -0.003033 -0.007125 0.007104 0.999945 
1710052492.435389 64.128683 18.563711 -2.176154 -0.001903 -0.010804 0.006276 0.999920 
1710052492.536506 64.216787 18.570740 -2.173346 -0.002352 -0.011865 0.006521 0.999906 
1710052492.637041 64.317058 18.574845 -2.179820 -0.001279 -0.007570 0.006785 0.999948 
1710052492.737906 64.402344 18.575513 -2.162905 0.000127 -0.010055 0.006597 0.999928 
1710052492.838758 64.477203 18.572622 -2.157690 0.000145 -0.009178 0.007936 0.999926 
1710052492.939794 64.580199 18.565815 -2.164491 0.000835 -0.012478 0.006913 0.999898 
1710052493.040506 64.687461 18.583303 -2.173526 0.000859 -0.007671 0.007287 0.999944 
1710052493.141679 64.768729 18.597225 -2.160699 -0.000069 -0.008901 0.006455 0.999940 
1710052493.242988 64.847847 18.597577 -2.154655 0.000886 -0.010828 0.006453 0.999920 
1710052493.343370 64.957579 18.603112 -2.159635 0.000390 -0.010478 0.008111 0.999912 
1710052493.447629 65.054718 18.595335 -2.171514 0.000871 -0.008563 0.006398 0.999942 
1710052493.544788 65.132140 18.590887 -2.160174 0.000800 -0.011174 0.007776 0.999907 
1710052493.645931 65.214459 18.589987 -2.153053 0.001402 -0.011711 0.007222 0.999904 
1710052493.746522 65.325291 18.598041 -2.154180 0.000242 -0.008260 0.007413 0.999938 
1710052493.847449 65.408660 18.621895 -2.151066 -0.001129 -0.008233 0.007245 0.999939 
1710052493.948278 65.491352 18.627053 -2.147535 0.000243 -0.010065 0.006029 0.999931 
1710052494.049155 65.590985 18.623456 -2.138618 -0.001806 -0.009745 0.007719 0.999921 
1710052494.149928 65.689883 18.621836 -2.128685 0.002208 -0.005928 0.006999 0.999955 
1710052494.250801 65.773365 18.627203 -2.126506 0.001551 -0.007751 0.007684 0.999939 
1710052494.351678 65.859258 18.637904 -2.135660 0.000084 -0.007830 0.007322 0.999943 
1710052494.452929 65.968912 18.648487 -2.149848 -0.000473 -0.007574 0.007217 0.999945 
1710052494.553374 66.064153 18.654160 -2.143750 -0.001859 -0.007132 0.007625 0.999944 
1710052494.654267 66.132378 18.666587 -2.124352 -0.002004 -0.010741 0.006533 0.999919 
1710052494.755127 66.208755 18.674480 -2.119329 -0.002740 -0.014647 0.006184 0.999870 
1710052494.855950 66.316703 18.700528 -2.122151 -0.002317 -0.015749 0.008525 0.999837 
1710052494.957435 66.414227 18.702801 -2.129599 -0.001826 -0.013904 0.005674 0.999886 
1710052495.058606 66.490625 18.712389 -2.115291 -0.001267 -0.016508 0.003812 0.999856 
1710052495.158751 66.581558 18.714890 -2.094434 0.003771 -0.017996 -0.003492 0.999825 
1710052495.259456 66.689737 18.718643 -2.101567 0.007699 -0.017244 -0.018111 0.999658 
1710052495.360584 66.779602 18.707325 -2.100255 0.013025 -0.017062 -0.035605 0.999135 
1710052495.464421 66.852160 18.699661 -2.089620 0.019991 -0.020057 -0.057698 0.997932 
1710052495.564253 66.954140 18.688395 -2.083981 0.021682 -0.021783 -0.076971 0.996560 
1710052495.663032 67.055169 18.672195 -2.079194 0.022212 -0.019257 -0.096966 0.994853 
1710052495.763715 67.138676 18.645222 -2.077535 0.020862 -0.020903 -0.118740 0.992486 
1710052495.864777 67.222491 18.620164 -2.078164 0.021957 -0.022227 -0.138283 0.989900 
1710052495.965467 67.322996 18.588849 -2.082815 0.022085 -0.024588 -0.158563 0.986796 
1710052496.066607 67.411718 18.551879 -2.083590 0.021790 -0.020496 -0.178727 0.983444 
1710052496.167120 67.489518 18.519190 -2.071041 0.021572 -0.021057 -0.200494 0.979231 
1710052496.268046 67.571685 18.477315 -2.082569 0.017245 -0.022456 -0.219613 0.975176 
1710052496.368833 67.682236 18.435221 -2.079364 0.018754 -0.018971 -0.231642 0.972435 
1710052496.472287 67.776856 18.398474 -2.069077 0.017868 -0.020109 -0.242467 0.969787 
1710052496.570530 67.861762 18.361662 -2.055885 0.014427 -0.022133 -0.253410 0.966998 
1710052496.671470 67.953119 18.305208 -2.057325 0.013428 -0.022011 -0.265058 0.963888 
1710052496.772323 68.044442 18.243836 -2.056190 0.015852 -0.019633 -0.280771 0.959443 
1710052496.873199 68.117447 18.200981 -2.036361 0.018935 -0.021598 -0.299366 0.953706 
1710052496.974411 68.183539 18.152622 -2.039186 0.018119 -0.021761 -0.318118 0.947628 
1710052497.075475 68.265568 18.081036 -2.023502 0.017377 -0.021002 -0.333147 0.942481 
1710052497.175963 68.332220 18.026541 -2.023615 0.019973 -0.019440 -0.349105 0.936669 
1710052497.276689 68.382594 17.983512 -2.016204 0.020706 -0.020383 -0.365371 0.930408 
1710052497.377415 68.442648 17.934408 -2.017388 0.021701 -0.021453 -0.383156 0.923179 
1710052497.478710 68.523188 17.862361 -2.024161 0.022628 -0.017604 -0.399187 0.916421 
1710052497.579166 68.582666 17.812111 -2.019329 0.021977 -0.016632 -0.416259 0.908828 
1710052497.680231 68.636089 17.754732 -2.007169 0.021326 -0.019045 -0.434471 0.900232 
1710052497.780992 68.683913 17.675955 -2.005738 0.019743 -0.017934 -0.448169 0.893551 
1710052497.881712 68.742148 17.589726 -1.997019 0.022795 -0.017391 -0.462880 0.885957 
1710052497.982571 68.775527 17.502041 -1.994285 0.020239 -0.018125 -0.477407 0.878262 
1710052498.083665 68.825251 17.418862 -1.994080 0.020441 -0.019210 -0.492572 0.869820 
1710052498.185363 68.886508 17.313150 -2.005936 0.019869 -0.017623 -0.508203 0.860827 
1710052498.286424 68.942840 17.205009 -1.999717 0.021218 -0.016476 -0.523285 0.851734 
1710052498.386154 68.980167 17.123031 -1.984295 0.019871 -0.016134 -0.537660 0.842773 
1710052498.487043 69.020042 17.036475 -2.005929 0.017701 -0.015403 -0.548482 0.835833 
1710052498.587741 69.059482 16.923689 -2.012995 0.020239 -0.013890 -0.559510 0.828460 
1710052498.688792 69.078881 16.845115 -2.003451 0.020694 -0.015167 -0.571373 0.820289 
1710052498.789446 69.099972 16.769026 -1.990911 0.020277 -0.015878 -0.581947 0.812819 
1710052498.890977 69.129699 16.680311 -1.998256 0.022570 -0.013493 -0.593870 0.804131 
1710052498.992324 69.163171 16.591404 -2.009800 0.020214 -0.013919 -0.604161 0.796484 
1710052499.092448 69.184101 16.523661 -2.006114 0.018268 -0.014166 -0.612928 0.789801 
1710052499.193094 69.201171 16.447179 -2.006350 0.016960 -0.014463 -0.621140 0.783383 
1710052499.293931 69.214637 16.348953 -1.994043 0.017911 -0.011708 -0.628851 0.777231 
1710052499.394654 69.219941 16.251371 -1.981066 0.018728 -0.012239 -0.636643 0.770834 
1710052499.497285 69.229194 16.175863 -1.982081 0.017519 -0.012975 -0.643242 0.765353 
1710052499.599907 69.238572 16.078518 -1.994564 0.017447 -0.014574 -0.651044 0.758699 
1710052499.700505 69.251991 15.979573 -2.000762 0.018690 -0.009748 -0.658444 0.752334 
1710052499.798474 69.271577 15.902334 -1.979220 0.017513 -0.008108 -0.664666 0.746892 
1710052499.898980 69.291540 15.827163 -1.977161 0.017491 -0.010494 -0.670311 0.741800 
1710052499.999912 69.306431 15.729862 -2.006653 0.015657 -0.007732 -0.675476 0.737175 
1710052500.100633 69.320806 15.628431 -2.005041 0.017583 -0.008719 -0.680327 0.732646 
1710052500.201629 69.337340 15.565171 -1.987415 0.016705 -0.008451 -0.680808 0.732223 
1710052500.302490 69.337580 15.479431 -1.985537 0.013597 -0.007712 -0.679722 0.733303 
1710052500.403235 69.342897 15.371558 -2.015329 0.013925 -0.005119 -0.680527 0.732572 
1710052500.504098 69.344593 15.273625 -2.015562 0.012976 -0.003643 -0.680180 0.732921 
1710052500.604912 69.353141 15.195771 -2.000752 0.011521 -0.005371 -0.680299 0.732825 
1710052500.705791 69.365986 15.106214 -1.999323 0.010299 -0.005633 -0.680006 0.733113 
1710052500.806639 69.374536 14.999047 -1.999670 0.013670 -0.004321 -0.682480 0.730763 
1710052500.907754 69.384948 14.920907 -2.004734 0.015542 -0.007590 -0.690084 0.723523 
1710052501.008650 69.389388 14.840145 -2.006065 0.015463 -0.008696 -0.693617 0.720126 
1710052501.109398 69.398480 14.739066 -1.997883 0.014046 -0.007849 -0.692761 0.720988 
1710052501.210219 69.401825 14.637509 -1.999046 0.014878 -0.004674 -0.692561 0.721190 
1710052501.311123 69.399224 14.558675 -1.994766 0.011652 -0.004963 -0.692653 0.721159 
1710052501.411787 69.399245 14.475548 -1.986494 0.009263 -0.004943 -0.692422 0.721417 
1710052501.512655 69.412213 14.370616 -2.001315 0.010972 -0.003633 -0.691937 0.721866 
1710052501.613700 69.425426 14.285351 -1.988585 0.011953 -0.006268 -0.693187 0.720632 
1710052501.717314 69.429204 14.207223 -1.985206 0.011825 -0.005714 -0.692279 0.721511 
1710052501.816102 69.436522 14.115545 -1.991219 0.011696 -0.006836 -0.693014 0.720797 
1710052501.916263 69.442983 14.011061 -1.997579 0.013243 -0.002797 -0.692862 0.720944 
1710052502.017020 69.456606 13.925341 -1.995672 0.013457 -0.005032 -0.693213 0.720589 
1710052502.117810 69.465870 13.847247 -1.992819 0.012272 -0.006534 -0.693593 0.720233 
1710052502.218676 69.474320 13.744883 -1.997860 0.011520 -0.004481 -0.692550 0.721264 
1710052502.319512 69.487441 13.640885 -2.009899 0.013306 -0.004247 -0.693615 0.720210 
1710052502.420384 69.493224 13.567789 -1.995606 0.012682 -0.005154 -0.692763 0.721035 
1710052502.521335 69.495144 13.488574 -1.997010 0.011623 -0.006313 -0.692855 0.720956 
1710052502.622079 69.499683 13.383346 -2.002861 0.015423 -0.004230 -0.693574 0.720208 
1710052502.722946 69.502246 13.285624 -2.000801 0.014315 -0.002233 -0.692510 0.721263 
1710052502.823800 69.503169 13.205718 -1.996000 0.011583 -0.005257 -0.693128 0.720702 
1710052502.925442 69.505541 13.113950 -1.995354 0.010763 -0.005424 -0.692577 0.721244 
1710052503.025687 69.521833 13.013339 -1.996449 0.013271 -0.003072 -0.687981 0.725601 
1710052503.126573 69.536637 12.923404 -1.990389 0.008322 -0.001465 -0.677804 0.735194 
1710052503.227490 69.553710 12.837405 -1.997407 -0.000501 0.002646 -0.661605 0.749848 
1710052503.328224 69.565538 12.734707 -1.998201 -0.002022 0.003586 -0.646232 0.763130 
1710052503.429031 69.595977 12.620374 -2.015594 -0.002783 0.004886 -0.630716 0.775993 
1710052503.529848 69.622671 12.547032 -2.016308 -0.005294 0.002921 -0.614605 0.788812 
1710052503.630777 69.646896 12.472465 -2.009098 -0.007385 0.000836 -0.598304 0.801235 
1710052503.731727 69.678723 12.381121 -2.020007 -0.009621 0.001658 -0.580885 0.813927 
1710052503.832489 69.713979 12.302538 -2.011382 -0.008022 -0.000119 -0.565028 0.825033 
1710052503.933255 69.740173 12.232286 -1.997393 -0.007311 -0.003297 -0.545418 0.838126 
1710052504.034170 69.784668 12.152564 -1.997342 -0.007444 -0.005608 -0.529311 0.848377 
1710052504.134979 69.837281 12.053527 -2.008325 -0.007885 -0.002819 -0.512421 0.858693 
1710052504.236068 69.884557 11.980170 -2.010694 -0.010451 -0.005484 -0.495177 0.868712 
1710052504.336787 69.927480 11.912318 -2.008524 -0.009796 -0.009384 -0.480680 0.876791 
1710052504.437596 69.979364 11.836306 -2.002429 -0.009431 -0.007394 -0.463420 0.886057 
1710052504.538637 70.034221 11.752006 -1.988388 -0.007456 -0.006500 -0.447944 0.894007 
1710052504.639281 70.073536 11.686335 -1.978549 -0.004892 -0.007619 -0.437987 0.898936 
1710052504.740208 70.130620 11.630474 -1.974928 0.002026 -0.011894 -0.435546 0.900086 
1710052504.841416 70.202410 11.553539 -1.974901 0.006586 -0.014064 -0.437406 0.899130 
1710052504.943171 70.266674 11.474848 -1.979652 0.007361 -0.012202 -0.435481 0.900085 
1710052505.043053 70.314473 11.414590 -1.984247 0.003634 -0.011643 -0.426489 0.904410 
1710052505.147630 70.363380 11.339241 -1.997777 -0.007235 -0.011615 -0.410569 0.911727 
1710052505.244571 70.427855 11.272056 -1.995853 -0.006105 -0.006199 -0.393962 0.919086 
1710052505.345613 70.485151 11.212251 -1.981203 -0.007955 -0.006451 -0.374568 0.927143 
1710052505.446793 70.539227 11.160735 -1.980322 -0.011225 -0.008538 -0.357315 0.933878 
1710052505.549150 70.621145 11.102511 -1.984328 -0.012348 -0.008348 -0.340507 0.940124 
1710052505.647908 70.703346 11.041721 -1.985578 -0.011890 -0.007408 -0.323294 0.946195 
1710052505.748715 70.773768 11.006558 -1.963600 -0.011011 -0.007649 -0.306218 0.951867 
1710052505.850024 70.840717 10.961327 -1.959026 -0.013405 -0.009760 -0.290391 0.956765 
1710052505.950444 70.943551 10.901968 -1.947979 -0.010411 -0.009275 -0.276366 0.960951 
1710052506.051397 71.035586 10.861625 -1.941321 -0.003580 -0.009076 -0.269583 0.962928 
1710052506.154557 71.107355 10.822684 -1.939029 -0.000342 -0.011852 -0.266214 0.963841 
1710052506.253217 71.191755 10.785414 -1.930960 0.003800 -0.013038 -0.262189 0.964921 
1710052506.353868 71.295979 10.738140 -1.934206 0.000843 -0.008605 -0.261265 0.965228 
1710052506.454729 71.366570 10.692271 -1.936590 0.001367 -0.008397 -0.258088 0.966084 
1710052506.555772 71.418274 10.658994 -1.945345 -0.005084 -0.012080 -0.247641 0.968763 
1710052506.656478 71.492880 10.623627 -1.949963 -0.009690 -0.010369 -0.230356 0.973003 
1710052506.757310 71.579974 10.598869 -1.940929 -0.010294 -0.007850 -0.213154 0.976933 
1710052506.858284 71.646665 10.573298 -1.925675 -0.014196 -0.008595 -0.192349 0.981186 
1710052506.959378 71.731643 10.542306 -1.921955 -0.014701 -0.010517 -0.173549 0.984659 
1710052507.060352 71.835158 10.508369 -1.923535 -0.015528 -0.010769 -0.157350 0.987362 
1710052507.160835 71.925154 10.482388 -1.921799 -0.014457 -0.009185 -0.138536 0.990209 
1710052507.261932 72.003661 10.471398 -1.918507 -0.015521 -0.010815 -0.119732 0.992626 
1710052507.362469 72.087263 10.443692 -1.921730 -0.017912 -0.012917 -0.100500 0.994692 
1710052507.463332 72.197740 10.431866 -1.921458 -0.014706 -0.011584 -0.082539 0.996412 
1710052507.564974 72.283438 10.418408 -1.911633 -0.014262 -0.011535 -0.062755 0.997860 
1710052507.665097 72.364328 10.406259 -1.903893 -0.016467 -0.013813 -0.043913 0.998804 
1710052507.765927 72.469970 10.394162 -1.894469 -0.017450 -0.011867 -0.026746 0.999419 
1710052507.866837 72.585305 10.381924 -1.896932 -0.016846 -0.011755 -0.013546 0.999697 
1710052507.968765 72.695670 10.383986 -1.880897 -0.008809 -0.013022 -0.008225 0.999843 
1710052508.068558 72.791142 10.379874 -1.883554 -0.006048 -0.012198 -0.008032 0.999875 
1710052508.171317 72.902933 10.398426 -1.883525 -0.003476 -0.012058 -0.007247 0.999895 
1710052508.270232 73.002182 10.405654 -1.882978 -0.000988 -0.010631 -0.008632 0.999906 
1710052508.371064 73.083919 10.398462 -1.880997 -0.000430 -0.010663 -0.007165 0.999917 
1710052508.472085 73.174561 10.390278 -1.891995 0.001191 -0.012838 -0.009708 0.999870 
1710052508.572792 73.285785 10.391334 -1.898992 -0.001225 -0.009455 -0.007862 0.999924 
1710052508.673676 73.376376 10.396920 -1.890952 -0.000609 -0.009898 -0.007571 0.999922 
1710052508.774735 73.450160 10.407471 -1.886496 -0.000540 -0.012424 -0.007859 0.999892 
1710052508.875718 73.547634 10.400866 -1.889427 -0.001577 -0.010396 -0.007612 0.999916 
1710052508.976500 73.647765 10.409003 -1.884408 0.001791 -0.010831 -0.007827 0.999909 
1710052509.078407 73.728158 10.410710 -1.874011 0.000490 -0.010495 -0.005756 0.999928 
1710052509.178137 73.817761 10.420961 -1.867265 -0.000485 -0.011595 -0.006378 0.999912 
1710052509.278967 73.932279 10.415042 -1.874840 -0.001248 -0.010330 -0.007074 0.999921 
1710052509.379693 74.034851 10.412348 -1.871820 0.000279 -0.010047 -0.006675 0.999927 
1710052509.480505 74.115759 10.411653 -1.860766 -0.000266 -0.012366 -0.006167 0.999904 
1710052509.581732 74.209838 10.407173 -1.864080 -0.002046 -0.012164 -0.005730 0.999908 
1710052509.682257 74.314879 10.392285 -1.865986 -0.000413 -0.009935 -0.006048 0.999932 
1710052509.783128 74.397296 10.382479 -1.860926 0.000242 -0.012501 -0.005414 0.999907 
1710052509.884148 74.472084 10.376356 -1.849971 -0.000718 -0.012979 -0.006321 0.999896 
1710052509.984816 74.574134 10.375956 -1.852741 -0.000190 -0.010415 -0.006490 0.999925 
1710052510.085811 74.677915 10.366567 -1.853645 -0.002420 -0.011037 -0.006207 0.999917 
1710052510.187082 74.756029 10.368060 -1.838315 -0.001770 -0.013128 -0.006672 0.999890 
1710052510.287384 74.831112 10.379839 -1.833366 -0.004249 -0.013016 -0.001485 0.999905 
1710052510.388238 74.933383 10.391894 -1.824975 -0.009287 -0.013368 0.011561 0.999801 
1710052510.489249 75.014238 10.407191 -1.818628 -0.013160 -0.014436 0.027955 0.999418 
1710052510.589985 75.091924 10.415101 -1.818415 -0.015709 -0.015955 0.040251 0.998939 
1710052510.690850 75.185291 10.427100 -1.820184 -0.008381 -0.016838 0.044004 0.998854 
1710052510.791730 75.295787 10.431215 -1.832264 -0.003722 -0.014875 0.041467 0.999022 
1710052510.893384 75.374118 10.446686 -1.818135 -0.003577 -0.016849 0.041526 0.998989 
1710052510.993639 75.454903 10.471473 -1.808196 -0.002596 -0.018107 0.040891 0.998996 
1710052511.094489 75.552786 10.481516 -1.822233 -0.004653 -0.015471 0.042654 0.998959 
1710052511.196045 75.656947 10.494601 -1.815690 -0.000134 -0.016076 0.042029 0.998987 
1710052511.297430 75.729331 10.500189 -1.796226 -0.001049 -0.016335 0.042276 0.998972 
1710052511.396835 75.814107 10.512720 -1.795915 -0.001150 -0.017758 0.042417 0.998941 
1710052511.497916 75.914572 10.530320 -1.806779 -0.003423 -0.014377 0.041828 0.999016 
1710052511.598932 76.009889 10.555660 -1.805620 -0.001699 -0.014643 0.042074 0.999006 
1710052511.699405 76.084061 10.575155 -1.792493 -0.000685 -0.017155 0.041101 0.999007 
1710052511.800487 76.172495 10.589045 -1.789401 -0.002327 -0.016897 0.041074 0.999010 
1710052511.901353 76.279143 10.589933 -1.789893 -0.001627 -0.013697 0.041291 0.999052 
1710052512.002005 76.366598 10.582491 -1.787117 -0.001256 -0.015078 0.041887 0.999008 
1710052512.102907 76.450072 10.581138 -1.786158 -0.001440 -0.017104 0.042184 0.998962 
1710052512.204176 76.543301 10.583345 -1.787123 0.000419 -0.014527 0.041294 0.999041 
1710052512.304610 76.638037 10.594124 -1.782568 -0.002604 -0.012324 0.041082 0.999076 
1710052512.405978 76.707380 10.598955 -1.772162 -0.003412 -0.013730 0.040840 0.999066 
1710052512.506359 76.784032 10.612713 -1.767031 -0.002689 -0.015075 0.039988 0.999083 
1710052512.607926 76.881751 10.628632 -1.775533 -0.002126 -0.013289 0.040817 0.999076 
1710052512.708032 76.981386 10.619684 -1.764017 0.000301 -0.014138 0.039845 0.999106 
1710052512.809235 77.063839 10.619428 -1.752837 -0.001415 -0.013989 0.041378 0.999045 
1710052512.910046 77.157805 10.631111 -1.756361 -0.000959 -0.015686 0.041054 0.999033 
1710052513.010882 77.273868 10.658517 -1.759046 -0.004913 -0.013490 0.046173 0.998830 
1710052513.111764 77.353282 10.700459 -1.753524 -0.008181 -0.015592 0.061232 0.997968 
1710052513.212315 77.431912 10.745704 -1.749098 -0.013324 -0.017463 0.077516 0.996749 
1710052513.313290 77.528421 10.756963 -1.760766 -0.012417 -0.019675 0.086191 0.996007 
1710052513.413991 77.632557 10.745550 -1.766416 -0.006891 -0.018046 0.088132 0.995921 
1710052513.514896 77.710975 10.729446 -1.751319 -0.002826 -0.018774 0.089494 0.995806 
1710052513.615984 77.788072 10.730005 -1.749388 0.000310 -0.019048 0.087354 0.995995 
1710052513.716602 77.883380 10.762079 -1.745444 -0.000164 -0.013792 0.088255 0.996002 
1710052513.822893 77.972816 10.783077 -1.734466 -0.002742 -0.014347 0.088237 0.995992 
1710052513.918316 78.039855 10.813266 -1.719468 -0.001825 -0.017616 0.087069 0.996045 
1710052514.019210 78.125512 10.848223 -1.713161 -0.003926 -0.016071 0.087436 0.996033 
1710052514.121891 78.226898 10.865456 -1.704708 -0.003298 -0.013327 0.087881 0.996036 
1710052514.221470 78.310020 10.894110 -1.697711 -0.004902 -0.013175 0.094128 0.995461 
1710052514.321743 78.393902 10.915037 -1.693401 -0.010792 -0.015616 0.108900 0.993871 
1710052514.422605 78.505681 10.940850 -1.693009 -0.013190 -0.015625 0.126183 0.991796 
1710052514.525719 78.620072 10.974062 -1.694880 -0.019530 -0.013611 0.144129 0.989273 
1710052514.624420 78.696884 10.995113 -1.687543 -0.021279 -0.016213 0.160808 0.986623 
1710052514.725254 78.768628 11.033384 -1.680581 -0.022323 -0.017850 0.178212 0.983577 
1710052514.826201 78.866116 11.087234 -1.694588 -0.023783 -0.018369 0.196265 0.980090 
1710052514.926918 78.945989 11.133408 -1.687713 -0.020977 -0.016779 0.211778 0.976949 
1710052515.030043 79.012925 11.179102 -1.679039 -0.019791 -0.018482 0.228169 0.973245 
1710052515.128764 79.097750 11.234889 -1.687261 -0.016539 -0.020086 0.242878 0.969708 
1710052515.229630 79.196468 11.284117 -1.692287 -0.017476 -0.016719 0.252417 0.967316 
1710052515.330362 79.264348 11.344189 -1.692222 -0.015919 -0.018121 0.262600 0.964603 
1710052515.431183 79.318876 11.398193 -1.684525 -0.015426 -0.017290 0.277258 0.960516 
1710052515.532175 79.401440 11.438633 -1.686869 -0.016564 -0.017954 0.286392 0.957801 
1710052515.633026 79.497076 11.468102 -1.690667 -0.011983 -0.015204 0.287870 0.957474 
1710052515.733805 79.565035 11.513101 -1.684961 -0.011937 -0.015429 0.293093 0.955885 
1710052515.834762 79.633125 11.552200 -1.684087 -0.010903 -0.015960 0.299358 0.953945 
1710052515.935523 79.725055 11.599183 -1.689867 -0.006293 -0.012688 0.296735 0.954855 
1710052516.036607 79.794935 11.657265 -1.687010 -0.008113 -0.009595 0.297535 0.954628 
1710052516.137240 79.853859 11.709168 -1.671571 -0.007327 -0.011668 0.296911 0.954806 
1710052516.238263 79.927835 11.766374 -1.667330 -0.005966 -0.012806 0.297421 0.954642 
1710052516.339056 80.016381 11.817000 -1.666611 -0.007289 -0.011416 0.297965 0.954481 
1710052516.439965 80.093604 11.862164 -1.665793 -0.004076 -0.011389 0.297227 0.954730 
1710052516.541078 80.157013 11.914018 -1.657780 -0.007891 -0.012319 0.304491 0.952403 
1710052516.642367 80.234384 11.986335 -1.663273 -0.012583 -0.017561 0.318289 0.947748 
1710052516.742540 80.318768 12.067345 -1.665344 -0.021367 -0.017305 0.336247 0.941372 
1710052516.843379 80.379037 12.125783 -1.664535 -0.023879 -0.020360 0.354179 0.934651 
1710052516.944677 80.443804 12.175963 -1.662081 -0.025829 -0.024244 0.371589 0.927721 
1710052517.044947 80.515229 12.264246 -1.657277 -0.025860 -0.021714 0.389928 0.920226 
1710052517.148585 80.579451 12.345535 -1.649788 -0.026001 -0.020371 0.406445 0.913078 
1710052517.249399 80.619340 12.400545 -1.642073 -0.024758 -0.021308 0.424430 0.904872 
1710052517.347532 80.658040 12.479763 -1.642302 -0.022998 -0.021078 0.440372 0.897273 
1710052517.448564 80.728721 12.575758 -1.657359 -0.026224 -0.019027 0.455529 0.889631 
1710052517.550839 80.785706 12.661931 -1.664716 -0.025362 -0.018514 0.472550 0.880744 
1710052517.650089 80.824576 12.724621 -1.661467 -0.025012 -0.020937 0.486863 0.872869 
1710052517.750987 80.854042 12.800683 -1.653733 -0.025317 -0.020013 0.500825 0.864947 
1710052517.851825 80.907757 12.901479 -1.644195 -0.026366 -0.017956 0.515127 0.856520 
1710052517.952675 80.947007 12.977708 -1.628227 -0.026119 -0.018970 0.528869 0.848089 
1710052518.053564 80.977992 13.053338 -1.615500 -0.025116 -0.019855 0.542796 0.839254 
1710052518.154487 81.018119 13.153610 -1.613976 -0.024507 -0.022608 0.553948 0.831883 
1710052518.255311 81.030924 13.258181 -1.617171 -0.026740 -0.018667 0.566936 0.823116 
1710052518.356113 81.052059 13.340445 -1.617252 -0.025798 -0.021381 0.579195 0.814500 
1710052518.457304 81.082502 13.418180 -1.631942 -0.024792 -0.025592 0.592276 0.804947 
1710052518.557896 81.107006 13.510542 -1.631935 -0.024887 -0.021122 0.605196 0.795407 
1710052518.658949 81.135227 13.589828 -1.617719 -0.024212 -0.021125 0.618181 0.785379 
1710052518.759691 81.151371 13.664519 -1.609369 -0.023835 -0.023951 0.630952 0.775085 
1710052518.860571 81.162408 13.779837 -1.616850 -0.023856 -0.025065 0.641475 0.766363 
1710052518.961343 81.182343 13.873728 -1.622750 -0.023885 -0.023576 0.652758 0.756823 
1710052519.062134 81.177943 13.942647 -1.612417 -0.017638 -0.020542 0.658971 0.751681 
1710052519.163219 81.187051 14.021119 -1.607023 -0.016194 -0.020351 0.659027 0.751669 
1710052519.263844 81.191936 14.132107 -1.598450 -0.014767 -0.018682 0.659317 0.751488 
1710052519.364686 81.209140 14.235927 -1.601435 -0.014641 -0.015045 0.659432 0.751471 
1710052519.465767 81.223053 14.323173 -1.599481 -0.011763 -0.015500 0.659794 0.751195 
1710052519.566486 81.235188 14.410827 -1.601408 -0.011606 -0.015354 0.659313 0.751622 
1710052519.667257 81.246876 14.532282 -1.606263 -0.015948 -0.014646 0.659010 0.751822 
1710052519.768198 81.247088 14.631843 -1.610813 -0.014517 -0.014171 0.659295 0.751610 
1710052519.869191 81.253355 14.719763 -1.614113 -0.011870 -0.016168 0.658929 0.751937 
1710052519.969844 81.263929 14.808517 -1.614003 -0.012176 -0.016080 0.659877 0.751103 
1710052520.070755 81.277893 14.908166 -1.617771 -0.011112 -0.013926 0.659935 0.751111 
1710052520.171834 81.296749 14.982841 -1.611744 -0.011811 -0.014921 0.660016 0.751011 
1710052520.272455 81.306870 15.062746 -1.614144 -0.010630 -0.015406 0.659461 0.751505 
1710052520.373286 81.316377 15.165640 -1.625729 -0.011699 -0.016889 0.659349 0.751556 
1710052520.474300 81.321524 15.274241 -1.625034 -0.012595 -0.013151 0.659265 0.751690 
1710052520.575058 81.335819 15.371582 -1.616409 -0.011533 -0.015376 0.659742 0.751247 
1710052520.676172 81.357029 15.454989 -1.623685 -0.013533 -0.017771 0.660715 0.750304 
1710052520.776857 81.375122 15.562443 -1.634695 -0.010515 -0.014613 0.660316 0.750772 
1710052520.877728 81.391426 15.642593 -1.628185 -0.010616 -0.013925 0.659909 0.751142 
1710052520.978564 81.404673 15.723241 -1.621882 -0.010739 -0.015556 0.660111 0.750931 
1710052521.079393 81.418198 15.819098 -1.632395 -0.012003 -0.016220 0.659781 0.751187 
1710052521.180285 81.431827 15.925132 -1.629712 -0.012486 -0.015948 0.660151 0.750860 
1710052521.281015 81.431433 16.017954 -1.618822 -0.011535 -0.014705 0.659791 0.751217 
1710052521.382051 81.441668 16.101439 -1.618848 -0.012178 -0.015944 0.660008 0.750991 
1710052521.484773 81.447288 16.210244 -1.616907 -0.012613 -0.014359 0.659944 0.751071 
1710052521.583588 81.478250 16.295171 -1.606104 -0.013010 -0.014257 0.659800 0.751193 
1710052521.684444 81.498994 16.380652 -1.602559 -0.012833 -0.014660 0.660266 0.750779 
1710052521.787016 81.514331 16.481066 -1.609672 -0.012360 -0.013311 0.659525 0.751463 
1710052521.887122 81.519266 16.567724 -1.616045 -0.015166 -0.012719 0.660601 0.750476 
1710052521.987018 81.518035 16.617491 -1.614404 -0.015344 -0.015113 0.664647 0.746847 
1710052522.087961 81.518321 16.696834 -1.604429 -0.015901 -0.018167 0.667573 0.744153 
1710052522.189166 81.523197 16.768569 -1.612026 -0.018897 -0.016568 0.673543 0.738721 
1710052522.289634 81.521391 16.860030 -1.600594 -0.019057 -0.017917 0.683959 0.729051 
1710052522.390487 81.525325 16.933768 -1.593762 -0.024399 -0.024977 0.698683 0.714579 
1710052522.491395 81.510984 17.036945 -1.598650 -0.025317 -0.029301 0.714804 0.698252 
1710052522.592421 81.508882 17.164510 -1.611407 -0.028554 -0.028442 0.728469 0.683892 
1710052522.693193 81.510598 17.271773 -1.595557 -0.026692 -0.029308 0.741815 0.669432 
1710052522.794212 81.502488 17.369884 -1.583636 -0.025391 -0.030574 0.752986 0.656835 
1710052522.895113 81.478976 17.463002 -1.588917 -0.026304 -0.030491 0.765503 0.642170 
1710052522.995953 81.449580 17.573888 -1.593513 -0.026622 -0.028890 0.777621 0.627505 
1710052523.097420 81.416823 17.650309 -1.584676 -0.023278 -0.028317 0.790108 0.611871 
1710052523.197678 81.391600 17.722127 -1.588194 -0.020265 -0.028946 0.801339 0.597166 
1710052523.298212 81.347250 17.820440 -1.593985 -0.024648 -0.026777 0.811074 0.583810 
1710052523.399131 81.314356 17.920577 -1.589669 -0.025120 -0.031012 0.822238 0.567744 
1710052523.500279 81.273487 17.986065 -1.583406 -0.020764 -0.030887 0.832827 0.552281 
1710052523.600776 81.243875 18.060932 -1.582031 -0.020250 -0.032667 0.844298 0.534493 
1710052523.701640 81.200081 18.150634 -1.587853 -0.020019 -0.030702 0.854402 0.518318 
1710052523.802663 81.156871 18.235509 -1.581210 -0.019744 -0.030830 0.865667 0.499279 
1710052523.903387 81.118594 18.307701 -1.577838 -0.018392 -0.033212 0.876995 0.478998 
1710052524.004207 81.059077 18.386915 -1.593235 -0.014785 -0.029712 0.885879 0.462728 
1710052524.105131 80.985666 18.477181 -1.598592 -0.018992 -0.032405 0.895722 0.443026 
1710052524.206194 80.926462 18.529203 -1.593036 -0.016992 -0.033398 0.904305 0.425239 
1710052524.306787 80.869436 18.575844 -1.590233 -0.015784 -0.035004 0.912755 0.406699 
1710052524.407810 80.802520 18.644674 -1.603656 -0.017572 -0.032961 0.921532 0.386502 
1710052524.508687 80.737791 18.710741 -1.598046 -0.016931 -0.030730 0.928882 0.368710 
1710052524.609457 80.678032 18.767769 -1.587049 -0.015775 -0.030754 0.936604 0.348680 
1710052524.710249 80.610555 18.829566 -1.602258 -0.012820 -0.029598 0.943114 0.330902 
1710052524.811426 80.512974 18.903201 -1.614355 -0.017393 -0.029765 0.948751 0.314139 
1710052524.912252 80.435590 18.963440 -1.614643 -0.016855 -0.029988 0.955061 0.294406 
1710052525.012816 80.370221 19.006781 -1.604819 -0.015774 -0.028026 0.960429 0.276663 
1710052525.113831 80.283927 19.047605 -1.604954 -0.017375 -0.030443 0.965484 0.258092 
1710052525.214802 80.186012 19.089612 -1.610561 -0.017947 -0.027099 0.970181 0.240190 
1710052525.315451 80.101613 19.120576 -1.610749 -0.017261 -0.026157 0.974691 0.221348 
1710052525.416396 80.024155 19.152624 -1.613940 -0.016048 -0.027226 0.979172 0.200557 
1710052525.517229 79.931263 19.180529 -1.616708 -0.016171 -0.025221 0.982540 0.183623 
1710052525.617970 79.829568 19.211507 -1.623748 -0.019120 -0.026158 0.985884 0.164267 
1710052525.718891 79.746440 19.227723 -1.622374 -0.015708 -0.026661 0.988767 0.146228 
1710052525.820079 79.665959 19.235620 -1.631101 -0.012890 -0.026129 0.991316 0.128237 
1710052525.920546 79.570623 19.250354 -1.639742 -0.015720 -0.024835 0.993298 0.111780 
1710052526.021386 79.477093 19.269387 -1.624194 -0.014835 -0.022816 0.995059 0.095478 
1710052526.122262 79.399263 19.279912 -1.612821 -0.013748 -0.022582 0.996670 0.077130 
1710052526.223369 79.308089 19.290184 -1.628651 -0.011304 -0.020340 0.997865 0.061019 
1710052526.323964 79.208597 19.299922 -1.643126 -0.013471 -0.019945 0.998366 0.051821 
1710052526.425144 79.144014 19.308927 -1.639445 -0.012689 -0.014754 0.998633 0.048522 
1710052526.525694 79.072330 19.313870 -1.628977 -0.011577 -0.008457 0.998621 0.050500 
1710052526.628871 78.976233 19.317351 -1.641151 -0.012641 -0.010148 0.998735 0.047590 
1710052526.728086 78.875071 19.319007 -1.645423 -0.015568 -0.007072 0.998621 0.049642 
1710052526.828632 78.798949 19.318888 -1.626956 -0.014513 -0.005807 0.998675 0.049025 
1710052526.929380 78.719852 19.333616 -1.625302 -0.013834 -0.005394 0.998709 0.048589 
1710052527.036242 78.602014 19.341091 -1.624767 -0.017184 -0.012026 0.998937 0.041042 
1710052527.130929 78.510382 19.349855 -1.635554 -0.016458 -0.014501 0.999094 0.036459 
1710052527.231797 78.432859 19.354003 -1.639714 -0.015361 -0.010911 0.999047 0.039372 
1710052527.332686 78.335527 19.369853 -1.650887 -0.016593 -0.009789 0.999101 0.037772 
1710052527.433413 78.218574 19.373270 -1.660041 -0.017262 -0.005964 0.999142 0.037168 
1710052527.534335 78.121003 19.371197 -1.658393 -0.017565 -0.004442 0.999092 0.038555 
1710052527.635179 78.046979 19.373790 -1.661931 -0.016890 -0.005179 0.999144 0.037403 
1710052527.736125 77.955802 19.378458 -1.669121 -0.017049 -0.002445 0.999063 0.039695 
1710052527.836843 77.853508 19.388133 -1.672274 -0.021317 -0.005714 0.999012 0.038584 
1710052527.937718 77.773375 19.395412 -1.669289 -0.020866 -0.005641 0.998994 0.039282 
1710052528.039889 77.697738 19.406088 -1.671709 -0.020099 -0.005916 0.999021 0.038959 
1710052528.139497 77.600299 19.418274 -1.693891 -0.023461 -0.006290 0.999001 0.037500 
1710052528.240479 77.503981 19.438809 -1.685014 -0.023495 -0.005071 0.998962 0.038687 
1710052528.341177 77.420076 19.455802 -1.675411 -0.021800 -0.004798 0.999066 0.037004 
1710052528.442195 77.326536 19.475327 -1.678452 -0.021212 -0.004756 0.999064 0.037393 
1710052528.543468 77.216607 19.484634 -1.683605 -0.023590 -0.009764 0.999257 0.028861 
1710052528.643857 77.135058 19.467722 -1.686362 -0.023032 -0.015710 0.999525 0.013118 
1710052528.744615 77.062762 19.465440 -1.693617 -0.020928 -0.018389 0.999607 0.003147 
1710052528.845659 76.958760 19.451974 -1.702756 -0.019187 -0.014330 0.999713 -0.000433 
1710052528.947218 76.863864 19.453485 -1.718138 -0.021692 -0.007354 0.999737 0.001212 
1710052529.047181 76.796452 19.458060 -1.719595 -0.020806 -0.004935 0.999771 0.000770 
1710052529.148247 76.713298 19.462760 -1.717156 -0.019516 -0.004057 0.999801 0.000618 
1710052529.255982 76.605125 19.462775 -1.710571 -0.021949 -0.003092 0.999753 0.001472 
1710052529.350066 76.507774 19.456516 -1.713079 -0.023441 -0.005555 0.999710 0.000121 
1710052529.451129 76.433203 19.457914 -1.712175 -0.020134 -0.006436 0.999775 0.001486 
1710052529.551494 76.336639 19.458095 -1.718975 -0.018500 -0.007300 0.999802 0.000446 
1710052529.652492 76.230282 19.456803 -1.725413 -0.022137 -0.005985 0.999737 -0.000182 
1710052529.753400 76.140435 19.452204 -1.724856 -0.020769 -0.005228 0.999770 0.000542 
1710052529.854148 76.060161 19.448454 -1.730994 -0.019905 -0.005834 0.999785 -0.000010 
1710052529.956002 75.958640 19.448131 -1.746289 -0.018334 -0.005137 0.999819 0.000650 
1710052530.055782 75.855405 19.441819 -1.747537 -0.022693 -0.006607 0.999720 0.000936 
1710052530.156801 75.776764 19.440665 -1.741396 -0.021702 -0.005813 0.999747 0.000570 
1710052530.259374 75.693445 19.441917 -1.748066 -0.021042 -0.006526 0.999756 0.001348 
1710052530.358425 75.592630 19.438114 -1.756232 -0.021054 -0.006755 0.999755 -0.000469 
1710052530.459384 75.501374 19.438910 -1.762926 -0.024482 -0.005015 0.999687 0.000879 
1710052530.560321 75.423349 19.435064 -1.755315 -0.021779 -0.005112 0.999750 0.000421 
1710052530.661035 75.335823 19.451493 -1.752719 -0.020559 -0.004728 0.999777 0.000345 
1710052530.761768 75.227102 19.450456 -1.762670 -0.022720 -0.007206 0.999715 0.001280 
1710052530.862848 75.137115 19.441693 -1.770529 -0.022471 -0.006342 0.999727 0.000780 
1710052530.963575 75.059029 19.440073 -1.771077 -0.020762 -0.005978 0.999766 0.001461 
1710052531.064468 74.960319 19.430870 -1.768664 -0.019753 -0.005965 0.999787 0.000558 
1710052531.165286 74.856598 19.431721 -1.770412 -0.020548 -0.004595 0.999778 0.001135 
1710052531.266476 74.763911 19.439995 -1.768871 -0.020006 -0.005273 0.999786 0.000866 
1710052531.366925 74.674284 19.444518 -1.775417 -0.019054 -0.004826 0.999807 -0.000046 
1710052531.468357 74.561168 19.442749 -1.786552 -0.018989 -0.005121 0.999805 0.001773 
1710052531.568675 74.466907 19.426357 -1.790150 -0.022374 -0.006201 0.999729 0.001484 
1710052531.669489 74.385298 19.426141 -1.783728 -0.020683 -0.006102 0.999766 0.001558 
1710052531.770844 74.291709 19.431185 -1.799707 -0.018623 -0.007399 0.999799 0.001001 
1710052531.871257 74.185925 19.439579 -1.805143 -0.022019 -0.004584 0.999747 0.000252 
1710052531.973880 74.099695 19.445595 -1.798625 -0.021912 -0.004121 0.999751 0.000967 
1710052532.072948 74.018209 19.458331 -1.792002 -0.021181 -0.005395 0.999761 0.000227 
1710052532.173895 73.912224 19.455714 -1.808814 -0.021148 -0.007192 0.999750 0.001285 
1710052532.274948 73.814414 19.455256 -1.820466 -0.022551 -0.006799 0.999722 0.001226 
1710052532.376378 73.730460 19.445204 -1.815447 -0.021855 -0.005868 0.999743 0.001325 
1710052532.476496 73.651523 19.444673 -1.823589 -0.020294 -0.006140 0.999775 0.000653 
1710052532.577849 73.535630 19.441537 -1.824279 -0.021482 -0.007587 0.999740 0.000876 
1710052532.678357 73.441700 19.434612 -1.828897 -0.022001 -0.005465 0.999743 0.000484 
1710052532.778974 73.358187 19.432033 -1.830536 -0.021454 -0.005898 0.999752 0.000571 
1710052532.880002 73.255665 19.429307 -1.839065 -0.021055 -0.005552 0.999762 0.001543 
1710052532.980744 73.154760 19.419821 -1.845572 -0.022864 -0.005942 0.999720 0.001037 
1710052533.081722 73.072502 19.409473 -1.842286 -0.021190 -0.006172 0.999755 0.001442 
1710052533.182591 72.999598 19.411907 -1.839360 -0.018850 -0.006649 0.999800 0.001158 
1710052533.283353 72.902841 19.410922 -1.849698 -0.021314 -0.007909 0.999741 0.000406 
1710052533.384122 72.798919 19.408063 -1.839417 -0.020672 -0.005168 0.999772 0.001229 
1710052533.485269 72.715800 19.419486 -1.831069 -0.020002 -0.006021 0.999782 -0.000003 
1710052533.586019 72.618485 19.433666 -1.837869 -0.016834 -0.006285 0.999838 0.000396 
1710052533.686709 72.510802 19.442890 -1.868551 -0.020889 -0.006510 0.999761 0.000380 
1710052533.787584 72.424834 19.447782 -1.859174 -0.020633 -0.006354 0.999767 0.000189 
1710052533.888506 72.347824 19.449778 -1.847065 -0.018650 -0.006265 0.999806 0.000890 
1710052533.989256 72.250885 19.443337 -1.868369 -0.019274 -0.007186 0.999788 -0.000991 
1710052534.090111 72.143711 19.435951 -1.883596 -0.020973 -0.006377 0.999760 0.000552 
1710052534.191087 72.060214 19.430410 -1.881006 -0.019281 -0.005444 0.999799 -0.000444 
1710052534.292017 71.984128 19.428556 -1.874303 -0.018418 -0.006204 0.999811 0.000542 
1710052534.392776 71.885841 19.422731 -1.889296 -0.021016 -0.005419 0.999764 0.000999 
1710052534.493621 71.779358 19.431264 -1.898492 -0.021076 -0.007355 0.999751 -0.000016 
1710052534.594746 71.696889 19.442528 -1.891715 -0.019322 -0.006997 0.999789 0.000374 
1710052534.695266 71.612862 19.439914 -1.893498 -0.019498 -0.007154 0.999784 -0.000256 
1710052534.796234 71.512032 19.440650 -1.894710 -0.021226 -0.006331 0.999755 -0.000219 
1710052534.897177 71.421135 19.436667 -1.888534 -0.021002 -0.005648 0.999763 0.000162 
1710052534.998670 71.340964 19.436592 -1.893375 -0.020364 -0.006329 0.999772 -0.000726 
1710052535.098928 71.248032 19.429820 -1.910282 -0.019786 -0.004939 0.999792 0.000383 
1710052535.199628 71.140310 19.426221 -1.922083 -0.023061 -0.006148 0.999715 -0.000201 
1710052535.300533 71.059265 19.425299 -1.908811 -0.021913 -0.006603 0.999738 0.000117 
1710052535.401285 70.975969 19.424032 -1.905508 -0.020507 -0.005857 0.999773 0.000009 
1710052535.502649 70.876607 19.412845 -1.935820 -0.022847 -0.007772 0.999709 -0.000660 
1710052535.603507 70.772735 19.414153 -1.942887 -0.022116 -0.005263 0.999742 0.000037 
1710052535.703933 70.695773 19.405611 -1.930914 -0.021109 -0.006014 0.999758 -0.001137 
1710052535.807817 70.603768 19.411273 -1.931467 -0.020046 -0.006095 0.999780 -0.000070 
1710052535.905580 70.505721 19.399324 -1.957693 -0.021715 -0.007293 0.999737 0.000720 
1710052536.006597 70.422829 19.378043 -1.953682 -0.021967 -0.006470 0.999738 0.000420 
1710052536.107349 70.351945 19.359041 -1.946646 -0.019668 -0.005330 0.999790 0.002233 
1710052536.208164 70.259717 19.352973 -1.949888 -0.019149 -0.006013 0.999792 0.003732 
1710052536.309101 70.157894 19.362178 -1.958760 -0.022285 -0.002217 0.999693 0.010577 
1710052536.409956 70.071447 19.375940 -1.961676 -0.021828 -0.001332 0.999637 0.015764 
1710052536.510830 69.992241 19.398029 -1.968855 -0.020905 0.000317 0.999566 0.020764 
1710052536.611719 69.886507 19.404269 -1.976117 -0.022385 -0.002428 0.999518 0.021380 
1710052536.712458 69.780105 19.393455 -1.972093 -0.023782 -0.006002 0.999485 0.020703 
1710052536.813437 69.697746 19.390682 -1.971496 -0.022180 -0.006808 0.999492 0.021863 
1710052536.914222 69.613078 19.392310 -1.973978 -0.021497 -0.006913 0.999520 0.021230 
1710052537.015083 69.512344 19.400305 -1.988169 -0.023459 -0.006838 0.999495 0.020326 
1710052537.115988 69.413545 19.408359 -1.984886 -0.021856 -0.004603 0.999533 0.020855 
1710052537.216745 69.337479 19.414162 -1.984888 -0.022118 -0.005673 0.999540 0.019950 
1710052537.317710 69.244184 19.419953 -2.002425 -0.020802 -0.005456 0.999548 0.020999 
1710052537.418463 69.133997 19.421994 -2.014847 -0.025345 -0.007068 0.999434 0.020949 
1710052537.525796 69.053837 19.418148 -2.000191 -0.024433 -0.007218 0.999445 0.021440 
1710052537.620189 68.979611 19.410925 -1.998199 -0.021575 -0.006679 0.999512 0.021585 
1710052537.723902 68.884128 19.404945 -2.017918 -0.023677 -0.006521 0.999493 0.020272 
1710052537.821904 68.787739 19.408319 -2.027890 -0.025856 -0.006063 0.999401 0.022184 
1710052537.922968 68.708377 19.406867 -2.020989 -0.022723 -0.005857 0.999507 0.020867 
1710052538.023672 68.626476 19.410560 -2.027341 -0.021042 -0.005118 0.999541 0.021205 
1710052538.124643 68.516514 19.418994 -2.035645 -0.023810 -0.006613 0.999448 0.022205 
1710052538.225385 68.432392 19.426556 -2.045738 -0.022789 -0.007176 0.999492 0.021111 
1710052538.327869 68.348322 19.434056 -2.044948 -0.021009 -0.006194 0.999524 0.021747 
1710052538.427829 68.252695 19.436135 -2.043067 -0.020765 -0.007638 0.999537 0.020866 
1710052538.528084 68.148833 19.434875 -2.051393 -0.022208 -0.005978 0.999505 0.021449 
1710052538.628788 68.064823 19.428324 -2.049085 -0.021220 -0.005474 0.999525 0.021678 
1710052538.729646 67.981759 19.429585 -2.051665 -0.020165 -0.005967 0.999561 0.020870 
1710052538.830639 67.879892 19.432299 -2.065365 -0.020654 -0.003248 0.999540 0.021957 
1710052538.931370 67.775641 19.438680 -2.067572 -0.024115 -0.006761 0.999465 0.021030 
1710052539.033109 67.700016 19.451587 -2.059607 -0.021760 -0.005417 0.999506 0.022043 
1710052539.133183 67.613730 19.460802 -2.064347 -0.020191 -0.006367 0.999552 0.021153 
1710052539.233931 67.504101 19.472720 -2.086210 -0.023774 -0.006468 0.999503 0.019668 
1710052539.335079 67.417356 19.479383 -2.076739 -0.022537 -0.005162 0.999505 0.021327 
1710052539.435709 67.344681 19.481036 -2.070376 -0.022463 -0.005655 0.999526 0.020280 
1710052539.536547 67.251987 19.473773 -2.082443 -0.020106 -0.006073 0.999549 0.021483 
1710052539.637365 67.141345 19.477848 -2.094998 -0.023557 -0.006862 0.999462 0.021746 
1710052539.738438 67.062733 19.487478 -2.092053 -0.024170 -0.006148 0.999467 0.021048 
1710052539.839111 66.983975 19.492866 -2.091042 -0.022129 -0.006829 0.999486 0.022165 
1710052539.939953 66.883039 19.499905 -2.092796 -0.021852 -0.006976 0.999537 0.019979 
1710052540.044742 66.773176 19.495223 -2.103311 -0.024819 -0.004555 0.999454 0.021323 
1710052540.141726 66.693084 19.486192 -2.104446 -0.022314 -0.006390 0.999518 0.020615 
1710052540.247122 66.603557 19.479172 -2.113844 -0.020549 -0.005664 0.999535 0.021819 
1710052540.343723 66.504461 19.483542 -2.116136 -0.023580 -0.005824 0.999456 0.022307 
1710052540.444422 66.412275 19.499982 -2.120734 -0.024049 -0.006886 0.999471 0.020769 
1710052540.545094 66.335241 19.505614 -2.125387 -0.020776 -0.005982 0.999511 0.022577 
1710052540.645957 66.246098 19.518677 -2.123348 -0.020618 -0.006672 0.999545 0.020990 
1710052540.747003 66.137240 19.523179 -2.122786 -0.022862 -0.005130 0.999516 0.020457 
1710052540.848099 66.051506 19.531042 -2.120327 -0.021481 -0.005001 0.999525 0.021537 
1710052540.948963 65.968838 19.528083 -2.130205 -0.021710 -0.005656 0.999537 0.020530 
1710052541.049632 65.863185 19.515198 -2.143440 -0.019473 -0.004960 0.999542 0.022625 
1710052541.150272 65.753794 19.521029 -2.146067 -0.026485 -0.006616 0.999398 0.021421 
1710052541.251182 65.667420 19.524222 -2.143429 -0.024956 -0.006153 0.999440 0.021417 
1710052541.352127 65.586413 19.528054 -2.157584 -0.021822 -0.006909 0.999501 0.021789 
1710052541.452877 65.487117 19.528075 -2.164244 -0.022545 -0.006773 0.999522 0.020035 
1710052541.553756 65.402946 19.524116 -2.161725 -0.025071 -0.005767 0.999434 0.021656 
1710052541.654566 65.328277 19.520685 -2.150886 -0.022049 -0.006087 0.999524 0.020721 
1710052541.755414 65.239163 19.518992 -2.162183 -0.019209 -0.006746 0.999547 0.022178 
1710052541.856343 65.132433 19.521157 -2.164842 -0.020293 -0.008340 0.999526 0.021596 
1710052541.957134 65.046412 19.520409 -2.165319 -0.020297 -0.007664 0.999541 0.021135 
1710052542.058030 64.980538 19.529119 -2.165808 -0.018849 -0.004909 0.999571 0.021892 
1710052542.159016 64.889773 19.539947 -2.160084 -0.017054 -0.007450 0.999613 0.020665 
1710052542.259872 64.795102 19.549794 -2.155753 -0.018071 -0.005439 0.999590 0.021520 
1710052542.361158 64.707685 19.559627 -2.154494 -0.016983 -0.004242 0.999621 0.021252 
1710052542.461730 64.616375 19.554714 -2.159591 -0.015093 -0.005931 0.999655 0.020648 
1710052542.562517 64.506148 19.561989 -2.166877 -0.014263 -0.004088 0.999643 0.022234 
1710052542.663142 64.410455 19.558029 -2.166228 -0.018247 -0.006788 0.999579 0.021519 
1710052542.764121 64.337772 19.559965 -2.161552 -0.015778 -0.006196 0.999610 0.022188 
1710052542.864900 64.251173 19.567480 -2.172652 -0.013498 -0.008199 0.999641 0.021646 
1710052542.965731 64.146750 19.574491 -2.176582 -0.015907 -0.005511 0.999636 0.021096 
1710052543.066912 64.074962 19.590152 -2.166816 -0.015774 -0.005584 0.999656 0.020176 
1710052543.167710 63.986953 19.601546 -2.157554 -0.014307 -0.009657 0.999793 0.010798 
1710052543.268414 63.875199 19.587844 -2.174008 -0.013422 -0.008309 0.999826 0.009929 
1710052543.369208 63.769639 19.581727 -2.183222 -0.014936 -0.007801 0.999801 0.010723 
1710052543.470126 63.679741 19.575614 -2.177578 -0.014589 -0.006587 0.999810 0.011143 
1710052543.571005 63.590146 19.575721 -2.183737 -0.013745 -0.007114 0.999818 0.011154 
1710052543.671875 63.470932 19.584499 -2.183921 -0.014171 -0.008144 0.999811 0.010488 
1710052543.772730 63.376649 19.594225 -2.188447 -0.016067 -0.004596 0.999806 0.010439 
1710052543.873492 63.287801 19.594238 -2.184651 -0.015004 -0.005306 0.999825 0.009849 
1710052543.974308 63.185223 19.602997 -2.192442 -0.015566 -0.006762 0.999799 0.010711 
1710052544.075191 63.083471 19.597707 -2.200997 -0.018612 -0.008078 0.999738 0.010566 
1710052544.176437 62.994832 19.596810 -2.204549 -0.015192 -0.006362 0.999811 0.010334 
1710052544.277110 62.909320 19.597447 -2.204539 -0.013982 -0.006328 0.999828 0.010379 
1710052544.377832 62.806656 19.605082 -2.211677 -0.015673 -0.008612 0.999793 0.009754 
1710052544.478626 62.704016 19.607403 -2.214204 -0.015034 -0.006147 0.999822 0.009562 
1710052544.579461 62.627445 19.611506 -2.209165 -0.015085 -0.007174 0.999819 0.009148 
1710052544.680328 62.539443 19.602901 -2.211507 -0.012896 -0.006490 0.999849 0.009668 
1710052544.784110 62.429378 19.599057 -2.224221 -0.015763 -0.005507 0.999810 0.010057 
1710052544.882050 62.341665 19.585811 -2.217154 -0.016293 -0.007131 0.999784 0.010719 
1710052544.982919 62.267390 19.580004 -2.206889 -0.015289 -0.006183 0.999801 0.011187 
1710052545.083802 62.173399 19.577947 -2.223829 -0.015763 -0.006982 0.999805 0.009666 
1710052545.184673 62.068708 19.582130 -2.227420 -0.018025 -0.005796 0.999765 0.010603 
1710052545.285482 61.983403 19.575234 -2.227095 -0.016786 -0.004369 0.999796 0.010376 
1710052545.386746 61.900904 19.583353 -2.221033 -0.015582 -0.005437 0.999802 0.011147 
1710052545.487240 61.803105 19.582311 -2.237224 -0.018960 -0.007480 0.999728 0.011331 
1710052545.591813 61.708012 19.576210 -2.237649 -0.018729 -0.006931 0.999744 0.010591 
1710052545.688989 61.635369 19.570990 -2.231110 -0.016424 -0.005201 0.999787 0.011374 
1710052545.789851 61.546569 19.574352 -2.237369 -0.016071 -0.007240 0.999785 0.010882 
1710052545.890663 61.435629 19.583923 -2.233922 -0.018146 -0.007741 0.999749 0.010596 
1710052545.991524 61.333681 19.585980 -2.232849 -0.017596 -0.005827 0.999769 0.010839 
1710052546.092608 61.261544 19.591018 -2.233649 -0.017680 -0.005547 0.999781 0.009712 
1710052546.193417 61.169854 19.581040 -2.243739 -0.015635 -0.006303 0.999854 0.002843 
1710052546.294328 61.063974 19.557339 -2.253226 -0.019318 -0.014504 0.999633 -0.012279 
1710052546.395173 60.978931 19.529136 -2.243653 -0.016808 -0.019421 0.999244 -0.029171 
1710052546.495873 60.900634 19.502718 -2.237861 -0.014723 -0.021743 0.998597 -0.045982 
1710052546.596624 60.802559 19.480266 -2.244009 -0.018177 -0.022162 0.997604 -0.062972 
1710052546.698331 60.698620 19.475921 -2.239587 -0.016852 -0.020555 0.996395 -0.080564 
1710052546.799093 60.618638 19.466277 -2.227958 -0.015530 -0.020131 0.994858 -0.098033 
1710052546.899257 60.532580 19.459297 -2.234906 -0.013279 -0.017821 0.993085 -0.115272 
1710052547.000380 60.426344 19.432584 -2.260366 -0.015578 -0.018981 0.991087 -0.130931 
1710052547.100982 60.337723 19.384812 -2.259448 -0.014462 -0.019535 0.988698 -0.147938 
1710052547.204246 60.265805 19.368021 -2.256009 -0.011674 -0.018013 0.987461 -0.156394 
1710052547.302664 60.185402 19.344271 -2.265820 -0.012359 -0.012670 0.986896 -0.160387 
1710052547.403599 60.087513 19.326049 -2.276763 -0.016272 -0.004580 0.987230 -0.158400 
1710052547.504499 59.999806 19.316036 -2.276232 -0.015168 -0.001217 0.987038 -0.159763 
1710052547.607605 59.923525 19.301418 -2.270692 -0.013758 -0.000558 0.987122 -0.159375 
1710052547.706246 59.829600 19.283832 -2.278979 -0.016504 -0.001129 0.987092 -0.159295 
1710052547.807136 59.729128 19.245810 -2.293448 -0.016530 -0.005404 0.986822 -0.160872 
1710052547.907827 59.655114 19.218561 -2.292294 -0.014540 -0.003979 0.987205 -0.158744 
1710052548.008717 59.576303 19.188829 -2.294756 -0.014563 -0.003769 0.986973 -0.160183 
1710052548.119955 59.470382 19.160798 -2.298498 -0.018055 -0.004239 0.986808 -0.160829 
1710052548.210488 59.381095 19.138373 -2.297005 -0.016464 -0.003668 0.986978 -0.159968 
1710052548.311595 59.308837 19.109884 -2.292399 -0.016757 -0.003957 0.986858 -0.160670 
1710052548.412322 59.224411 19.068188 -2.297359 -0.015961 -0.002724 0.987101 -0.159278 
1710052548.512972 59.124703 19.028673 -2.297210 -0.020489 -0.004221 0.986912 -0.159896 
1710052548.614219 59.052470 18.994370 -2.296343 -0.018938 -0.005011 0.987020 -0.159400 
1710052548.714802 58.986258 18.965265 -2.296135 -0.016954 -0.004084 0.987072 -0.159327 
1710052548.815556 58.901888 18.929066 -2.312940 -0.017710 -0.004274 0.986891 -0.160358 
1710052548.916421 58.793816 18.902335 -2.324791 -0.019848 -0.003979 0.987056 -0.159096 
1710052549.017436 58.716023 18.878957 -2.308832 -0.017790 -0.003290 0.986851 -0.160620 
1710052549.118117 58.629141 18.850253 -2.308412 -0.014896 -0.005585 0.985509 -0.168874 
1710052549.219243 58.524326 18.809361 -2.316152 -0.016126 -0.013472 0.983038 -0.182196 
1710052549.319913 58.440596 18.751980 -2.329502 -0.014501 -0.015386 0.981055 -0.192571 
1710052549.421174 58.372521 18.722629 -2.326142 -0.014629 -0.010434 0.980768 -0.194351 
1710052549.521664 58.298289 18.691433 -2.322275 -0.014872 -0.010738 0.980540 -0.195460 
1710052549.622525 58.208554 18.641779 -2.334692 -0.017015 -0.005910 0.980794 -0.194212 
1710052549.723402 58.128182 18.599873 -2.341606 -0.017130 -0.003375 0.980755 -0.194463 
1710052549.824139 58.057978 18.570149 -2.350512 -0.016779 -0.002639 0.980663 -0.194966 
1710052549.925267 57.965063 18.534309 -2.344677 -0.018100 -0.001480 0.980874 -0.193795 
1710052550.026033 57.865219 18.490346 -2.349806 -0.020712 -0.004065 0.980650 -0.194629 
1710052550.126938 57.794119 18.468822 -2.348616 -0.018540 -0.004706 0.980801 -0.194069 
1710052550.227700 57.720043 18.435007 -2.351208 -0.016915 -0.004038 0.980707 -0.194706 
1710052550.328823 57.626471 18.395878 -2.371800 -0.020244 -0.003824 0.980359 -0.196140 
1710052550.429608 57.527407 18.372433 -2.365464 -0.019074 -0.003649 0.980537 -0.195369 
1710052550.530142 57.451379 18.346842 -2.364573 -0.017503 -0.004056 0.980424 -0.196074 
1710052550.631000 57.364197 18.318844 -2.369322 -0.016720 -0.003376 0.980558 -0.195485 
1710052550.731947 57.266977 18.271746 -2.378998 -0.019585 -0.004674 0.980540 -0.195286 
1710052550.832728 57.201683 18.230781 -2.378921 -0.018473 -0.003304 0.980621 -0.195012 
1710052550.940268 57.136889 18.203380 -2.377816 -0.016765 -0.003222 0.980754 -0.194499 
1710052551.034570 57.056379 18.170623 -2.379173 -0.015657 -0.004460 0.980366 -0.196515 
1710052551.141696 56.960927 18.120716 -2.378923 -0.019977 -0.001872 0.980642 -0.194780 
1710052551.236160 56.894489 18.086163 -2.367393 -0.018255 -0.001747 0.980474 -0.195792 
1710052551.337063 56.810879 18.043400 -2.372757 -0.014223 -0.004120 0.978804 -0.204263 
1710052551.438648 56.701195 18.001151 -2.366504 -0.015534 -0.011001 0.975889 -0.217434 
1710052551.538735 56.609641 17.963742 -2.381963 -0.013563 -0.017876 0.971479 -0.236062 
1710052551.641465 56.538710 17.932955 -2.383732 -0.010995 -0.016658 0.967743 -0.251146 
1710052551.740541 56.458990 17.896976 -2.390550 -0.008495 -0.018567 0.962658 -0.269949 
1710052551.841351 56.368048 17.858284 -2.403097 -0.009635 -0.017429 0.957698 -0.287087 
1710052551.942200 56.282764 17.809284 -2.407446 -0.008864 -0.016982 0.951888 -0.305848 
1710052552.043378 56.224870 17.758451 -2.410590 -0.008025 -0.016807 0.945752 -0.324354 
1710052552.144079 56.153859 17.691381 -2.419425 -0.007422 -0.013507 0.939960 -0.340937 
1710052552.244750 56.081454 17.616321 -2.420294 -0.009751 -0.017029 0.933436 -0.358208 
1710052552.345758 56.035461 17.550276 -2.417076 -0.008469 -0.015638 0.927490 -0.373424 
1710052552.446861 55.983977 17.496867 -2.413192 -0.007200 -0.015712 0.920765 -0.389736 
1710052552.549756 55.918902 17.414824 -2.418278 -0.008094 -0.015377 0.913223 -0.407089 
1710052552.648209 55.860337 17.357962 -2.408490 -0.011049 -0.013797 0.905968 -0.422977 
1710052552.749380 55.808669 17.301688 -2.404162 -0.008759 -0.013579 0.897977 -0.439746 
1710052552.849955 55.758012 17.211272 -2.409751 -0.008707 -0.007074 0.891047 -0.453773 
1710052552.950756 55.694362 17.107083 -2.428598 -0.012732 -0.008386 0.888667 -0.458301 
1710052553.051882 55.654435 17.026064 -2.429573 -0.014310 -0.002065 0.887560 -0.460465 
1710052553.152493 55.612404 16.951406 -2.422232 -0.015538 0.001633 0.888652 -0.458317 
1710052553.253329 55.560491 16.863726 -2.418820 -0.015368 0.000139 0.888220 -0.459162 
1710052553.354256 55.509083 16.768772 -2.422315 -0.018122 0.001758 0.888298 -0.458907 
1710052553.459474 55.460128 16.705399 -2.419952 -0.017308 0.002511 0.888069 -0.459378 
1710052553.555917 55.414988 16.642259 -2.428850 -0.016164 0.002670 0.887991 -0.459569 
1710052553.657073 55.346382 16.559097 -2.431020 -0.015823 0.001831 0.888607 -0.458392 
1710052553.757728 55.288561 16.482470 -2.434968 -0.017795 -0.001551 0.887994 -0.459508 
1710052553.859394 55.242801 16.419134 -2.435236 -0.015507 0.000777 0.888702 -0.458222 
1710052553.959563 55.192006 16.341967 -2.443461 -0.013121 0.002431 0.888201 -0.459261 
1710052554.060472 55.134913 16.249548 -2.448138 -0.016113 0.002245 0.887985 -0.459584 
1710052554.161144 55.086594 16.181142 -2.447556 -0.012869 0.001861 0.888718 -0.458270 
1710052554.262072 55.040534 16.116087 -2.446743 -0.012523 0.003686 0.888017 -0.459625 
1710052554.362935 54.974554 16.030993 -2.446891 -0.013052 0.006288 0.888773 -0.458118 
1710052554.464047 54.920584 15.945101 -2.451795 -0.012615 0.002461 0.888606 -0.458490 
1710052554.564496 54.876138 15.881490 -2.437245 -0.009463 0.003395 0.889016 -0.457765 
1710052554.665518 54.828945 15.824845 -2.435778 -0.006733 0.005473 0.888556 -0.458685 
1710052554.766479 54.763080 15.732799 -2.439299 -0.003744 0.005463 0.887951 -0.459890 
1710052554.867095 54.712036 15.656714 -2.441402 -0.008121 0.010252 0.888816 -0.458077 
1710052554.968134 54.669142 15.600378 -2.438214 -0.004065 0.009871 0.888246 -0.459245 
1710052555.071584 54.614946 15.524488 -2.443134 0.001430 0.009802 0.889037 -0.457728 
1710052555.169663 54.557263 15.428643 -2.437572 0.001160 0.004438 0.889167 -0.457559 
1710052555.270637 54.510688 15.346155 -2.433514 0.002788 0.006026 0.888880 -0.458092 
1710052555.371417 54.478668 15.281083 -2.427423 0.005300 0.010368 0.889176 -0.457417 
1710052555.472385 54.428010 15.202334 -2.428611 0.007908 0.011327 0.888771 -0.458144 
1710052555.573107 54.369506 15.113316 -2.423516 0.006403 0.010350 0.888836 -0.458064 
1710052555.674042 54.320377 15.045617 -2.414514 0.010252 0.012262 0.889252 -0.457138 
1710052555.774872 54.280268 14.986794 -2.405489 0.014839 0.015098 0.888096 -0.459171 
1710052555.875854 54.226166 14.902811 -2.403338 0.013947 0.018694 0.889084 -0.457149 
1710052555.976653 54.159703 14.830376 -2.399389 0.014069 0.015990 0.888612 -0.458165 
1710052556.077690 54.104001 14.757273 -2.388889 0.015186 0.016186 0.888775 -0.457805 
1710052556.178362 54.058348 14.692168 -2.390752 0.017967 0.018947 0.888657 -0.457828 
1710052556.279170 53.993771 14.610971 -2.385399 0.018965 0.018325 0.887737 -0.459595 
1710052556.380090 53.943744 14.535657 -2.368021 0.016571 0.021035 0.888657 -0.457791 
1710052556.480896 53.900446 14.474169 -2.362091 0.020263 0.021849 0.887943 -0.458988 
1710052556.581835 53.852401 14.400460 -2.361688 0.020719 0.021467 0.888524 -0.457860 
1710052556.682555 53.793052 14.316144 -2.358198 0.019015 0.018270 0.888588 -0.457947 
1710052556.783567 53.734566 14.240359 -2.341500 0.020062 0.019874 0.888191 -0.458606 
1710052556.884257 53.687852 14.162877 -2.331015 0.022683 0.021988 0.888595 -0.457603 
1710052556.986141 53.624199 14.067199 -2.324963 0.024664 0.019603 0.888496 -0.457801 
1710052557.086006 53.572195 13.977444 -2.313878 0.022332 0.021071 0.888753 -0.457357 
1710052557.186855 53.525801 13.891502 -2.301524 0.022831 0.023037 0.888845 -0.457059 
1710052557.287817 53.482151 13.810736 -2.296180 0.024914 0.023251 0.888754 -0.457116 
1710052557.388734 53.425540 13.720008 -2.288181 0.022213 0.022196 0.889384 -0.456082 
1710052557.489627 53.367153 13.651590 -2.268645 0.022153 0.019702 0.889108 -0.456736 
1710052557.590324 53.332943 13.590447 -2.254674 0.024694 0.021994 0.889301 -0.456125 
1710052557.691256 53.279877 13.510114 -2.258336 0.024529 0.021787 0.888817 -0.457087 
1710052557.792071 53.214733 13.437404 -2.252332 0.024442 0.023815 0.888546 -0.457517 
1710052557.893027 53.160931 13.369488 -2.232205 0.025355 0.024357 0.888505 -0.457517 
1710052557.993871 53.115217 13.307489 -2.231213 0.027362 0.023447 0.888124 -0.458189 
1710052558.094743 53.060112 13.218490 -2.259727 0.028146 0.023430 0.887937 -0.458505 
1710052558.195441 53.004819 13.129814 -2.253539 0.027777 0.021694 0.888554 -0.457416 
1710052558.296376 52.963663 13.064382 -2.227898 0.028754 0.022434 0.888945 -0.456559 
1710052558.397288 52.918077 12.995980 -2.215800 0.028819 0.023647 0.888089 -0.458158 
1710052558.498125 52.852239 12.907169 -2.202838 0.029148 0.022459 0.888771 -0.456872 
1710052558.599000 52.807083 12.823913 -2.181245 0.027623 0.026250 0.889195 -0.455939 
1710052558.700221 52.763310 12.761566 -2.172040 0.030236 0.027890 0.888540 -0.456951 
1710052558.800680 52.725354 12.692794 -2.156372 0.029863 0.029865 0.888583 -0.456768 
1710052558.901473 52.663727 12.605044 -2.144470 0.028430 0.026400 0.888802 -0.456646 
1710052559.002435 52.595441 12.535394 -2.131163 0.032557 0.022966 0.889149 -0.455881 
1710052559.103415 52.550061 12.476925 -2.115094 0.033297 0.025716 0.888634 -0.456683 
1710052559.204126 52.501029 12.400044 -2.122018 0.031875 0.025129 0.887784 -0.458466 
1710052559.304929 52.442219 12.320315 -2.114141 0.032013 0.027621 0.888241 -0.457428 
1710052559.405946 52.392760 12.253099 -2.089672 0.035678 0.028250 0.887659 -0.458248 
1710052559.506655 52.347669 12.180851 -2.080329 0.037280 0.026288 0.887849 -0.457868 
1710052559.607486 52.299889 12.086627 -2.083753 0.037048 0.026482 0.888236 -0.457125 
1710052559.708381 52.249452 11.992415 -2.079726 0.037998 0.026049 0.888395 -0.456763 
1710052559.811002 52.213325 11.928102 -2.060122 0.039190 0.026573 0.889059 -0.455338 
1710052559.910365 52.172673 11.856468 -2.052713 0.040741 0.027549 0.887606 -0.457970 
1710052560.011274 52.123567 11.773605 -2.043199 0.039604 0.028659 0.887816 -0.457595 
1710052560.111885 52.094879 11.703147 -2.029497 0.038603 0.030271 0.887564 -0.458065 
1710052560.212622 52.060489 11.643760 -2.021501 0.040575 0.031140 0.888409 -0.456195 
1710052560.313667 52.016818 11.569515 -2.014757 0.035612 0.036528 0.892024 -0.449100 
1710052560.414392 51.948964 11.486276 -2.005403 0.035470 0.032379 0.896499 -0.440436 
1710052560.515329 51.880482 11.424756 -1.990562 0.039279 0.031438 0.899500 -0.434014 
1710052560.616091 51.826526 11.366283 -1.971043 0.038976 0.032657 0.902109 -0.428501 
1710052560.717102 51.759991 11.279140 -1.967949 0.034084 0.031028 0.905528 -0.421775 
1710052560.817919 51.692481 11.188580 -1.964077 0.036103 0.034347 0.909550 -0.412595 
1710052560.918715 51.636322 11.118487 -1.946772 0.037554 0.032718 0.912902 -0.405128 
1710052561.021481 51.576899 11.053441 -1.940740 0.036245 0.032044 0.916853 -0.396283 
1710052561.121084 51.505915 10.991620 -1.939835 0.032818 0.029246 0.921014 -0.387040 
1710052561.221242 51.436477 10.935778 -1.922636 0.033998 0.026404 0.926538 -0.373730 
1710052561.322072 51.377284 10.883775 -1.908736 0.033989 0.030629 0.931540 -0.360749 
1710052561.422996 51.318962 10.809592 -1.906237 0.034402 0.028974 0.935659 -0.350027 
1710052561.523853 51.235786 10.725945 -1.903926 0.030972 0.030277 0.941133 -0.335251 
1710052561.625256 51.163027 10.674776 -1.891106 0.031572 0.030362 0.945217 -0.323490 
1710052561.725585 51.105926 10.630386 -1.885998 0.031305 0.029050 0.948305 -0.314473 
1710052561.826586 51.028500 10.564963 -1.884429 0.027108 0.023408 0.951730 -0.304839 
1710052561.927330 50.945534 10.505228 -1.866989 0.029180 0.017655 0.955763 -0.292155 
1710052562.028368 50.884614 10.458672 -1.843645 0.033233 0.017744 0.958823 -0.281495 
1710052562.129059 50.824728 10.423770 -1.827605 0.033422 0.018934 0.962716 -0.267771 
1710052562.229810 50.730023 10.380189 -1.830120 0.031393 0.020910 0.966061 -0.255546 
1710052562.330765 50.629840 10.329177 -1.821616 0.032839 0.019760 0.967742 -0.249010 
1710052562.431673 50.550928 10.275985 -1.824422 0.036278 0.020416 0.967096 -0.250982 
1710052562.532506 50.463512 10.231605 -1.822659 0.042229 0.016143 0.967517 -0.248729 
1710052562.633228 50.370273 10.161064 -1.815278 0.040244 0.008820 0.967817 -0.248259 
1710052562.739856 50.302715 10.096748 -1.800786 0.040338 0.010221 0.967905 -0.247847 
1710052562.835851 50.246337 10.050879 -1.776054 0.042493 0.010282 0.968016 -0.247049 
1710052562.939866 50.159735 10.010650 -1.765229 0.041765 0.009362 0.967738 -0.248296 
1710052563.036681 50.069733 9.969010 -1.756903 0.041318 0.012761 0.967943 -0.247419 
1710052563.137527 49.987131 9.932737 -1.739373 0.044746 0.009997 0.967592 -0.248323 
1710052563.238388 49.914026 9.893041 -1.745202 0.046001 0.014231 0.967560 -0.248011 
1710052563.339578 49.828984 9.841299 -1.738440 0.039670 0.012335 0.969619 -0.241068 
1710052563.440146 49.744404 9.796314 -1.732615 0.040137 0.013905 0.972219 -0.230188 
1710052563.541046 49.667764 9.753406 -1.712088 0.041526 0.016424 0.974508 -0.219862 
1710052563.644848 49.591126 9.715935 -1.702331 0.041645 0.016346 0.976007 -0.213095 
1710052563.743048 49.499101 9.672536 -1.695245 0.039976 0.014028 0.977349 -0.207352 
1710052563.843763 49.419179 9.629743 -1.687172 0.040046 0.016804 0.977086 -0.208367 
1710052563.944589 49.342508 9.596372 -1.678525 0.044833 0.011974 0.976653 -0.209752 
1710052564.046528 49.252932 9.548279 -1.673522 0.043974 0.010110 0.976984 -0.208485 
1710052564.146269 49.161743 9.503669 -1.663498 0.042872 0.006514 0.977287 -0.207438 
1710052564.246987 49.091556 9.469688 -1.657749 0.045545 0.009976 0.979000 -0.198457 
1710052564.347849 49.016211 9.443908 -1.639339 0.045854 0.015009 0.981863 -0.183349 
1710052564.448785 48.912522 9.398673 -1.637834 0.039546 0.017723 0.984145 -0.171988 
1710052564.549617 48.807582 9.367635 -1.623283 0.040686 0.019093 0.985915 -0.161097 
1710052564.650409 48.727339 9.345628 -1.597084 0.042272 0.013817 0.986016 -0.160608 
1710052564.751297 48.657142 9.326105 -1.583974 0.043112 0.010508 0.985959 -0.160982 
1710052564.853545 48.547323 9.293560 -1.581717 0.041798 0.003082 0.986343 -0.159281 
1710052564.953244 48.465341 9.262607 -1.575377 0.042411 0.002078 0.986250 -0.159711 
1710052565.053936 48.407736 9.235684 -1.573006 0.044014 0.007019 0.986197 -0.159467 
1710052565.159634 48.327605 9.208826 -1.565898 0.044771 0.002080 0.985922 -0.161088 
1710052565.255586 48.245116 9.174717 -1.558617 0.043753 0.006249 0.987074 -0.154049 
1710052565.356547 48.173078 9.148576 -1.560746 0.042406 0.012424 0.987810 -0.149263 
1710052565.457294 48.099434 9.118983 -1.553932 0.044460 0.011714 0.988303 -0.145410 
1710052565.558254 48.014774 9.080975 -1.547259 0.042731 0.010846 0.989033 -0.140964 
1710052565.659052 47.925465 9.047709 -1.527174 0.041648 0.008286 0.989588 -0.137519 
1710052565.760098 47.854852 9.021538 -1.510354 0.042467 0.002104 0.989765 -0.136225 
1710052565.860767 47.780176 8.996233 -1.506588 0.044665 0.003021 0.989521 -0.137273 
1710052565.961615 47.685122 8.973917 -1.499436 0.040437 0.003914 0.989560 -0.138275 
1710052566.062855 47.600919 8.962730 -1.487995 0.041189 0.004267 0.989560 -0.138048 
1710052566.163298 47.524000 8.946078 -1.474446 0.042869 0.002066 0.990892 -0.127638 
1710052566.264169 47.429147 8.918722 -1.475148 0.043219 0.008410 0.992698 -0.112306 
1710052566.365118 47.312356 8.868756 -1.473068 0.040941 0.007580 0.994225 -0.098911 
1710052566.465933 47.226818 8.826005 -1.463364 0.042042 0.007479 0.994656 -0.094004 
1710052566.566792 47.145694 8.794610 -1.453934 0.046261 0.005753 0.994518 -0.093603 
1710052566.667791 47.070644 8.774175 -1.439963 0.047600 -0.001485 0.994255 -0.095863 
1710052566.768506 46.970637 8.742912 -1.425388 0.047977 0.003044 0.994480 -0.093268 
1710052566.869363 46.887173 8.712902 -1.420477 0.049530 0.005061 0.995110 -0.085307 
1710052566.970385 46.815665 8.699580 -1.397441 0.051325 0.007569 0.996107 -0.071275 
1710052567.071023 46.718892 8.670688 -1.387150 0.048890 0.013360 0.997002 -0.058471 
1710052567.171922 46.617116 8.650593 -1.384233 0.049500 0.009765 0.997601 -0.047395 
1710052567.273091 46.530791 8.641125 -1.378647 0.053825 0.005732 0.997615 -0.042824 
1710052567.373677 46.444284 8.640196 -1.364637 0.055459 0.000980 0.997483 -0.044165 
1710052567.474631 46.341547 8.639400 -1.359872 0.052365 0.001164 0.997589 -0.045520 
1710052567.575428 46.245788 8.644525 -1.342782 0.053219 -0.003228 0.997602 -0.044127 
1710052567.677971 46.164233 8.643428 -1.331069 0.054593 -0.002489 0.997872 -0.035556 
1710052567.777682 46.070696 8.640367 -1.325456 0.053810 0.001289 0.998310 -0.021930 
1710052567.878094 45.953559 8.631927 -1.313012 0.051545 0.000449 0.998647 -0.006921 
1710052567.979074 45.891978 8.626919 -1.296901 0.048728 0.003359 0.998798 0.004083 
1710052568.079801 45.820463 8.629687 -1.281598 0.050247 0.002155 0.998709 0.007154 
1710052568.180515 45.726221 8.638728 -1.283731 0.049365 -0.004054 0.998756 0.005819 
1710052568.281565 45.629137 8.634789 -1.279179 0.049621 -0.002695 0.998743 0.006590 
1710052568.382224 45.556396 8.631165 -1.271066 0.051035 -0.003868 0.998668 0.006488 
1710052568.483521 45.479878 8.628950 -1.263724 0.052433 -0.005367 0.998591 0.006158 
1710052568.583920 45.372256 8.620473 -1.266004 0.049630 -0.005896 0.998728 0.006621 
1710052568.684982 45.270331 8.605788 -1.261148 0.050214 -0.007389 0.998689 0.006634 
1710052568.785667 45.182984 8.596782 -1.244695 0.053862 -0.005810 0.998501 0.007812 
1710052568.886647 45.088012 8.600590 -1.227561 0.054696 -0.010603 0.998416 0.007814 
1710052568.987439 44.978519 8.604104 -1.216735 0.053030 -0.005029 0.998557 0.006824 
1710052569.088205 44.905298 8.612458 -1.199067 0.056778 -0.005733 0.998353 0.005927 
1710052569.189622 44.830663 8.608524 -1.185475 0.059197 -0.005930 0.998208 0.006436 
1710052569.289931 44.721659 8.602579 -1.166981 0.061173 -0.009922 0.998051 0.007359 
1710052569.390901 44.625958 8.594211 -1.150856 0.058966 -0.010600 0.998182 0.006629 
1710052569.491700 44.545685 8.585947 -1.141912 0.060738 -0.008000 0.998108 0.005207 
1710052569.592815 44.463166 8.580436 -1.134993 0.064147 -0.010121 0.997872 0.005848 
1710052569.693449 44.355444 8.579597 -1.124922 0.062795 -0.012187 0.997941 0.004780 
1710052569.794372 44.269907 8.583538 -1.111063 0.062265 -0.007407 0.998017 0.005432 
1710052569.895106 44.187836 8.582814 -1.102631 0.063371 -0.006711 0.997957 0.004671 
1710052569.995997 44.096135 8.580165 -1.099787 0.064745 -0.006776 0.997869 0.004541 
1710052570.096849 43.991900 8.576222 -1.091777 0.059523 -0.007777 0.998182 0.005421 
1710052570.197749 43.898147 8.572214 -1.062261 0.059910 -0.005580 0.998153 0.008362 
1710052570.298926 43.828599 8.574057 -1.044585 0.060091 -0.006156 0.998091 0.012872 
1710052570.399954 43.737443 8.575844 -1.031449 0.059450 -0.005745 0.998080 0.016377 
1710052570.500247 43.640120 8.577972 -1.019125 0.058395 -0.003915 0.998049 0.021733 
1710052570.601207 43.542600 8.579127 -1.004661 0.058689 -0.001882 0.997917 0.026722 
1710052570.702606 43.449466 8.575001 -0.988932 0.060142 -0.002945 0.997812 0.027291 
1710052570.802832 43.341246 8.571578 -0.977770 0.059430 -0.010605 0.997776 0.028258 
1710052570.903690 43.238362 8.558181 -0.968923 0.058858 -0.010408 0.997827 0.027743 
1710052571.008142 43.164797 8.546496 -0.955969 0.061877 -0.008460 0.997660 0.027814 
1710052571.105436 43.076392 8.551519 -0.951126 0.061209 -0.013061 0.997707 0.025750 
1710052571.206294 42.972012 8.567135 -0.947999 0.058856 -0.012902 0.997823 0.026820 
1710052571.307906 42.875471 8.585142 -0.932334 0.057818 -0.012699 0.997890 0.026682 
1710052571.408069 42.793157 8.594774 -0.925486 0.058848 -0.011030 0.997842 0.026962 
1710052571.508962 42.721037 8.599317 -0.916564 0.054721 -0.005737 0.997951 0.032641 
1710052571.609996 42.612081 8.603247 -0.918818 0.053171 -0.008422 0.997806 0.038530 
1710052571.710706 42.536272 8.611829 -0.904688 0.050806 -0.008923 0.997695 0.044081 
1710052571.811548 42.466427 8.604356 -0.899584 0.049912 -0.007934 0.997766 0.043694 
1710052571.912271 42.372648 8.600846 -0.892355 0.044711 -0.011699 0.997992 0.043304 
1710052572.013346 42.284444 8.603618 -0.887611 0.043642 -0.011532 0.998007 0.044103 
1710052572.114024 42.207342 8.610816 -0.874394 0.043551 -0.013250 0.998037 0.043008 
1710052572.214947 42.139793 8.608110 -0.869824 0.043142 -0.012296 0.998074 0.042854 
1710052572.315793 42.036122 8.605195 -0.866810 0.041300 -0.011621 0.998125 0.043652 
1710052572.416559 41.943542 8.595081 -0.855118 0.041497 -0.011987 0.998090 0.044167 
1710052572.517610 41.869036 8.591683 -0.839537 0.043545 -0.011380 0.998007 0.044225 
1710052572.618350 41.784435 8.600975 -0.834258 0.042110 -0.012986 0.998111 0.042816 
1710052572.719198 41.673994 8.620422 -0.813727 0.040765 -0.011447 0.998175 0.043046 
1710052572.819992 41.586551 8.628469 -0.800780 0.045343 -0.011114 0.998009 0.042420 
1710052572.921003 41.509741 8.637115 -0.789491 0.047149 -0.011799 0.997947 0.041701 
1710052573.021714 41.415575 8.643917 -0.789024 0.046973 -0.013087 0.997918 0.042210 
1710052573.122575 41.310641 8.650927 -0.790099 0.046363 -0.014777 0.997891 0.042961 
1710052573.223438 41.209744 8.654027 -0.774289 0.049491 -0.013292 0.997712 0.044092 
1710052573.324514 41.124038 8.653396 -0.770331 0.050284 -0.014194 0.997696 0.043269 
1710052573.425217 40.999454 8.660506 -0.756865 0.050111 -0.012798 0.997678 0.044321 
1710052573.526414 40.888466 8.675310 -0.734583 0.049069 -0.012801 0.997751 0.043825 
1710052573.627390 40.822522 8.675828 -0.723434 0.051272 -0.011932 0.997698 0.042749 
1710052573.727852 40.737212 8.659818 -0.721239 0.050579 -0.008753 0.997757 0.042960 
1710052573.828856 40.621191 8.653591 -0.710049 0.050467 -0.013141 0.997686 0.043622 
1710052573.929456 40.527833 8.658411 -0.696131 0.051957 -0.018508 0.997535 0.043380 
1710052574.030495 40.446774 8.654426 -0.683994 0.054420 -0.014715 0.997448 0.043819 
1710052574.131252 40.357039 8.649696 -0.682638 0.051552 -0.015086 0.997639 0.042793 
1710052574.236124 40.252646 8.652324 -0.668607 0.052855 -0.014398 0.997561 0.043255 
1710052574.333011 40.178859 8.651990 -0.645777 0.054764 -0.013334 0.997521 0.042121 
1710052574.433762 40.095974 8.656345 -0.622257 0.054784 -0.013164 0.997520 0.042171 
1710052574.535076 39.983986 8.664367 -0.623061 0.053785 -0.015860 0.997535 0.042173 
1710052574.636127 39.891780 8.671187 -0.613430 0.053616 -0.016600 0.997524 0.042370 
1710052574.736324 39.812141 8.664497 -0.599596 0.055804 -0.016243 0.997351 0.043739 
1710052574.837184 39.719870 8.659320 -0.594931 0.056745 -0.017366 0.997333 0.042488 
1710052574.938253 39.616210 8.665456 -0.589794 0.055751 -0.012470 0.997368 0.044654 
1710052575.038888 39.522799 8.677286 -0.588140 0.055963 -0.007586 0.997006 0.052812 
1710052575.139753 39.430638 8.696390 -0.588355 0.058537 -0.005155 0.996005 0.067240 
1710052575.240624 39.329371 8.701879 -0.589131 0.057282 0.002162 0.994818 0.083975 
1710052575.341704 39.220880 8.730947 -0.569853 0.057379 -0.001628 0.992951 0.103696 
1710052575.442665 39.144602 8.750499 -0.538919 0.060687 -0.002443 0.990227 0.125542 
1710052575.543581 39.075050 8.765280 -0.521944 0.064837 -0.002043 0.988077 0.139624 
1710052575.644401 38.981322 8.792980 -0.521950 0.061309 -0.001563 0.986435 0.152263 
1710052575.744909 38.905121 8.829884 -0.508365 0.064304 -0.006455 0.983916 0.166533 
1710052575.846500 38.843779 8.856197 -0.486031 0.067773 -0.009012 0.981514 0.178761 
1710052575.946633 38.778786 8.885626 -0.467890 0.067568 -0.011584 0.980041 0.186601 
1710052576.047639 38.675233 8.916309 -0.474396 0.066826 -0.015628 0.979603 0.188860 
1710052576.148377 38.568850 8.942939 -0.456202 0.063121 -0.020951 0.979832 0.188431 
1710052576.249391 38.489713 8.970783 -0.432972 0.063091 -0.023636 0.979547 0.189603 
1710052576.350106 38.409608 9.006089 -0.419431 0.058922 -0.026996 0.979965 0.188328 
1710052576.450971 38.307078 9.049178 -0.406025 0.057505 -0.027465 0.979946 0.188798 
1710052576.552151 38.225554 9.085354 -0.384083 0.053100 -0.026149 0.980190 0.189007 
1710052576.653273 38.144083 9.110444 -0.365321 0.051933 -0.027511 0.980136 0.189416 
1710052576.753500 38.034861 9.133550 -0.343497 0.046058 -0.025048 0.979570 0.194152 
1710052576.854459 37.934491 9.161524 -0.329916 0.042733 -0.025151 0.978941 0.198028 
1710052576.955215 37.853459 9.184643 -0.317959 0.042501 -0.026165 0.978125 0.201942 
1710052577.056271 37.769194 9.209096 -0.308746 0.043534 -0.025335 0.976693 0.208646 
1710052577.157013 37.680210 9.238778 -0.323694 0.040100 -0.022545 0.975667 0.214378 
1710052577.258049 37.595021 9.266223 -0.312285 0.043622 -0.020543 0.972990 0.225754 
1710052577.359046 37.526784 9.300415 -0.298682 0.046702 -0.019366 0.971088 0.233308 
1710052577.459716 37.443266 9.342087 -0.286438 0.046507 -0.023218 0.970815 0.234128 
1710052577.560554 37.345413 9.373441 -0.281223 0.042909 -0.027742 0.970974 0.233662 
1710052577.661380 37.243583 9.390019 -0.279683 0.045590 -0.029145 0.970444 0.235182 
1710052577.762117 37.156877 9.405785 -0.264040 0.047653 -0.028315 0.970225 0.235778 
1710052577.862959 37.060925 9.439096 -0.257039 0.048024 -0.030114 0.969355 0.239035 
1710052577.963823 36.961212 9.479832 -0.251695 0.049401 -0.024289 0.966597 0.250318 
1710052578.064692 36.892535 9.509402 -0.241648 0.049687 -0.021119 0.963221 0.263232 
1710052578.165544 36.827400 9.548205 -0.226948 0.051203 -0.019763 0.959669 0.275721 
1710052578.268029 36.733194 9.587335 -0.221073 0.050701 -0.015692 0.956282 0.287591 
1710052578.367296 36.650041 9.629877 -0.209339 0.050804 -0.020385 0.951764 0.301908 
1710052578.468119 36.575741 9.670715 -0.197767 0.053088 -0.022023 0.947180 0.315510 
1710052578.569003 36.512215 9.727395 -0.180762 0.053587 -0.024265 0.942919 0.327787 
1710052578.670803 36.442755 9.787812 -0.181894 0.052764 -0.020747 0.938968 0.339300 
1710052578.770672 36.388829 9.848554 -0.167062 0.056352 -0.022446 0.934011 0.352057 
1710052578.871626 36.336419 9.901398 -0.150550 0.056585 -0.026218 0.929279 0.364076 
1710052578.972485 36.265111 9.973092 -0.135888 0.054825 -0.029681 0.924298 0.376545 
1710052579.073287 36.180821 10.045553 -0.122946 0.049635 -0.031355 0.920267 0.386862 
1710052579.174105 36.112249 10.099949 -0.096622 0.048454 -0.035761 0.918652 0.390450 
1710052579.275006 36.049619 10.145668 -0.076597 0.050692 -0.040846 0.918265 0.390579 
1710052579.375911 35.962321 10.213368 -0.056784 0.045419 -0.050274 0.918755 0.388971 
1710052579.476716 35.870493 10.277021 -0.059761 0.047792 -0.041697 0.918706 0.389816 
1710052579.577953 35.805523 10.331355 -0.074107 0.050046 -0.036083 0.918883 0.389675 
1710052579.678766 35.749548 10.375867 -0.068692 0.050900 -0.039982 0.918635 0.389769 
1710052579.779364 35.657917 10.435179 -0.056487 0.048982 -0.037850 0.918725 0.390016 
1710052579.880338 35.586217 10.476061 -0.047573 0.050092 -0.038920 0.917440 0.392786 
1710052579.981075 35.536911 10.518600 -0.035135 0.052943 -0.040589 0.914272 0.399571 
1710052580.082011 35.479378 10.582235 -0.018017 0.056698 -0.038475 0.911032 0.406603 
1710052580.182717 35.411528 10.650043 -0.017287 0.053387 -0.034718 0.908496 0.413014 
1710052580.283608 35.357522 10.712343 0.000773 0.058711 -0.035973 0.903161 0.423743 
1710052580.384419 35.311654 10.762858 0.019663 0.060974 -0.039082 0.897645 0.434728 
1710052580.485402 35.255620 10.843791 0.028185 0.064091 -0.037343 0.891402 0.447102 
1710052580.586276 35.191114 10.914741 0.033942 0.058229 -0.039315 0.885394 0.459501 
1710052580.687759 35.142170 10.987503 0.048307 0.061183 -0.041775 0.879350 0.470377 
1710052580.787850 35.097912 11.058435 0.074994 0.063272 -0.043608 0.876880 0.474527 
1710052580.888783 35.040587 11.153481 0.095830 0.059814 -0.048649 0.877067 0.474140 
1710052580.989604 34.993151 11.248086 0.115435 0.060532 -0.047378 0.877125 0.474071 
1710052581.090466 34.952508 11.314313 0.121797 0.062153 -0.045368 0.877322 0.473692 
1710052581.191361 34.900183 11.380439 0.134630 0.061056 -0.050464 0.877044 0.473835 
1710052581.292227 34.811809 11.463527 0.140851 0.061494 -0.042364 0.877163 0.474351 
1710052581.393247 34.746000 11.539033 0.156731 0.053101 -0.046609 0.876193 0.476753 
1710052581.494041 34.697934 11.596045 0.165614 0.052841 -0.046876 0.874432 0.479979 
1710052581.594923 34.635740 11.655142 0.187600 0.053294 -0.047020 0.871906 0.484488 
1710052581.695706 34.571949 11.738010 0.194881 0.052183 -0.044185 0.870031 0.488233 
1710052581.796436 34.529300 11.816124 0.208127 0.047702 -0.043484 0.865546 0.496653 
1710052581.897300 34.487428 11.880417 0.220771 0.048234 -0.042108 0.862981 0.501162 
1710052581.998258 34.436402 11.952130 0.229034 0.049232 -0.040053 0.859239 0.507622 
1710052582.099026 34.388280 12.029632 0.239110 0.043942 -0.040473 0.855682 0.514042 
1710052582.200124 34.343357 12.093626 0.259896 0.045431 -0.041397 0.852212 0.519573 
1710052582.300888 34.300610 12.161968 0.267796 0.048065 -0.042134 0.848940 0.524609 
1710052582.401599 34.255313 12.262799 0.279120 0.046892 -0.045234 0.849005 0.524353 
1710052582.502826 34.208911 12.359013 0.283490 0.047078 -0.045338 0.849053 0.524249 
1710052582.603352 34.169588 12.427712 0.298853 0.048271 -0.044531 0.849271 0.523857 
1710052582.704342 34.112621 12.494173 0.309160 0.053506 -0.046387 0.848837 0.523890 
1710052582.805035 34.049985 12.586023 0.316513 0.051666 -0.047191 0.849218 0.523385 
1710052582.905966 34.000059 12.660242 0.334841 0.049541 -0.049833 0.848362 0.524733 
1710052583.006778 33.957934 12.735240 0.350111 0.050896 -0.052796 0.846443 0.527405 
1710052583.107668 33.921917 12.816287 0.361727 0.049691 -0.053022 0.844579 0.530477 
1710052583.208570 33.857543 12.917440 0.374606 0.052425 -0.047254 0.841761 0.535216 
1710052583.309484 33.802590 12.997013 0.397086 0.056907 -0.046429 0.837490 0.541495 
1710052583.410328 33.760325 13.076922 0.410607 0.060011 -0.046107 0.832983 0.548099 
1710052583.511071 33.721693 13.163119 0.421798 0.054419 -0.048889 0.829794 0.553254 
1710052583.611934 33.677188 13.262235 0.439316 0.054218 -0.049282 0.825487 0.559645 
1710052583.712830 33.639397 13.347724 0.460224 0.058305 -0.050960 0.820594 0.566241 
1710052583.813655 33.599981 13.432209 0.481531 0.055184 -0.052882 0.814723 0.574790 
1710052583.914806 33.562556 13.558233 0.493821 0.056376 -0.052936 0.807675 0.584535 
1710052584.015851 33.516556 13.650398 0.503995 0.055908 -0.048757 0.800366 0.594904 
1710052584.116265 33.489003 13.726784 0.520545 0.057065 -0.045868 0.793588 0.604034 
1710052584.217394 33.447786 13.808031 0.537902 0.056560 -0.045802 0.785754 0.614242 
1710052584.317947 33.412808 13.901265 0.539379 0.054234 -0.045030 0.778196 0.624053 
1710052584.418844 33.396768 13.975931 0.547982 0.052062 -0.050491 0.770685 0.633075 
1710052584.519696 33.385495 14.040662 0.564713 0.053078 -0.051853 0.765453 0.639200 
1710052584.620590 33.379326 14.133116 0.579330 0.047182 -0.052889 0.761254 0.644569 
1710052584.721445 33.363664 14.231207 0.588763 0.050141 -0.052252 0.756591 0.649866 
1710052584.822271 33.361519 14.298691 0.603072 0.050996 -0.054102 0.753646 0.653062 
1710052584.923164 33.346886 14.382078 0.612285 0.050591 -0.057136 0.751203 0.655644 
1710052585.023940 33.332113 14.487195 0.611906 0.045908 -0.058492 0.748913 0.658483 
1710052585.124969 33.312199 14.570846 0.624574 0.045457 -0.058617 0.747889 0.659666 
1710052585.225687 33.293172 14.643910 0.644206 0.047220 -0.061006 0.747953 0.659253 
1710052585.326860 33.282043 14.730972 0.655103 0.041983 -0.061093 0.747842 0.659726 
1710052585.427557 33.273220 14.844424 0.681652 0.043391 -0.056924 0.745539 0.662608 
1710052585.528365 33.268397 14.933790 0.698740 0.041643 -0.051225 0.738082 0.671474 
1710052585.629435 33.271693 15.009485 0.711134 0.043959 -0.049167 0.731435 0.678714 
1710052585.730023 33.254806 15.094060 0.708451 0.043005 -0.046844 0.728560 0.682023 
1710052585.830795 33.226287 15.201185 0.723987 0.033569 -0.042916 0.725597 0.685959 
1710052585.931799 33.193700 15.289473 0.735847 0.023718 -0.041169 0.725543 0.686535 
1710052586.032725 33.173729 15.365864 0.741101 0.015135 -0.037420 0.725452 0.687088 
1710052586.133428 33.157649 15.457855 0.726215 0.004955 -0.031977 0.726315 0.686600 
1710052586.234420 33.147502 15.557827 0.720993 0.001834 -0.026258 0.725473 0.687747 
1710052586.335126 33.141246 15.637274 0.722607 0.000191 -0.023686 0.726397 0.686867 
1710052586.435976 33.131607 15.721887 0.713449 0.000439 -0.016563 0.727049 0.686385 
1710052586.536827 33.107116 15.829526 0.714138 -0.003200 -0.013440 0.726187 0.687358 
1710052586.637736 33.093338 15.928430 0.712973 -0.008986 -0.015581 0.726452 0.686981 
1710052586.738638 33.077554 16.003772 0.726256 -0.008606 -0.015240 0.725740 0.687746 
1710052586.839410 33.074666 16.100176 0.730803 -0.008862 -0.016283 0.725881 0.687571 
1710052586.940444 33.072215 16.202743 0.731429 -0.008258 -0.014027 0.726456 0.687021 
1710052587.041300 33.063058 16.293300 0.738040 -0.008566 -0.013290 0.726368 0.687124 
1710052587.142042 33.063353 16.371320 0.743417 -0.007538 -0.012973 0.726838 0.686645 
1710052587.243071 33.058394 16.469239 0.737073 -0.007054 -0.012274 0.727744 0.685703 
1710052587.343894 33.037794 16.582396 0.748401 -0.014320 -0.014143 0.733952 0.678903 
1710052587.444872 33.007923 16.670765 0.759228 -0.016578 -0.018496 0.743618 0.668144 
1710052587.545590 32.976734 16.754782 0.758124 -0.019811 -0.022923 0.754437 0.655673 
1710052587.646428 32.966335 16.853347 0.732823 -0.023782 -0.024473 0.766789 0.640992 
1710052587.747213 32.944660 16.946403 0.725953 -0.023186 -0.023876 0.777325 0.628218 
1710052587.848106 32.914245 17.015394 0.744646 -0.020773 -0.024494 0.788941 0.613629 
1710052587.949038 32.885306 17.103989 0.737399 -0.018130 -0.024390 0.800255 0.598890 
1710052588.049861 32.848040 17.193524 0.732064 -0.022503 -0.023219 0.808841 0.587138 
1710052588.150647 32.820340 17.265273 0.718254 -0.019941 -0.023528 0.813364 0.580937 
1710052588.251590 32.785178 17.327689 0.722178 -0.013790 -0.017144 0.814004 0.580442 
1710052588.352314 32.734372 17.413943 0.738473 -0.014758 -0.016387 0.814253 0.580091 
1710052588.453191 32.697409 17.514974 0.731226 -0.015763 -0.011828 0.813622 0.581061 
1710052588.554041 32.667775 17.603005 0.736891 -0.014262 -0.011744 0.814401 0.580008 
1710052588.655028 32.632739 17.683373 0.736481 -0.012967 -0.011137 0.815231 0.578883 
1710052588.755837 32.590340 17.784408 0.747546 -0.013681 -0.012902 0.819755 0.572406 
1710052588.856633 32.535120 17.871630 0.751055 -0.018764 -0.012965 0.820618 0.571022 
1710052588.957712 32.508125 17.936200 0.749551 -0.016169 -0.012270 0.819619 0.572549 
1710052589.058352 32.469513 18.019299 0.745126 -0.014575 -0.013973 0.819750 0.572365 
1710052589.159399 32.431566 18.112020 0.728261 -0.017747 -0.012691 0.820188 0.571677 
1710052589.260345 32.393322 18.201842 0.737839 -0.015828 -0.011704 0.819654 0.572520 
1710052589.361231 32.360505 18.276078 0.739232 -0.013544 -0.011313 0.820926 0.570762 
1710052589.461773 32.322243 18.364223 0.725188 -0.010536 -0.011856 0.820531 0.571382 
1710052589.562639 32.282602 18.468715 0.721239 -0.015203 -0.012155 0.820648 0.571103 
1710052589.663697 32.239526 18.552194 0.738451 -0.015569 -0.014375 0.825868 0.563465 
1710052589.764456 32.186482 18.627263 0.746329 -0.016570 -0.020279 0.833772 0.551487 
1710052589.865643 32.144512 18.716056 0.748202 -0.020573 -0.023775 0.844134 0.535209 
1710052589.966783 32.105463 18.806766 0.731246 -0.021655 -0.024466 0.853992 0.519258 
1710052590.066943 32.074881 18.876136 0.733620 -0.019837 -0.028192 0.864597 0.501282 
1710052590.167823 32.026949 18.936950 0.737014 -0.020064 -0.027385 0.874436 0.483951 
1710052590.268685 31.962290 19.025985 0.742625 -0.020651 -0.026746 0.883240 0.467701 
1710052590.369818 31.910362 19.094873 0.738899 -0.022625 -0.027838 0.892311 0.449994 
1710052590.470325 31.863238 19.150439 0.741957 -0.019220 -0.029373 0.900882 0.432642 
1710052590.571265 31.787151 19.221374 0.745727 -0.018936 -0.030582 0.908981 0.415282 
1710052590.672120 31.728421 19.286274 0.749835 -0.021842 -0.029082 0.916507 0.398361 
1710052590.772986 31.677149 19.347424 0.755561 -0.019397 -0.028056 0.923893 0.381128 
1710052590.874118 31.609780 19.393930 0.748501 -0.017021 -0.027664 0.931329 0.362728 
1710052590.974666 31.525506 19.452195 0.724448 -0.015093 -0.028826 0.937795 0.345661 
1710052591.075760 31.440566 19.511384 0.721855 -0.018549 -0.030264 0.944007 0.328010 
1710052591.176641 31.368291 19.544068 0.729081 -0.017920 -0.029114 0.949745 0.311152 
1710052591.277322 31.288695 19.586834 0.713170 -0.017671 -0.032455 0.955097 0.293978 
1710052591.378098 31.190966 19.637727 0.704213 -0.019079 -0.032060 0.960509 0.275736 
1710052591.478953 31.110204 19.677061 0.710590 -0.018532 -0.026570 0.965214 0.259446 
1710052591.579876 31.020930 19.698724 0.728912 -0.015771 -0.021270 0.967209 0.252599 
1710052591.680664 30.914326 19.723867 0.723727 -0.015458 -0.013779 0.967498 0.252030 
1710052591.783911 30.811014 19.768846 0.705946 -0.017530 -0.014329 0.967315 0.252566 
1710052591.884729 30.730956 19.806838 0.704057 -0.014288 -0.012925 0.967341 0.252744 
1710052591.985167 30.656701 19.839063 0.706016 -0.013952 -0.013140 0.967200 0.253291 
1710052592.084078 30.575688 19.881758 0.715065 -0.015554 -0.013716 0.967457 0.252185 
1710052592.185048 30.487289 19.923598 0.723712 -0.015601 -0.010907 0.967286 0.252974 
1710052592.285972 30.427212 19.945359 0.713304 -0.014969 -0.013623 0.968895 0.246642 
1710052592.386653 30.342545 19.961471 0.701475 -0.012988 -0.019032 0.972103 0.233419 
1710052592.487549 30.240555 19.984450 0.684315 -0.018405 -0.024330 0.975878 0.216174 
1710052592.588539 30.156988 20.012929 0.695750 -0.016953 -0.028887 0.979787 0.197219 
1710052592.689223 30.077298 20.027171 0.701802 -0.014660 -0.031793 0.982930 0.180619 
1710052592.790100 29.989576 20.052773 0.690182 -0.016151 -0.034416 0.986043 0.162092 
1710052592.891960 29.889049 20.069009 0.689804 -0.015815 -0.030018 0.988492 0.147417 
1710052592.991836 29.799038 20.106761 0.710747 -0.012592 -0.025377 0.990003 0.138173 
1710052593.092694 29.713708 20.158891 0.719735 -0.010218 -0.018029 0.990428 0.136467 
1710052593.193767 29.615141 20.193780 0.699366 -0.012597 -0.014201 0.990362 0.137197 
1710052593.294406 29.506073 20.215443 0.686963 -0.010543 -0.014066 0.990363 0.137376 
1710052593.395274 29.424192 20.227831 0.695715 -0.007980 -0.013055 0.990340 0.137813 
1710052593.496410 29.343165 20.242892 0.694726 -0.008563 -0.014404 0.990323 0.137768 
1710052593.597225 29.251425 20.249003 0.694150 -0.010563 -0.015389 0.991215 0.130938 
1710052593.697812 29.166991 20.238612 0.693426 -0.008999 -0.020176 0.993058 0.115536 
1710052593.798739 29.089450 20.241433 0.691065 -0.006870 -0.027123 0.994795 0.097978 
1710052593.903836 28.985934 20.280480 0.691698 -0.006746 -0.021596 0.995510 0.091908 
1710052594.000425 28.881677 20.316996 0.689393 -0.009115 -0.019040 0.995909 0.087863 
1710052594.101330 28.796198 20.350452 0.699085 -0.005586 -0.016333 0.995873 0.089105 
1710052594.202335 28.713771 20.369445 0.709885 -0.001917 -0.012418 0.995893 0.089665 
1710052594.302978 28.614937 20.371933 0.691395 -0.005472 -0.019356 0.996676 0.078941 
1710052594.403880 28.504415 20.345188 0.698397 -0.005921 -0.019909 0.997631 0.065585 
1710052594.504744 28.427869 20.322896 0.707762 -0.004193 -0.026977 0.998504 0.047381 
1710052594.605739 28.338295 20.327828 0.695350 -0.004280 -0.024707 0.998982 0.037502 
1710052594.706409 28.230213 20.351973 0.670472 -0.006625 -0.020647 0.999174 0.034381 
1710052594.810256 28.135603 20.372634 0.663955 -0.006555 -0.016693 0.999248 0.034381 
1710052594.908238 28.057138 20.385673 0.673552 -0.007507 -0.010680 0.999280 0.035616 
1710052595.008993 27.974632 20.383459 0.663009 -0.008430 -0.015317 0.999261 0.034221 
1710052595.110099 27.871997 20.393354 0.665818 -0.012106 -0.011722 0.999277 0.034089 
1710052595.210772 27.783557 20.401248 0.665591 -0.013040 -0.012359 0.999267 0.033793 
1710052595.311851 27.705609 20.406476 0.666511 -0.013302 -0.012882 0.999299 0.032543 
1710052595.412468 27.611692 20.397637 0.665789 -0.015054 -0.009788 0.999255 0.034149 
1710052595.517818 27.505629 20.387601 0.660807 -0.019539 -0.012595 0.999146 0.034159 
1710052595.614419 27.426985 20.384415 0.659793 -0.017838 -0.013909 0.999123 0.035222 
1710052595.715004 27.352194 20.384633 0.663222 -0.016305 -0.013648 0.999151 0.035285 
1710052595.817178 27.247941 20.384854 0.638202 -0.019655 -0.014639 0.999128 0.033792 
1710052595.916960 27.140112 20.379585 0.652521 -0.019072 -0.010486 0.999165 0.034575 
1710052596.017620 27.058227 20.393194 0.659710 -0.019067 -0.011490 0.999203 0.033132 
1710052596.118440 26.975571 20.393590 0.650927 -0.016666 -0.014526 0.999394 0.026882 
1710052596.219469 26.856677 20.390486 0.625681 -0.019249 -0.019944 0.999298 0.025212 
1710052596.320186 26.772207 20.385608 0.632177 -0.018101 -0.016171 0.999359 0.026322 
1710052596.421080 26.697037 20.378399 0.640105 -0.016217 -0.013524 0.999394 0.027689 
1710052596.522283 26.598983 20.358362 0.622020 -0.016725 -0.016086 0.999420 0.024925 
1710052596.622784 26.483683 20.348347 0.606353 -0.018264 -0.015005 0.999351 0.027173 
1710052596.723599 26.400717 20.352873 0.612746 -0.016307 -0.013601 0.999450 0.025489 
1710052596.825329 26.322794 20.360414 0.614128 -0.014755 -0.011813 0.999504 0.025204 
1710052596.925482 26.215719 20.355516 0.612301 -0.017707 -0.011255 0.999427 0.026577 
1710052597.026277 26.118570 20.355161 0.602394 -0.016911 -0.013635 0.999419 0.026251 
1710052597.127309 26.039628 20.356536 0.605322 -0.013951 -0.013955 0.999443 0.026907 
1710052597.228068 25.955917 20.355180 0.611660 -0.014184 -0.014376 0.999437 0.026802 
1710052597.328988 25.855951 20.363920 0.607821 -0.016300 -0.011928 0.999445 0.026485 
1710052597.429605 25.774135 20.372787 0.613637 -0.015593 -0.011505 0.999473 0.026061 
1710052597.530575 25.700221 20.375350 0.610600 -0.014233 -0.012108 0.999498 0.025567 
1710052597.631325 25.604440 20.364517 0.600386 -0.012186 -0.011634 0.999507 0.026481 
1710052597.736005 25.491409 20.356962 0.593995 -0.016937 -0.012510 0.999434 0.026245 
1710052597.833103 25.409731 20.349140 0.598233 -0.015284 -0.012585 0.999448 0.026675 
1710052597.933995 25.327321 20.343866 0.607008 -0.013876 -0.013024 0.999453 0.027060 
1710052598.034763 25.219092 20.336367 0.579020 -0.016473 -0.016028 0.999393 0.026173 
1710052598.147935 25.115418 20.355227 0.586425 -0.016207 -0.011817 0.999445 0.026610 
1710052598.236497 25.047928 20.352603 0.594277 -0.014569 -0.011508 0.999502 0.025522 
1710052598.337402 24.960137 20.357077 0.587068 -0.013572 -0.011697 0.999499 0.026103 
1710052598.438240 24.848869 20.359043 0.576771 -0.015752 -0.014461 0.999422 0.026412 
1710052598.539160 24.754814 20.358967 0.569201 -0.014690 -0.013142 0.999464 0.026140 
1710052598.639958 24.679588 20.347821 0.578675 -0.012944 -0.012372 0.999491 0.026412 
1710052598.740779 24.591846 20.338440 0.575194 -0.012864 -0.015185 0.999485 0.025164 
1710052598.841981 24.487937 20.352585 0.562210 -0.015397 -0.013553 0.999445 0.026252 
1710052598.942540 24.411167 20.355841 0.569131 -0.013711 -0.013018 0.999497 0.025469 
1710052599.044234 24.325042 20.359182 0.570963 -0.012366 -0.012385 0.999519 0.025588 
1710052599.144461 24.221346 20.351858 0.574177 -0.014141 -0.012125 0.999498 0.025611 
1710052599.245382 24.119809 20.342696 0.570099 -0.016409 -0.013013 0.999453 0.025615 
1710052599.348082 24.049239 20.337012 0.567051 -0.012289 -0.013861 0.999486 0.026184 
1710052599.446887 23.965490 20.334668 0.568292 -0.010810 -0.013808 0.999506 0.026066 
1710052599.547966 23.863448 20.330458 0.553838 -0.013598 -0.016247 0.999463 0.025003 
1710052599.649431 23.772645 20.335817 0.564143 -0.012799 -0.012612 0.999498 0.026108 
1710052599.749370 23.692907 20.330062 0.563459 -0.012308 -0.013373 0.999528 0.024766 
1710052599.850313 23.597601 20.317208 0.556326 -0.009914 -0.011993 0.999555 0.025433 
1710052599.952966 23.479898 20.302633 0.544024 -0.012826 -0.014224 0.999467 0.026449 
1710052600.051943 23.393164 20.288818 0.550120 -0.012612 -0.013127 0.999480 0.026603 
1710052600.153012 23.309255 20.287687 0.542868 -0.010038 -0.014853 0.999478 0.026870 
1710052600.253717 23.214057 20.280685 0.531500 -0.013830 -0.015873 0.999447 0.025736 
1710052600.354547 23.112063 20.299758 0.524221 -0.015499 -0.013991 0.999433 0.026398 
1710052600.455384 23.031219 20.321567 0.536301 -0.013105 -0.013708 0.999548 0.023335 
1710052600.556292 22.929616 20.338809 0.528654 -0.010368 -0.016635 0.999720 0.013262 
1710052600.657093 22.797407 20.332605 0.514745 -0.013929 -0.025082 0.999588 -0.000172 
1710052600.757951 22.713371 20.311057 0.515988 -0.014103 -0.029047 0.999292 -0.019310 
1710052600.859039 22.643875 20.272167 0.524094 -0.011497 -0.027549 0.998972 -0.034116 
1710052600.959729 22.563385 20.233210 0.533144 -0.012781 -0.023822 0.998816 -0.040449 
1710052601.062138 22.472703 20.188352 0.538167 -0.015324 -0.017209 0.998901 -0.040812 
1710052601.161419 22.390817 20.168995 0.542189 -0.014672 -0.013288 0.999006 -0.039941 
1710052601.262362 22.323878 20.149771 0.530484 -0.013895 -0.008995 0.999015 -0.041174 
1710052601.365150 22.215754 20.131112 0.506776 -0.011085 -0.008923 0.999093 -0.040144 
1710052601.464049 22.114273 20.110615 0.509748 -0.015906 -0.010496 0.999044 -0.039333 
1710052601.566151 22.038587 20.092633 0.514972 -0.013974 -0.011027 0.999273 -0.033728 
1710052601.665741 21.950396 20.085264 0.511854 -0.011414 -0.008941 0.999615 -0.023652 
1710052601.766556 21.828846 20.084855 0.497410 -0.014703 -0.002750 0.999842 -0.009631 
1710052601.867603 21.734886 20.094902 0.503424 -0.013367 -0.002764 0.999896 -0.004556 
1710052601.968296 21.654671 20.086659 0.508219 -0.009805 -0.005928 0.999925 -0.004301 
1710052602.070614 21.551636 20.080774 0.492616 -0.009141 -0.010795 0.999892 -0.004026 
1710052602.170056 21.437732 20.076907 0.483729 -0.009913 -0.012423 0.999865 -0.004076 
1710052602.270832 21.352355 20.064944 0.490931 -0.009272 -0.012159 0.999876 -0.003683 
1710052602.371698 21.279689 20.059998 0.484715 -0.008661 -0.015939 0.999831 -0.002917 
1710052602.472577 21.170685 20.048398 0.498814 -0.008927 -0.014793 0.999845 -0.003482 
1710052602.573700 21.080544 20.028424 0.496469 -0.010634 -0.013200 0.999849 -0.003814 
1710052602.674306 21.000841 20.016322 0.500326 -0.010536 -0.011868 0.999864 -0.004552 
1710052602.776242 20.906596 20.010713 0.490758 -0.011150 -0.009997 0.999878 -0.004448 
1710052602.876357 20.810284 19.998316 0.483919 -0.015486 -0.016491 0.999700 -0.009417 
1710052602.977380 20.711166 19.975353 0.485731 -0.013591 -0.020287 0.999608 -0.013681 
1710052603.077742 20.629158 19.965286 0.489730 -0.012017 -0.018139 0.999692 -0.011970 
1710052603.178617 20.532395 19.963006 0.487621 -0.015582 -0.018115 0.999642 -0.012012 
1710052603.279597 20.423880 19.954627 0.491240 -0.015379 -0.013525 0.999713 -0.012392 
1710052603.380276 20.353326 19.953214 0.493046 -0.014416 -0.012718 0.999718 -0.013914 
1710052603.481358 20.269027 19.935916 0.490182 -0.013040 -0.011266 0.999763 -0.013331 
1710052603.582190 20.168242 19.923369 0.464976 -0.014572 -0.014490 0.999712 -0.012426 
1710052603.683433 20.065273 19.905408 0.467331 -0.014352 -0.013062 0.999728 -0.012965 
1710052603.786467 19.986348 19.881761 0.481416 -0.013288 -0.012606 0.999753 -0.012580 
1710052603.885345 19.885885 19.866399 0.467286 -0.013131 -0.015169 0.999709 -0.013371 
1710052603.986283 19.775240 19.865172 0.457965 -0.015667 -0.014434 0.999686 -0.013222 
1710052604.088812 19.686215 19.868473 0.460670 -0.012783 -0.012645 0.999735 -0.014376 
1710052604.187985 19.611789 19.860854 0.464919 -0.011213 -0.011148 0.999771 -0.014431 
1710052604.288046 19.518079 19.859914 0.453854 -0.013731 -0.011010 0.999753 -0.013576 
1710052604.388900 19.406031 19.846455 0.446548 -0.014189 -0.013734 0.999702 -0.014357 
1710052604.489767 19.330799 19.831345 0.445650 -0.010403 -0.013423 0.999767 -0.013324 
1710052604.590974 19.238996 19.821451 0.441683 -0.010721 -0.013143 0.999760 -0.013854 
1710052604.691511 19.140081 19.812099 0.445883 -0.013605 -0.014427 0.999708 -0.013791 
1710052604.792464 19.039253 19.798081 0.454386 -0.013270 -0.012757 0.999737 -0.013672 
1710052604.893462 18.969197 19.780922 0.457110 -0.012806 -0.012717 0.999724 -0.015036 
1710052604.994153 18.884306 19.771533 0.447139 -0.010688 -0.010982 0.999779 -0.014360 
1710052605.094890 18.774413 19.757946 0.440124 -0.015064 -0.013569 0.999697 -0.013943 
1710052605.196736 18.690337 19.742736 0.448391 -0.014915 -0.012485 0.999719 -0.013560 
1710052605.296759 18.611867 19.730670 0.442474 -0.013390 -0.012760 0.999742 -0.013200 
1710052605.397458 18.510166 19.715049 0.420105 -0.015910 -0.016849 0.999624 -0.014650 
1710052605.498427 18.408612 19.683616 0.426696 -0.017305 -0.013615 0.999676 -0.012800 
1710052605.599330 18.336372 19.666016 0.439320 -0.015676 -0.012199 0.999698 -0.014472 
1710052605.700064 18.257023 19.664170 0.440413 -0.013764 -0.011743 0.999737 -0.014072 
1710052605.800909 18.153675 19.660221 0.419752 -0.016261 -0.014288 0.999676 -0.013419 
1710052605.902155 18.051302 19.651718 0.426119 -0.015913 -0.014220 0.999680 -0.013595 
1710052606.002618 17.982782 19.643672 0.436526 -0.014570 -0.013207 0.999719 -0.013247 
1710052606.103668 17.897592 19.637224 0.428038 -0.013303 -0.015587 0.999692 -0.013984 
1710052606.204529 17.784670 19.636943 0.415559 -0.016288 -0.013410 0.999687 -0.013472 
1710052606.305222 17.700859 19.625018 0.418648 -0.015014 -0.013483 0.999692 -0.014443 
1710052606.406098 17.622480 19.615197 0.413062 -0.012164 -0.011969 0.999753 -0.014218 
1710052606.507153 17.522554 19.602593 0.400807 -0.014007 -0.008681 0.999763 -0.014252 
1710052606.607797 17.422551 19.592807 0.395749 -0.015616 -0.011932 0.999703 -0.014416 
1710052606.708692 17.341008 19.578769 0.401074 -0.013488 -0.012920 0.999739 -0.013163 
1710052606.809760 17.258591 19.561614 0.404128 -0.012837 -0.013756 0.999735 -0.013244 
1710052606.911025 17.155808 19.557751 0.390613 -0.015574 -0.015559 0.999653 -0.014480 
1710052607.011255 17.062615 19.574476 0.403621 -0.014776 -0.012022 0.999718 -0.014146 
1710052607.112104 16.982331 19.574956 0.409804 -0.014318 -0.012651 0.999697 -0.015537 
1710052607.213251 16.889106 19.562995 0.400923 -0.011314 -0.011880 0.999753 -0.015011 
1710052607.313865 16.781729 19.539103 0.386715 -0.014303 -0.014438 0.999695 -0.014007 
1710052607.414723 16.704222 19.511490 0.392692 -0.014549 -0.013077 0.999707 -0.014253 
1710052607.515535 16.632223 19.489149 0.398972 -0.012478 -0.012356 0.999750 -0.013846 
1710052607.616393 16.530417 19.468098 0.381541 -0.012936 -0.015473 0.999684 -0.015026 
1710052607.717228 16.431839 19.462462 0.369868 -0.014653 -0.013458 0.999708 -0.013729 
1710052607.818167 16.353983 19.461249 0.379547 -0.012515 -0.011929 0.999740 -0.014893 
1710052607.919245 16.264995 19.458564 0.377348 -0.010374 -0.010450 0.999778 -0.015100 
1710052608.019822 16.156107 19.449314 0.379113 -0.014425 -0.011524 0.999714 -0.015188 
1710052608.120747 16.060247 19.418160 0.378614 -0.013871 -0.013486 0.999704 -0.014758 
1710052608.221585 15.983592 19.408792 0.380704 -0.010142 -0.012659 0.999773 -0.013817 
1710052608.322375 15.892241 19.392274 0.386043 -0.010084 -0.015181 0.999735 -0.014032 
1710052608.423414 15.789910 19.392469 0.382673 -0.012111 -0.014202 0.999718 -0.014651 
1710052608.524755 15.698263 19.386215 0.385419 -0.010888 -0.013062 0.999753 -0.014280 
1710052608.625015 15.615818 19.384709 0.376943 -0.008968 -0.012045 0.999761 -0.015867 
1710052608.725974 15.528608 19.372979 0.369102 -0.006525 -0.010534 0.999810 -0.015018 
1710052608.826893 15.432604 19.351322 0.359113 -0.010476 -0.012111 0.999762 -0.014839 
1710052608.927792 15.357171 19.336476 0.367319 -0.009696 -0.012361 0.999771 -0.014501 
1710052609.028552 15.287871 19.323962 0.372538 -0.007140 -0.013081 0.999798 -0.013472 
1710052609.129468 15.176590 19.308229 0.356497 -0.009072 -0.015436 0.999726 -0.015085 
1710052609.230478 15.074042 19.318198 0.360618 -0.009604 -0.011141 0.999795 -0.013950 
1710052609.330975 14.991783 19.314062 0.370790 -0.008642 -0.010939 0.999783 -0.015476 
1710052609.432530 14.899560 19.310707 0.362717 -0.007071 -0.009295 0.999823 -0.014770 
1710052609.533697 14.787070 19.297733 0.360732 -0.011124 -0.011887 0.999764 -0.014375 
1710052609.633543 14.706232 19.288021 0.365271 -0.009878 -0.012927 0.999763 -0.014436 
1710052609.740644 14.626962 19.280396 0.362756 -0.007968 -0.010799 0.999818 -0.013592 
1710052609.835361 14.532506 19.284052 0.366946 -0.010312 -0.012939 0.999757 -0.014599 
1710052609.936242 14.427992 19.289958 0.362877 -0.012644 -0.010334 0.999765 -0.014227 
1710052610.037566 14.343018 19.285799 0.360401 -0.012020 -0.011119 0.999762 -0.014435 
1710052610.138116 14.264590 19.280563 0.358208 -0.011410 -0.009847 0.999771 -0.015162 
1710052610.238712 14.163715 19.275356 0.351447 -0.012563 -0.007351 0.999805 -0.013338 
1710052610.339746 14.064256 19.263048 0.345689 -0.016919 -0.010932 0.999686 -0.014883 
1710052610.440454 13.988646 19.259601 0.346929 -0.015238 -0.011405 0.999730 -0.013345 
1710052610.541637 13.901556 19.266165 0.337488 -0.013353 -0.010696 0.999756 -0.013989 
1710052610.642189 13.797309 19.263068 0.333921 -0.018456 -0.010233 0.999667 -0.014874 
1710052610.743249 13.713980 19.263353 0.336067 -0.016312 -0.009071 0.999720 -0.014531 
1710052610.844073 13.630153 19.260289 0.331822 -0.014516 -0.010330 0.999733 -0.014697 
1710052610.945043 13.530416 19.254529 0.320597 -0.013334 -0.011158 0.999749 -0.014136 
1710052611.045616 13.422407 19.258761 0.317762 -0.016907 -0.011731 0.999696 -0.013594 
1710052611.146472 13.342388 19.254822 0.327067 -0.016618 -0.009565 0.999715 -0.014216 
1710052611.247950 13.255378 19.254964 0.323910 -0.013305 -0.011050 0.999756 -0.013742 
1710052611.348332 13.146773 19.251754 0.326506 -0.014693 -0.010877 0.999707 -0.015884 
1710052611.449217 13.052948 19.233920 0.318627 -0.016765 -0.010583 0.999702 -0.014208 
1710052611.549946 12.976755 19.221700 0.322048 -0.015506 -0.010488 0.999712 -0.015044 
1710052611.650781 12.896167 19.205977 0.313144 -0.013842 -0.009478 0.999759 -0.014144 
1710052611.751620 12.791053 19.200620 0.304081 -0.016575 -0.012332 0.999694 -0.013620 
1710052611.852589 12.700736 19.199933 0.297859 -0.016089 -0.010914 0.999713 -0.014000 
1710052611.953396 12.620806 19.194343 0.296993 -0.014135 -0.010589 0.999755 -0.013341 
1710052612.054194 12.525157 19.191612 0.298553 -0.014378 -0.010106 0.999745 -0.014211 
1710052612.155088 12.420410 19.198949 0.306324 -0.016358 -0.009494 0.999720 -0.014197 
1710052612.260427 12.334243 19.199806 0.315198 -0.014706 -0.011057 0.999724 -0.014620 
1710052612.356737 12.252647 19.197656 0.306627 -0.012786 -0.010829 0.999750 -0.014814 
1710052612.457615 12.149294 19.180998 0.298696 -0.013047 -0.011439 0.999755 -0.013775 
1710052612.558592 12.059562 19.164722 0.307120 -0.016519 -0.010551 0.999712 -0.013816 
1710052612.659541 11.979655 19.143836 0.304288 -0.014051 -0.010392 0.999759 -0.013318 
1710052612.760362 11.890356 19.142133 0.290513 -0.012335 -0.013575 0.999740 -0.013545 
1710052612.861341 11.775128 19.131408 0.283215 -0.014786 -0.010999 0.999730 -0.014178 
1710052612.962587 11.689687 19.121534 0.285047 -0.014708 -0.009228 0.999758 -0.013488 
1710052613.062752 11.604371 19.119058 0.291196 -0.012660 -0.009814 0.999775 -0.013876 
1710052613.163712 11.497728 19.110834 0.273625 -0.013566 -0.011565 0.999759 -0.012836 
1710052613.264772 11.395844 19.105226 0.261949 -0.013531 -0.011420 0.999753 -0.013465 
1710052613.365398 11.312625 19.101570 0.269779 -0.012565 -0.010885 0.999778 -0.012912 
1710052613.466254 11.230283 19.098662 0.266821 -0.012092 -0.011209 0.999783 -0.012750 
1710052613.567080 11.118916 19.096577 0.274325 -0.013786 -0.009876 0.999757 -0.014081 
1710052613.667960 11.020929 19.110375 0.270514 -0.013923 -0.010459 0.999750 -0.014015 
1710052613.768771 10.935934 19.118250 0.277638 -0.012642 -0.011016 0.999753 -0.014573 
1710052613.869812 10.842441 19.110877 0.269980 -0.012611 -0.008476 0.999786 -0.014018 
1710052613.970905 10.738598 19.091816 0.265702 -0.015510 -0.010486 0.999727 -0.014003 
1710052614.071396 10.651173 19.073817 0.262768 -0.012833 -0.010707 0.999773 -0.013190 
1710052614.172298 10.573691 19.069136 0.263562 -0.011344 -0.010867 0.999779 -0.013940 
1710052614.273112 10.478627 19.063315 0.252854 -0.013042 -0.010880 0.999750 -0.014549 
1710052614.373961 10.377870 19.066347 0.258834 -0.013133 -0.008199 0.999784 -0.013875 
1710052614.474819 10.302571 19.075903 0.265903 -0.011730 -0.009646 0.999771 -0.015057 
1710052614.575762 10.218793 19.083575 0.266192 -0.010055 -0.009785 0.999805 -0.013932 
1710052614.676691 10.112868 19.077421 0.245768 -0.011967 -0.011732 0.999770 -0.013410 
1710052614.777586 10.025774 19.065296 0.262231 -0.012594 -0.010741 0.999768 -0.013767 
1710052614.878484 9.945485 19.058864 0.278032 -0.011127 -0.010327 0.999795 -0.013391 
1710052614.979394 9.852656 19.046795 0.259376 -0.011117 -0.011917 0.999766 -0.014197 
1710052615.079936 9.745521 19.042825 0.247885 -0.012467 -0.010321 0.999779 -0.013428 
1710052615.181042 9.662698 19.044143 0.257871 -0.010963 -0.009822 0.999784 -0.014670 
1710052615.281701 9.585045 19.040026 0.263694 -0.010619 -0.010221 0.999796 -0.013827 
1710052615.382648 9.479074 19.036015 0.237444 -0.013309 -0.009093 0.999777 -0.013619 
1710052615.483546 9.373751 19.038122 0.236039 -0.014296 -0.012153 0.999722 -0.014304 
1710052615.584295 9.290692 19.037302 0.243890 -0.014270 -0.012019 0.999738 -0.013255 
1710052615.685149 9.196858 19.026904 0.233742 -0.016344 -0.013306 0.999675 -0.014342 
1710052615.785952 9.090131 19.026424 0.230120 -0.019000 -0.013143 0.999625 -0.014671 
1710052615.886860 8.992402 19.017548 0.238043 -0.017434 -0.012320 0.999666 -0.014570 
1710052615.987720 8.916888 19.011601 0.236830 -0.015248 -0.011425 0.999705 -0.015046 
1710052616.088631 8.832216 19.000299 0.238264 -0.013651 -0.009740 0.999771 -0.013280 
1710052616.189398 8.737117 18.981275 0.235951 -0.016594 -0.011494 0.999711 -0.013045 
1710052616.290255 8.663828 18.960890 0.252291 -0.015357 -0.011220 0.999739 -0.012675 
1710052616.391323 8.589464 18.957353 0.254805 -0.012837 -0.010840 0.999777 -0.012811 
1710052616.492033 8.485548 18.961477 0.235801 -0.011902 -0.011718 0.999784 -0.012358 
1710052616.593366 8.378513 18.966451 0.228355 -0.012218 -0.008746 0.999807 -0.012627 
1710052616.693874 8.301146 18.970084 0.238193 -0.007081 -0.006483 0.999851 -0.014359 
1710052616.795105 8.218737 18.982635 0.241222 -0.004179 -0.007083 0.999869 -0.013927 
1710052616.895488 8.107597 18.987154 0.218624 -0.004235 -0.006303 0.999890 -0.012708 
1710052616.996436 7.996298 18.985200 0.211324 -0.006387 -0.008712 0.999841 -0.014170 
1710052617.097129 7.919015 18.989119 0.219858 -0.004753 -0.009093 0.999868 -0.012608 
1710052617.198130 7.838619 18.983543 0.226579 -0.004269 -0.009462 0.999855 -0.013484 
1710052617.298857 7.737707 18.977696 0.219827 -0.004901 -0.011243 0.999819 -0.014520 
1710052617.399812 7.643936 18.969472 0.239248 -0.006751 -0.010106 0.999834 -0.013577 
1710052617.500627 7.568634 18.968397 0.249870 -0.006597 -0.011825 0.999803 -0.014543 
1710052617.601425 7.482458 18.958375 0.250089 -0.006503 -0.012347 0.999813 -0.013399 
1710052617.702300 7.374899 18.941327 0.229208 -0.009205 -0.011782 0.999798 -0.013421 
1710052617.803159 7.290638 18.923118 0.238950 -0.009554 -0.011109 0.999803 -0.013419 
1710052617.904210 7.219464 18.908591 0.238719 -0.008167 -0.009716 0.999840 -0.012633 
1710052618.004915 7.129418 18.879185 0.224988 -0.009062 -0.014792 0.999595 -0.022548 
1710052618.105868 7.028145 18.850686 0.219170 -0.010258 -0.019451 0.999165 -0.034423 
1710052618.206566 6.959937 18.825068 0.229393 -0.007910 -0.022118 0.998333 -0.052713 
1710052618.307449 6.879926 18.803194 0.235538 -0.005340 -0.025999 0.997231 -0.069473 
1710052618.408414 6.774259 18.771343 0.219279 -0.007435 -0.025455 0.996039 -0.084875 
1710052618.509504 6.674362 18.756637 0.226916 -0.005522 -0.028536 0.994280 -0.102776 
1710052618.610174 6.596797 18.734150 0.247743 -0.002641 -0.025972 0.992559 -0.118937 
1710052618.711094 6.509396 18.699710 0.241279 -0.001355 -0.027742 0.990081 -0.137723 
1710052618.811962 6.409574 18.669483 0.242380 -0.002866 -0.026087 0.987601 -0.154773 
1710052618.912597 6.322210 18.642240 0.253952 -0.003161 -0.026349 0.984571 -0.172964 
1710052619.013548 6.247591 18.610694 0.252612 -0.000835 -0.024273 0.981244 -0.191234 
1710052619.114398 6.156902 18.568041 0.240299 0.000607 -0.020664 0.977981 -0.207666 
1710052619.215250 6.057180 18.507275 0.231363 -0.002375 -0.024362 0.973990 -0.225267 
1710052619.316019 5.993067 18.455658 0.243412 -0.001256 -0.024335 0.970017 -0.241812 
1710052619.417046 5.933992 18.395446 0.246379 0.000915 -0.024262 0.965490 -0.259304 
1710052619.517792 5.850917 18.340268 0.222215 0.001112 -0.026917 0.960196 -0.278023 
1710052619.618613 5.771832 18.275768 0.225562 -0.001101 -0.024443 0.955177 -0.295021 
1710052619.719480 5.706695 18.222245 0.232281 -0.000103 -0.022040 0.949121 -0.314140 
1710052619.820584 5.627694 18.172754 0.219697 0.000955 -0.019743 0.943150 -0.331778 
1710052619.921172 5.541643 18.109121 0.214750 -0.002221 -0.022717 0.937387 -0.347541 
1710052620.022158 5.474720 18.050106 0.201204 -0.000181 -0.020031 0.933803 -0.357228 
1710052620.123117 5.417433 18.014088 0.201329 -0.002167 -0.012982 0.933267 -0.358943 
1710052620.223750 5.350962 17.954313 0.206574 -0.004603 -0.012079 0.932796 -0.360173 
1710052620.324653 5.275614 17.879537 0.204441 -0.008186 -0.007513 0.933093 -0.359463 
1710052620.425523 5.216406 17.819812 0.218558 -0.010031 -0.007677 0.933227 -0.359066 
1710052620.526528 5.162963 17.759835 0.218320 -0.008879 -0.006993 0.932959 -0.359804 
1710052620.627317 5.085731 17.675691 0.196693 -0.009516 -0.003300 0.933241 -0.359110 
1710052620.728532 5.009536 17.611317 0.200984 -0.012592 -0.009518 0.932943 -0.359677 
1710052620.829165 4.960543 17.564129 0.213220 -0.011712 -0.009284 0.933389 -0.358554 
1710052620.930605 4.895025 17.512970 0.211130 -0.011171 -0.008942 0.933199 -0.359075 
1710052621.030947 4.817696 17.439278 0.182580 -0.012010 -0.010056 0.932797 -0.360061 
1710052621.132473 4.751361 17.364987 0.208856 -0.013045 -0.009659 0.930113 -0.366914 
1710052621.232384 4.702538 17.298024 0.226341 -0.009164 -0.014345 0.924108 -0.381753 
1710052621.333267 4.631386 17.237792 0.205091 -0.007382 -0.015068 0.920899 -0.389441 
1710052621.434235 4.542594 17.166403 0.184291 -0.009830 -0.014056 0.919811 -0.391987 
1710052621.535476 4.479738 17.116056 0.182842 -0.010178 -0.009917 0.920129 -0.391358 
1710052621.635850 4.427650 17.060119 0.182663 -0.010831 -0.006011 0.920456 -0.390651 
1710052621.736627 4.362250 16.989959 0.181544 -0.010518 -0.006589 0.919669 -0.392498 
1710052621.838408 4.291848 16.916630 0.175583 -0.012482 -0.007152 0.919782 -0.392167 
1710052621.938440 4.230691 16.832040 0.183685 -0.008280 -0.009815 0.915901 -0.401199 
1710052622.039460 4.186438 16.742247 0.189121 -0.004017 -0.015011 0.909574 -0.415251 
1710052622.140094 4.122506 16.639269 0.188756 -0.004683 -0.019360 0.901483 -0.432356 
1710052622.240937 4.073212 16.569293 0.188315 -0.004632 -0.025751 0.893222 -0.448854 
1710052622.341849 4.026735 16.526409 0.189464 -0.004197 -0.020472 0.890405 -0.454690 
1710052622.443633 3.975040 16.460113 0.184832 -0.006740 -0.015957 0.889089 -0.457406 
1710052622.544091 3.910388 16.385136 0.177618 -0.011890 -0.011665 0.888858 -0.457879 
1710052622.644473 3.864214 16.312257 0.172129 -0.011618 -0.006639 0.889531 -0.456678 
1710052622.745382 3.821868 16.243789 0.159059 -0.012101 -0.006340 0.888739 -0.458211 
1710052622.846243 3.762725 16.151804 0.147128 -0.010314 -0.005193 0.888880 -0.457995 
1710052622.946945 3.708775 16.027675 0.140781 -0.008272 -0.012019 0.884605 -0.466112 
1710052623.047974 3.685740 15.940441 0.149204 -0.004945 -0.017607 0.876848 -0.480420 
1710052623.148770 3.658550 15.865786 0.149528 -0.002129 -0.020896 0.867360 -0.497239 
1710052623.249562 3.610453 15.784737 0.141204 -0.003687 -0.023345 0.858914 -0.511573 
1710052623.352825 3.579186 15.708233 0.151261 -0.004617 -0.021743 0.850562 -0.525405 
1710052623.452402 3.550247 15.638654 0.158415 -0.002707 -0.019490 0.841372 -0.540099 
1710052623.552121 3.512975 15.558380 0.154590 -0.005462 -0.014132 0.832750 -0.553441 
1710052623.653076 3.472864 15.473751 0.140356 -0.008485 -0.015962 0.829463 -0.558270 
1710052623.753837 3.424736 15.409674 0.143375 -0.009416 -0.011121 0.827829 -0.560791 
1710052623.855235 3.399572 15.342232 0.135374 -0.008442 -0.005506 0.828883 -0.559332 
1710052623.955586 3.361462 15.235071 0.140803 -0.009397 -0.007611 0.827753 -0.560962 
1710052624.058094 3.344685 15.137587 0.130035 -0.011912 -0.007344 0.828517 -0.559788 
1710052624.158606 3.323095 15.057534 0.128811 -0.009635 -0.007375 0.827384 -0.561505 
1710052624.258164 3.295913 14.974025 0.114058 -0.005858 -0.007758 0.821422 -0.570238 
1710052624.358988 3.241253 14.873886 0.113541 -0.002308 -0.012160 0.812691 -0.582563 
1710052624.459954 3.213258 14.784561 0.124153 -0.002114 -0.017461 0.801803 -0.597330 
1710052624.560773 3.190608 14.720689 0.128487 0.001514 -0.017260 0.791302 -0.611180 
1710052624.661746 3.169145 14.633475 0.132767 0.005168 -0.018665 0.780324 -0.625075 
1710052624.763948 3.150467 14.540436 0.137078 0.000396 -0.015913 0.768044 -0.640199 
1710052624.863405 3.140854 14.468719 0.146935 0.000919 -0.014205 0.756044 -0.654366 
1710052624.964246 3.142854 14.386369 0.141061 0.002835 -0.011044 0.745021 -0.666944 
1710052625.065075 3.154408 14.265402 0.120296 0.002067 -0.010479 0.738194 -0.674504 
1710052625.165938 3.175018 14.133757 0.114951 -0.001422 -0.007359 0.734995 -0.678031 
1710052625.266702 3.191678 14.037982 0.135680 -0.006606 -0.002493 0.735137 -0.677881 
1710052625.367756 3.199074 13.946521 0.117351 -0.005367 -0.002559 0.735762 -0.677214 
1710052625.468465 3.216880 13.829740 0.127161 -0.006429 -0.003012 0.734535 -0.678534 
1710052625.569299 3.224051 13.730539 0.122273 -0.009604 -0.004616 0.735941 -0.676962 
1710052625.670226 3.217248 13.654750 0.122612 -0.010094 -0.003716 0.734713 -0.678293 
1710052625.771010 3.206186 13.571103 0.111707 -0.010600 -0.002493 0.735110 -0.677861 
1710052625.872160 3.198407 13.469287 0.105759 -0.012294 -0.006586 0.735563 -0.677313 
1710052625.974313 3.198849 13.378031 0.099581 -0.011858 -0.006487 0.735620 -0.677259 
1710052626.074422 3.189762 13.304373 0.100954 -0.011089 -0.004618 0.735885 -0.677000 
1710052626.174479 3.178199 13.203509 0.093359 -0.010945 -0.003625 0.735379 -0.677557 
1710052626.275317 3.161078 13.099984 0.096034 -0.013990 -0.003720 0.735227 -0.677667 
1710052626.376369 3.140680 13.016785 0.103394 -0.011923 -0.003570 0.734677 -0.678303 
1710052626.477165 3.134715 12.925489 0.103858 -0.009855 -0.002989 0.734824 -0.678180 
1710052626.577987 3.125954 12.812513 0.093745 -0.009053 -0.004058 0.735744 -0.677187 
1710052626.679200 3.121888 12.716351 0.097067 -0.011412 -0.004289 0.735298 -0.677635 
1710052626.780104 3.124001 12.637365 0.104207 -0.009918 -0.002795 0.735239 -0.677729 
1710052626.880504 3.111564 12.535720 0.084243 -0.007499 -0.004295 0.734688 -0.678350 
1710052626.982060 3.105047 12.420768 0.075102 -0.010508 -0.003762 0.734772 -0.678222 
1710052627.082336 3.085257 12.340795 0.079094 -0.010134 -0.001384 0.734739 -0.678273 
1710052627.183269 3.083331 12.257011 0.086563 -0.008249 -0.001020 0.734554 -0.678499 
1710052627.284111 3.085976 12.155663 0.082812 -0.010165 -0.003331 0.734955 -0.678031 
1710052627.384903 3.089800 12.057631 0.082338 -0.008336 -0.004299 0.734843 -0.678172 
1710052627.485844 3.094543 11.976161 0.088829 -0.007254 -0.001627 0.735421 -0.677570 
1710052627.587837 3.092765 11.892667 0.085228 -0.006660 -0.001033 0.735062 -0.677966 
1710052627.687334 3.088854 11.789716 0.094314 -0.009190 -0.002339 0.735228 -0.677753 
1710052627.788240 3.070574 11.695732 0.092808 -0.008686 -0.001514 0.734875 -0.678145 
1710052627.889050 3.057350 11.615509 0.090672 -0.007091 -0.000622 0.734427 -0.678651 
1710052627.989893 3.047056 11.524729 0.076333 -0.008099 -0.000222 0.734486 -0.678575 
1710052628.091242 3.051193 11.417598 0.071576 -0.009353 -0.002353 0.734657 -0.678370 
1710052628.193958 3.055517 11.338375 0.091544 -0.006810 -0.001440 0.735055 -0.677972 
1710052628.293944 3.055762 11.262518 0.099015 -0.005503 -0.001110 0.735096 -0.677939 
1710052628.393959 3.050851 11.162955 0.084815 -0.006519 -0.004761 0.734227 -0.678856 
1710052628.494653 3.043369 11.061498 0.088676 -0.008812 -0.001845 0.734562 -0.678481 
1710052628.595143 3.041589 10.984108 0.096216 -0.008053 -0.000857 0.734166 -0.678921 
1710052628.700405 3.037412 10.896656 0.096525 -0.006793 -0.001295 0.734372 -0.678712 
1710052628.796896 3.043252 10.789512 0.085292 -0.007893 -0.004370 0.735172 -0.677820 
1710052628.898035 3.042860 10.687715 0.079908 -0.008033 -0.003378 0.734813 -0.678213 
1710052628.998484 3.044707 10.605976 0.088826 -0.007582 -0.002126 0.735109 -0.677903 
1710052629.099447 3.055890 10.515113 0.088572 -0.005880 -0.003590 0.734896 -0.678145 
1710052629.203784 3.038319 10.408065 0.080903 -0.010398 -0.005826 0.735017 -0.677944 
1710052629.301077 3.026839 10.331049 0.073738 -0.008422 -0.003242 0.734301 -0.678764 
1710052629.401941 3.018515 10.255650 0.072301 -0.007637 -0.001483 0.734091 -0.679007 
1710052629.502793 3.007799 10.153027 0.059857 -0.010553 -0.001484 0.734409 -0.678624 
1710052629.603650 3.003415 10.046344 0.060815 -0.009628 -0.004786 0.734362 -0.678673 
1710052629.704515 2.994368 9.969756 0.067545 -0.007759 -0.003106 0.734413 -0.678652 
1710052629.805472 2.998085 9.883413 0.066736 -0.006884 -0.003052 0.734390 -0.678686 
1710052629.906871 2.997422 9.782392 0.062843 -0.009576 -0.004574 0.734088 -0.678971 
1710052630.007103 3.001028 9.694366 0.081169 -0.010781 -0.001731 0.734474 -0.678549 
1710052630.108336 3.002233 9.623789 0.087003 -0.009663 -0.002972 0.733632 -0.679472 
1710052630.209023 3.003467 9.525822 0.085746 -0.005359 -0.004083 0.728869 -0.684620 
1710052630.309739 2.986804 9.419306 0.071971 -0.004569 -0.010940 0.727188 -0.686336 
1710052630.410775 2.977094 9.339601 0.071026 -0.005822 -0.007118 0.727596 -0.685945 
1710052630.511855 2.981766 9.257363 0.078689 -0.006652 -0.004993 0.727969 -0.685559 
1710052630.612229 2.981544 9.153523 0.058166 -0.005640 -0.009282 0.725838 -0.687780 
1710052630.713245 2.994643 9.050853 0.056036 -0.008418 -0.007088 0.728042 -0.685444 
1710052630.814154 2.993761 8.965235 0.073300 -0.008142 -0.005705 0.726807 -0.686769 
1710052630.915109 2.991795 8.880845 0.066419 -0.009039 -0.001984 0.726871 -0.686712 
1710052631.015663 2.991718 8.777205 0.061986 -0.011373 -0.004765 0.727345 -0.686161 
1710052631.116772 2.981050 8.686365 0.063822 -0.008971 -0.005082 0.727315 -0.686226 
1710052631.217381 2.980145 8.611970 0.060884 -0.008591 -0.002273 0.728250 -0.685254 
1710052631.318264 2.973258 8.522154 0.060782 -0.007436 -0.002953 0.726997 -0.686594 
1710052631.419196 2.962962 8.417413 0.060918 -0.011016 -0.001768 0.727375 -0.686149 
1710052631.520050 2.954629 8.336103 0.062364 -0.010487 -0.001311 0.727485 -0.686042 
1710052631.620821 2.951219 8.254684 0.054176 -0.008370 -0.000453 0.726606 -0.687003 
1710052631.721682 2.954873 8.150817 0.039476 -0.008902 -0.000829 0.727851 -0.685677 
1710052631.822588 2.959966 8.045772 0.034600 -0.009159 -0.003136 0.727324 -0.686226 
1710052631.923398 2.964121 7.972526 0.049892 -0.008125 -0.000222 0.728150 -0.685370 
1710052632.024331 2.961582 7.891064 0.053327 -0.006643 0.000697 0.727358 -0.686226 
1710052632.125190 2.946049 7.783445 0.026242 -0.006784 -0.003032 0.726841 -0.686766 
1710052632.226210 2.937876 7.690710 0.036619 -0.008466 -0.001113 0.727099 -0.686480 
1710052632.327016 2.935198 7.616183 0.050124 -0.008803 -0.000258 0.726591 -0.687014 
1710052632.428005 2.934397 7.526098 0.040976 -0.007481 0.000683 0.727256 -0.686325 
1710052632.528847 2.932297 7.415843 0.031064 -0.008424 -0.002498 0.727353 -0.686207 
1710052632.629418 2.940912 7.332612 0.036777 -0.007973 -0.003032 0.727384 -0.686178 
1710052632.730482 2.940109 7.252183 0.034674 -0.007476 -0.000760 0.727829 -0.685717 
1710052632.831862 2.931933 7.154680 0.032178 -0.007332 -0.002908 0.726655 -0.686957 
1710052632.931997 2.908615 7.061120 0.017445 -0.010275 -0.003757 0.727530 -0.685989 
1710052633.033897 2.896832 6.980579 0.024830 -0.008938 -0.002332 0.726538 -0.687064 
1710052633.134082 2.895310 6.897760 0.031147 -0.008364 -0.002389 0.727141 -0.686433 
1710052633.234574 2.900948 6.790781 0.028136 -0.010665 -0.004677 0.727554 -0.685952 
1710052633.336364 2.909214 6.700656 0.028348 -0.010175 -0.006434 0.726809 -0.686734 
1710052633.436606 2.913849 6.624563 0.034427 -0.009441 -0.003743 0.727688 -0.685834 
1710052633.537193 2.916191 6.535047 0.036437 -0.008056 -0.004347 0.727016 -0.686560 
1710052633.640714 2.913308 6.424625 0.029071 -0.010811 -0.004800 0.726848 -0.686697 
1710052633.738896 2.902546 6.343475 0.037021 -0.010228 -0.004098 0.727349 -0.686179 
1710052633.842686 2.892909 6.262500 0.028334 -0.009469 -0.003851 0.726914 -0.686652 
1710052633.940842 2.890044 6.163387 0.013086 -0.009499 -0.000494 0.726660 -0.686931 
1710052634.042181 2.890455 6.054700 0.001275 -0.010374 -0.004783 0.726504 -0.687067 
1710052634.142370 2.897462 5.974547 0.005857 -0.008402 -0.003861 0.727286 -0.686272 
1710052634.243421 2.900752 5.893807 0.009725 -0.007742 -0.003572 0.727140 -0.686436 
1710052634.344124 2.894465 5.787103 -0.005587 -0.008794 -0.005241 0.725866 -0.687760 
1710052634.444993 2.908025 5.697366 -0.001329 -0.012930 -0.004821 0.726664 -0.686855 
1710052634.545751 2.906846 5.618066 0.011425 -0.011910 -0.003434 0.726342 -0.687222 
1710052634.647287 2.911164 5.530303 0.009031 -0.010633 -0.002538 0.726448 -0.687134 
1710052634.747605 2.910231 5.421718 -0.000719 -0.011024 -0.006853 0.726871 -0.686651 
1710052634.848565 2.903913 5.335255 -0.003382 -0.009552 -0.006617 0.726782 -0.686770 
1710052634.949239 2.895581 5.251595 -0.010114 -0.007836 -0.003332 0.727412 -0.686148 
1710052635.050075 2.890223 5.152027 -0.009628 -0.006940 -0.003980 0.727052 -0.686536 
1710052635.150974 2.877579 5.049115 -0.014856 -0.011092 -0.003061 0.727579 -0.685927 
1710052635.251858 2.868646 4.969308 -0.012785 -0.009635 -0.003485 0.727669 -0.685852 
1710052635.352674 2.863415 4.886959 -0.014822 -0.009379 -0.002183 0.726944 -0.686629 
1710052635.453503 2.866192 4.786897 -0.016393 -0.011687 -0.003015 0.728478 -0.684963 
1710052635.554323 2.878728 4.684044 -0.018850 -0.011698 -0.005507 0.727669 -0.685806 
1710052635.655279 2.881582 4.607570 -0.018588 -0.009801 -0.003918 0.728469 -0.684998 
1710052635.756080 2.873692 4.520879 -0.023856 -0.008660 -0.004492 0.727832 -0.685687 
1710052635.856912 2.871236 4.414672 -0.023317 -0.014517 -0.004888 0.728064 -0.685338 
1710052635.957770 2.864594 4.327279 -0.013091 -0.013303 -0.005116 0.727905 -0.685530 
1710052636.058787 2.860534 4.249592 -0.011974 -0.012641 -0.005917 0.728453 -0.684953 
1710052636.160012 2.857586 4.150137 -0.033389 -0.009808 -0.006712 0.729229 -0.684166 
1710052636.260675 2.857848 4.043344 -0.042948 -0.013534 -0.007244 0.728133 -0.685264 
1710052636.361596 2.854466 3.963707 -0.034389 -0.013617 -0.006443 0.729059 -0.684285 
1710052636.462419 2.846328 3.884835 -0.036115 -0.012325 -0.006942 0.728713 -0.684673 
1710052636.562939 2.845834 3.772330 -0.037515 -0.011768 -0.007085 0.728976 -0.684402 
1710052636.663981 2.820016 3.678954 -0.047229 -0.014309 -0.007322 0.728087 -0.685296 
1710052636.765001 2.809698 3.596863 -0.046951 -0.012552 -0.005588 0.728187 -0.685241 
1710052636.865513 2.802308 3.501892 -0.048160 -0.011804 -0.004080 0.729051 -0.684346 
1710052636.966359 2.801865 3.394038 -0.049413 -0.012981 -0.007449 0.728469 -0.684915 
1710052637.067225 2.808697 3.309131 -0.042327 -0.011436 -0.007140 0.728641 -0.684763 
1710052637.168155 2.813882 3.231656 -0.045058 -0.009759 -0.004246 0.728785 -0.684660 
1710052637.268976 2.815832 3.129726 -0.043047 -0.009028 -0.003419 0.728384 -0.685101 
1710052637.369920 2.798450 3.028264 -0.036477 -0.011999 -0.003411 0.728355 -0.685086 
1710052637.470720 2.782313 2.948373 -0.028474 -0.009475 -0.003733 0.727986 -0.685516 
1710052637.571615 2.785622 2.854920 -0.034220 -0.007599 -0.000723 0.728405 -0.685105 
1710052637.672380 2.784378 2.742482 -0.050574 -0.008220 -0.002844 0.728568 -0.684918 
1710052637.773351 2.796936 2.639885 -0.051358 -0.009119 -0.002644 0.728027 -0.685483 
1710052637.874221 2.807751 2.556014 -0.043927 -0.007770 -0.001880 0.728241 -0.685275 
1710052637.975117 2.800069 2.462455 -0.058540 -0.006560 -0.003482 0.727582 -0.685981 
1710052638.076007 2.788699 2.346443 -0.067929 -0.009117 -0.002087 0.727829 -0.685694 
1710052638.176661 2.774319 2.259214 -0.062220 -0.010346 -0.001385 0.727509 -0.686019 
1710052638.277967 2.768891 2.169545 -0.061525 -0.007437 -0.001173 0.727519 -0.686046 
1710052638.378524 2.766980 2.071181 -0.068724 -0.009144 -0.003980 0.728091 -0.685408 
1710052638.479298 2.766381 1.976509 -0.067738 -0.008738 -0.004402 0.727542 -0.685993 
1710052638.580091 2.769767 1.896969 -0.059855 -0.006832 -0.002296 0.728546 -0.684959 
1710052638.681149 2.775599 1.827283 -0.041805 -0.011621 -0.003210 0.726586 -0.686970 
1710052638.781955 2.788999 1.770087 -0.055697 -0.011219 -0.005434 0.726599 -0.686949 
1710052638.882711 2.785243 1.746058 -0.054765 -0.008073 -0.004788 0.727645 -0.685890 
1710052638.983617 2.778848 1.739119 -0.046309 -0.009223 -0.003044 0.727330 -0.686219 
1710052639.084634 2.767540 1.736531 -0.049451 -0.009987 -0.001457 0.728035 -0.685465 
1710052639.185256 2.761885 1.732199 -0.051304 -0.011147 -0.000273 0.727951 -0.685539 
1710052639.286113 2.755719 1.734503 -0.059294 -0.010392 0.000327 0.727562 -0.685963 
1710052639.386971 2.750781 1.735906 -0.065045 -0.009275 0.001409 0.727828 -0.685695 
1710052639.487918 2.739452 1.735493 -0.064399 -0.010284 0.001033 0.729078 -0.684353 
1710052639.588698 2.729230 1.733628 -0.053610 -0.012740 0.003994 0.727774 -0.685688 
1710052639.689656 2.720871 1.734644 -0.052493 -0.011885 0.005268 0.727802 -0.685664 
1710052639.790674 2.721525 1.746863 -0.053350 -0.010908 0.004064 0.726695 -0.686861 
1710052639.891282 2.725744 1.750195 -0.050612 -0.008161 0.002879 0.725658 -0.688001 
1710052639.993975 2.730372 1.750180 -0.055646 -0.008453 0.002793 0.726737 -0.686858 
1710052640.093103 2.726327 1.744174 -0.061347 -0.007760 0.002323 0.726748 -0.686856 
1710052640.194110 2.723496 1.738350 -0.061569 -0.007478 0.001660 0.727246 -0.686335 
1710052640.294825 2.717878 1.735595 -0.062208 -0.006504 0.000452 0.726840 -0.686776 
1710052640.395641 2.717710 1.734208 -0.063081 -0.006532 0.000794 0.727324 -0.686263 
1710052640.496560 2.716311 1.737295 -0.061600 -0.007793 0.001251 0.726759 -0.686847 
1710052640.597344 2.709353 1.735781 -0.060875 -0.008217 0.001495 0.727399 -0.686164 
1710052640.698206 2.710141 1.735788 -0.061213 -0.007433 0.001014 0.727476 -0.686092 
1710052640.798996 2.711695 1.735638 -0.061098 -0.007912 0.001002 0.727220 -0.686359 
1710052640.899932 2.711038 1.735883 -0.061354 -0.007353 0.001090 0.727617 -0.685943 
1710052641.000762 2.713878 1.734359 -0.059928 -0.007499 0.000736 0.727130 -0.686458 
1710052641.101910 2.712750 1.732472 -0.058724 -0.007572 0.000373 0.727366 -0.686208 
1710052641.202536 2.715267 1.730675 -0.059007 -0.007033 0.000076 0.727807 -0.685746 
1710052641.303390 2.710562 1.734313 -0.056453 -0.007363 -0.000596 0.728008 -0.685529 
1710052641.404402 2.711938 1.735899 -0.052288 -0.007711 -0.000951 0.728196 -0.685325 
1710052641.505030 2.712621 1.735158 -0.052768 -0.007411 -0.000893 0.727849 -0.685697 
1710052641.605939 2.713208 1.736212 -0.056220 -0.007663 -0.000507 0.728444 -0.685063 
1710052641.707716 2.711106 1.733380 -0.058880 -0.007012 -0.000092 0.728499 -0.685011 
1710052641.807765 2.709437 1.729930 -0.060005 -0.006511 -0.000214 0.728038 -0.685506 
1710052641.908482 2.713635 1.728949 -0.059561 -0.006974 -0.000310 0.727742 -0.685816 
1710052642.009538 2.707570 1.729123 -0.061432 -0.006720 -0.000117 0.727805 -0.685751 
1710052642.110558 2.710262 1.730259 -0.060996 -0.006827 -0.000401 0.727719 -0.685842 
1710052642.211129 2.712199 1.731951 -0.063785 -0.006715 0.000054 0.727900 -0.685650 
1710052642.312685 2.710929 1.735260 -0.063775 -0.006586 -0.000128 0.727928 -0.685622 
1710052642.412882 2.709626 1.732693 -0.062682 -0.006963 -0.000286 0.727814 -0.685739 
1710052642.513703 2.711293 1.730461 -0.060626 -0.006675 -0.000602 0.727575 -0.685995 
1710052642.614882 2.712445 1.732290 -0.060854 -0.006908 -0.000345 0.728187 -0.685343 
1710052642.715388 2.709188 1.731449 -0.063064 -0.006581 -0.000515 0.727935 -0.685614 
1710052642.816201 2.705658 1.730709 -0.064081 -0.006458 -0.000337 0.728312 -0.685216 
1710052642.917037 2.706455 1.730972 -0.063984 -0.006297 -0.000152 0.727927 -0.685626 
1710052643.017899 2.709262 1.733646 -0.064873 -0.006502 -0.000367 0.728317 -0.685210 
1710052643.118796 2.709046 1.737113 -0.064237 -0.006468 -0.000464 0.728319 -0.685207 
1710052643.219685 2.715026 1.732731 -0.064544 -0.006718 -0.000440 0.728263 -0.685264 
1710052643.321454 2.714075 1.732354 -0.063698 -0.006223 -0.000478 0.728240 -0.685294 
1710052643.421346 2.713154 1.730204 -0.063480 -0.006576 -0.000367 0.727828 -0.685728 
1710052643.522304 2.708288 1.732005 -0.061705 -0.006554 -0.000568 0.728025 -0.685519 
1710052643.623050 2.706145 1.729125 -0.059456 -0.007040 -0.000775 0.727790 -0.685763 
1710052643.724264 2.709740 1.729328 -0.060041 -0.006532 -0.001265 0.728058 -0.685483 
1710052643.832047 2.712196 1.730470 -0.057291 -0.006697 -0.001309 0.727743 -0.685816 
1710052643.925738 2.712102 1.731514 -0.059086 -0.006862 -0.000448 0.728120 -0.685415 
1710052644.026591 2.713087 1.732563 -0.058163 -0.006683 -0.000950 0.728248 -0.685280 
1710052644.127607 2.713424 1.732964 -0.059286 -0.006368 -0.000923 0.727645 -0.685924 
1710052644.232282 2.708080 1.732179 -0.060304 -0.007194 -0.000850 0.727621 -0.685942 
1710052644.330069 2.708669 1.733709 -0.058898 -0.006978 -0.000645 0.727740 -0.685818 
1710052644.430216 2.710507 1.733200 -0.060295 -0.006469 -0.000573 0.727983 -0.685564 
1710052644.530780 2.709346 1.734138 -0.061548 -0.006531 -0.000580 0.728257 -0.685273 
1710052644.631712 2.713464 1.731612 -0.060798 -0.006973 -0.000525 0.727988 -0.685555 
1710052644.732505 2.709372 1.728624 -0.062803 -0.006768 -0.000492 0.727721 -0.685839 
1710052644.836256 2.708895 1.728082 -0.061870 -0.006511 -0.000042 0.727689 -0.685876 
1710052644.934232 2.708366 1.726155 -0.063275 -0.006848 -0.000340 0.727768 -0.685789 
1710052645.035100 2.710058 1.728177 -0.064613 -0.006109 -0.000648 0.728310 -0.685220 
1710052645.135952 2.709843 1.729615 -0.062396 -0.006923 -0.000638 0.728269 -0.685256 
